word,sentence,answer,user_language,definition_fr,etymology,tense
abandonner,Elles _____ leurs vieux vêtements à la charité.,abandonnent,abandonner,"Laisser quelque chose ou quelqu'un, s'en éloigner ou cesser de s'en occuper. Renoncer à quelque chose.","Du latin ad + bannum (interdiction, bannissement), par l'ancien français abandoner.",présent
abri,"Pendant l'orage, les enfants ont trouvé un _____ sous les arbres.",abri,abri,Un lieu qui protège des intempéries ou du danger. C'est un endroit où on peut se réfugier.,"De l'ancien français ""abrier"", du bas latin *apricare signifiant ""protéger, mettre à l'abri"".",passé composé
abruti,"Après avoir regardé la télévision pendant dix heures, mon frère était complètement _____.",abruti,abruti,"Abruti signifie rendu stupide ou hébété, généralement par la fatigue, l'alcool ou l'excès de stimulation. C'est un état d'abrutissement où la personne ne peut plus penser clairement.","Du verbe abrutir, dérivé de brut avec le préfixe a-, signifiant littéralement « rendre brut » ou « rendre stupide ».",imparfait
absence,L'_____ de mon professeur hier a surpris toute la classe.,absence,absence,Le fait de ne pas être présent à un endroit où on devrait être. C'est l'état de quelqu'un qui n'est pas là.,"Du latin absentia, dérivé de abesse (être absent), composé de ab- (loin de) et esse (être).",passé composé
absolument,Tu dois _____ terminer tes devoirs avant de sortir ce soir.,absolument,absolument,"Adverbe signifiant de manière certaine, sans aucun doute, ou de façon complète et totale. Il exprime une certitude ou une obligation incontestable.","Du latin absolutus, participe passé d'absolvere (délier, achever), composé de ab- (loin de) et solvere (délier, résoudre).",présent
accepter,Marie _____ l'invitation à la fête de son amie.,accepte,accepter,Consentir à recevoir quelque chose ou à faire quelque chose qu'on nous propose. Dire oui à une demande ou une offre.,"Du latin acceptare, fréquentatif d'accipere (recevoir), composé de ad- (à) et capere (prendre).",présent
accident,"Hier soir, il y a eu un _____ grave sur l'autoroute.",accident,accident,Un événement soudain et involontaire qui cause des dommages ou des blessures. C'est un fait non prévu qui survient de manière inopinée.,"Du latin accidere (advenir, arriver), composé de ad- (à) et cadere (tomber, survenir).",passé composé
accompagner,Ma mère _____ mon frère à l'aéroport demain matin.,va accompagner,accompagner,Aller avec quelqu'un pour le soutenir ou partager son trajet. Faire une action en même temps qu'une autre personne.,"Du latin « ad » (à, vers) et « companio » (compagnon), littéralement « aller avec ».",futur proche
accusation,L'avocat a rejeté les _____ contre son client.,accusations,accusation,Action d'accuser quelqu'un d'avoir commis une faute ou un crime ; déclaration portant cette imputation. C'est l'acte de reprocher à quelqu'un une action répréhensible.,"Du latin accusatio, dérivé du verbe accusare (accuser), composé de ad- (vers) et causa (cause, procès).",passé composé
accuser,Elle _____ son collègue d'avoir volé le projet.,va accuser,accuser,"Déclarer que quelqu'un est responsable d'une faute, d'un crime ou d'une action répréhensible. Imputer quelque chose à quelqu'un.","Du latin accusare, composé de ad- (à) et causari (causer, exposer les raisons), lui-même dérivé de causa (cause, raison).",futur proche
accès,Les étudiants ont besoin d'un _____ à la bibliothèque pour emprunter des livres.,accès,accès,La possibilité d'entrer ou d'utiliser quelque chose. C'est le droit ou la facilité d'atteindre un lieu ou une ressource.,"Du latin « accessus », participe passé du verbe « accedere » (s'approcher de, aller vers).",présent
acheter,Ma mère _____ des légumes frais au marché chaque samedi.,achète,acheter,Acquérir quelque chose en échange d'argent. C'est l'action de se procurer un bien ou un service auprès d'un vendeur.,"Du latin vulgaire *accaptare, dérivé de ad + captare (saisir, essayer de prendre).",présent
acte,L'avocat a présenté un _____ important devant le tribunal hier.,acte,acte,Un acte est un document officiel ou légal qui constate un fait juridique. C'est aussi une action ou une deed accomplie par une personne.,"Du latin actus, participe passé d'agere (faire, agir).",passé composé
acteur,Mon frère est _____ dans plusieurs films de science-fiction.,acteur,acteur,"Personne qui joue un rôle dans une pièce de théâtre, un film ou une série télévisée. C'est un professionnel du spectacle qui interprète des personnages.","Du latin ""actor"" (celui qui agit), dérivé de ""agere"" (agir).",présent
action,Les employés ont lancé une _____ pour améliorer les conditions de travail.,action,action,"Une action est un acte, une chose faite ou à faire pour atteindre un objectif. C'est aussi une part d'une société commerciale ou une valeur mobilière.","Du latin actio, dérivé de agere (faire, agir).",passé composé
adieu,Marie a dit _____ à ses amis avant de partir pour l'Amérique.,adieu,adieu,"Formule de politesse pour se séparer de quelqu'un, généralement de façon définitive ou pour longtemps. C'est un souhait de bonne fortune en se quittant.","Du latin « ad Deum » (vers Dieu), souhaite que Dieu accompagne la personne qui part.",passé composé
admettre,Je _____ que j'ai commis une erreur dans mon devoir.,admets,admettre,"Reconnaître quelque chose comme vrai ou exact, souvent avec une certaine réticence. Accepter ou permettre l'entrée de quelqu'un ou quelque chose.","Du latin admittere, composé de ad- (à) et mittere (envoyer, laisser aller).",présent
adorable,Les chatons de ma voisine sont vraiment _____.,adorables,adorable,"Qui inspire de l'affection, de la tendresse ou de l'admiration par son charme. Qui est extrêmement mignon ou attachant.","De l'ancien français ""adorable"", du latin ""adorabilis"", de ""adorare"" (adorer).",présent
adorer,Les enfants _____ jouer dans le parc après l'école.,adorent,adorer,Aimer beaucoup quelque chose ou quelqu'un avec passion. C'est éprouver un amour intense et sincère pour une personne ou une activité.,"Du latin ""adorare"", signifiant « s'adresser à, prier », de ""ad-"" (à) et ""orare"" (parler, prier).",présent
adresse,Elle va noter la _____ de son ami sur un papier.,adresse,adresse,"L'adresse est le lieu où habite une personne, généralement composé du numéro de rue, du nom de la rue, du code postal et de la ville.","Du latin médiéval 'adresse', dérivé du verbe 'adresser' signifiant 'diriger vers'.",futur proche
adulte,Mon père est devenu _____ à l'âge de vingt ans.,adulte,adulte,Une personne qui a atteint l'âge légal de majorité et qui a terminé sa croissance physique. C'est un individu responsable et autonome capable de prendre des décisions importantes.,"Du latin ""adulatus"", participe passé d'""adolescere"" (croître, grandir), formé de ""ad-"" (vers) et ""olescere"" (grandir).",passé composé
affaire,Marie doit régler cette _____ importante avant la fin de la semaine.,affaire,affaire,"Une affaire est une situation, une question ou une entreprise commerciale qui nécessite attention. C'est aussi un ensemble d'objets ou de faits relatifs à une même situation.","Du latin « ad facere » (à faire), passé par l'ancien français « afaire ».",présent
affreux,"Ce film était vraiment _____, je n'ai pas aimé du tout.",affreux,affreux,"Qui est extrêmement désagréable, horrible ou de très mauvaise qualité. Qui inspire une grande répugnance ou une forte aversion.","Du latin 'affricosus', dérivé de 'affricare' (frotter contre), avec influence du latin 'afferrare' (saisir). Le sens de 'horrible' s'est développé au Moyen Âge.",imparfait
affronter,Les deux athlètes _____ dans la finale de demain.,vont s'affronter,affronter,Faire face à quelqu'un ou à quelque chose avec courage ou audace. Rencontrer un adversaire ou un défi de manière directe.,"Du latin affrontare, composé de ad (à) et de frons (front), signifiant littéralement « aller au-devant de ».",futur proche
afin,Elle va à la bibliothèque _____ de trouver un livre sur l'histoire.,afin,afin,Conjonction exprimant le but ou l'intention d'une action. Elle introduit une proposition subordonnée de but.,"Du latin « ad finem » (vers la fin), composé de « ad » (à, vers) et « finem » (la fin, l'objectif).",futur proche
agence,Ma mère travaille dans une _____ de voyages depuis trois ans.,agence,agence,"Une agence est une entreprise ou un bureau qui fournit des services spécialisés, comme les agences de voyages, les agences immobilières ou les agences de publicité.","Du latin « agentia », dérivé de « agere » (agir, faire).",présent
agent,L'_____ de police a arrêté le suspect hier soir.,agent,agent,"Personne qui agit pour le compte d'une autorité ou d'une organisation. Dans ce contexte, c'est un fonctionnaire de la police chargé de maintenir l'ordre public.","Du latin 'agens', participe présent d'agere (agir).",passé composé
agir,Les militants _____ pour défendre l'environnement lors de la manifestation hier.,ont agi,agir,"Faire quelque chose, prendre une action ou une initiative pour accomplir un objectif. C'est le verbe qui exprime l'action concrète ou la réaction face à une situation.","Du latin agere (conduire, mener, faire), qui vient de la racine indo-européenne *ag- (conduire, mener).",passé composé
agréable,Cette promenade en montagne était vraiment _____.,agréable,agréable,"Qui plaît, qui cause du plaisir ou de la satisfaction. Qui est doux et plaisant aux sens ou à l'esprit.","De l'ancien français ""agréable"", du latin ""ad-"" et ""gratus"" (plaisant, reconnaissant).",imparfait
aide,Ma sœur a besoin de mon _____ pour ses devoirs.,aide,aide,"Nom féminin désignant le soutien, l’assistance apportée à quelqu’un.","Du verbe aider, issu du latin adjutare (aider, secourir).",présent
aider,Ma mère _____ ma sœur à faire ses devoirs ce soir.,va aider,aider,Fournir une assistance ou un soutien à quelqu'un pour accomplir une tâche. Contribuer à la réussite ou au bien-être d'une personne.,"Du latin adjutare, fréquentatif d'adjuvare (aider, soutenir).",futur proche
ailleurs,"Ma sœur habite à Paris, mais moi, je préfère vivre _____.",ailleurs,ailleurs,"En un autre lieu, dans un endroit différent. C'est un adverbe de lieu qui indique une localisation autre que celle mentionnée.","Du latin 'aliorsum' (vers un autre endroit), formé de 'alius' (autre) et du suffixe '-orsum'.",présent
aimer,Ma sœur _____ les films d'action depuis son enfance.,aime,aimer,Éprouver de l'affection ou de la tendresse pour quelqu'un ou quelque chose. Avoir du plaisir ou de la préférence pour une activité ou un objet.,"Du latin amāre, de racine indo-européenne *h₂em- (signifiant « embrasser » ou « aimer »).",présent
ainsi,Les étudiants ont étudié dur et _____ ont réussi leur examen.,ainsi,ainsi,Adverbe qui signifie « de cette manière » ou « par conséquent ». Il permet de lier deux idées ou de montrer une conséquence.,"Formé de « à » + « ainsi » (ancien français « en si »), du latin « in sic ».",passé composé
air,Le musicien a joué un _____ mélancolique ce soir.,air,air,Une air est une mélodie ou un tune. C'est une suite de notes musicales formant une composition musicale ou une chanson.,"De l'italien aria, qui vient du latin aer (air, atmosphère). Une racine différente du verbe chanter.",passé composé
ajouter,Elle _____ du sel à la soupe pour améliorer le goût.,ajoute,ajouter,"Mettre quelque chose en plus d'une autre chose, généralement pour compléter ou améliorer. C'est l'action d'ajouter un ingrédient ou un élément à un ensemble existant.","Du latin ad- (vers) + iactāre (jeter), littéralement « jeter vers ».",présent
alarme,"Quand le détecteur de fumée a sonné, les enfants ont eu très peur à cause de cette _____.",alarme,alarme,Un signal ou un bruit destiné à avertir d'un danger imminent. C'est aussi un sentiment de crainte soudaine face à une menace.,"Du latin « alarm » (all'arme, littéralement « aux armes »), emprunté à l'italien « all'arme ».",passé composé
alcool,Mon ami ne boit jamais d'_____ lors des fêtes.,alcool,alcool,"Substance liquide produite par fermentation, contenant de l'éthanol et pouvant intoxiquer. On la trouve dans les boissons comme le vin, la bière et les spiritueux.","Du français alcool, emprunté à l'arabe al-kuḥl (الكحول), qui désignait initialement une poudre fine utilisée comme cosmétique. Le terme a évolué pour désigner l'alcool éthylique.",présent
alerte,Les pompiers _____ les habitants du danger immédiat.,ont alerté,alerte,Informer quelqu'un rapidement d'un danger ou d'une situation urgente. Le verbe alerte signifie avertir ou mettre en garde.,"Du latin médiéval 'alerta', issu de l'italien 'all'erta' (à la hauteur, sur ses gardes), composé de 'a' (à) et 'l'erta' (la hauteur, du latin 'erecta').",passé composé
alliance,Les deux pays ont signé une _____ pour renforcer leur coopération économique.,alliance,alliance,"Un accord entre deux ou plusieurs parties pour agir ensemble dans un intérêt commun. C'est une association ou une union formelle entre des états, des organisations ou des personnes.","Du latin « alligantia », dérivé de « alligare » (lier à), composé de « ad- » (à) et « ligare » (lier).",passé composé
allier,"Pour réussir ce projet, nous devons _____ nos compétences avec celles de notre équipe.",allier,allier,Combiner ou réunir deux ou plusieurs choses ensemble pour former un ensemble cohérent. Joindre des éléments différents dans un but commun.,"Du latin alligare (lier à), composé de ad- (à) et ligare (lier).",présent
allée,Nous nous sommes promenés dans une belle _____ bordée d'arbres.,allée,allée,"Une allée est un passage ou une voie étroite, souvent bordée d'arbres ou de maisons. C'est un chemin dans un parc ou une rue dans une ville.","Du verbe aller, car c'est le lieu où l'on va ou se promène.",passé composé
ambulance,"L'accident était grave, donc nous avons appelé une _____ immédiatement.",ambulance,ambulance,Un véhicule équipé pour transporter les personnes malades ou blessées vers un hôpital. L'ambulance est conduite par des professionnels de la santé qualifiés.,"Du latin « ambulare » (marcher, se déplacer), formé avec le suffixe « -ance » pour désigner un véhicule de transport.",passé composé
amener,"Demain, je _____ mon ami à la gare pour prendre le train.",vais amener,amener,Conduire ou accompagner une personne d'un lieu à un autre. Transporter quelque chose ou quelqu'un vers un endroit.,"Du latin « adminare », composé de « ad- » (vers) et « minare » (conduire).",futur proche
ami,Mon meilleur _____ habite à Paris et nous nous voyons chaque semaine.,ami,ami,Une personne avec laquelle on entretient une relation de confiance et d'affection mutuelle. C'est quelqu'un qu'on aime bien et avec qui on partage du temps et des expériences.,"Du latin amicus, dérivé de amare (aimer).",présent
amie,Ma _____ est venue me rendre visite hier après-midi.,amie,amie,"Une amie est une personne avec laquelle on a une relation d'amitié, une femme que l'on aime bien et avec qui on partage une affinité. C'est le féminin du mot ami.","Du latin amīca, féminin de amīcus (ami), dérivé de amāre (aimer).",passé composé
amitié,Ma _____ avec Sophie a commencé à l'école primaire.,amitié,amitié,Sentiment d'affection et de confiance entre deux personnes. C'est une relation basée sur l'estime mutuelle et le partage d'intérêts communs.,"Du latin amicitia, dérivé de amicus (ami)",passé composé
amour,"Mon grand-mère parle souvent de son _____ pour mon grand-père, même après cinquante ans de mariage.",amour,amour,"Sentiment profond d'affection et d'attachement envers une personne ou une chose. C'est une émotion caractérisée par le dévouement, la tendresse et le désir du bien-être de l'autre.","Du latin amor, dérivé du verbe amare (aimer).",présent
amoureux,Ma sœur est _____ de son professeur depuis trois ans.,amoureuse,amoureux,Qui ressent de l'amour pour quelqu'un; qui éprouve une affection romantique. L'adjectif s'accorde en genre et en nombre avec le sujet.,"Du latin 'amorosus', dérivé de 'amor' (amour).",présent
amusant,Les enfants trouvent ce film vraiment _____.,amusant,amusant,Qui provoque du rire ou de la joie; qui divertit et fait passer un bon moment. C'est un adjectif qui décrit quelque chose de plaisant et divertissant.,"Du verbe « amuser » (XVIe siècle), lui-même dérivé de « muse » avec le préfixe « a- », signifiant étymologiquement « détourner l'attention de ».",présent
amuser,Les enfants _____ au parc cet après-midi.,vont s'amuser,amuser,"Prendre du plaisir, se divertir ou passer un bon moment. C'est un verbe pronominal qui signifie éprouver de la joie ou de l'amusement.","Du latin « admūsāre », formé de « ad- » (vers) et « mūsa » (muse), littéralement « se tourner vers la muse ».",futur proche
américain,Mon ami a acheté une voiture _____.,américaine,américain,Qui appartient aux États-Unis ou qui en est originaire. Adjectif décrivant quelque chose de provenance ou de nature américaine.,"Du français « Amérique » (du nom d'Amerigo Vespucci, explorateur italien), suffixe « -ain »",passé composé
an,Mon petit frère a un _____.,an,an,"Période de douze mois, unité de temps correspondant à une révolution complète de la Terre autour du Soleil. Le mot peut aussi désigner une année scolaire ou une époque particulière.","Du latin 'annus' signifiant année, d'origine indo-européenne.",présent
analyse,Le scientifique a terminé l'_____ des données importantes.,analyse,analyse,"Examen détaillé et méthodique d'un sujet, d'une situation ou de données pour en comprendre les éléments constitutifs. Action de décomposer quelque chose en ses parties pour mieux l'étudier.","Du grec ancien ἀνάλυσις (análusis), signifiant « dissolution, décomposition », dérivé de ἀναλύειν (analúein), « délier, décomposer ».",passé composé
ancien,Mon grand-père travaillait dans une _____ usine textile avant sa retraite.,ancienne,ancien,"Qui existe depuis longtemps, qui appartient au passé. Qualifie quelque chose qui n'est plus nouveau ou qui a cessé d'exister.","Du latin ""antiquus"" (vieux, ancien), dérivé de ""ante"" (avant).",imparfait
ange,Ma grand-mère croit que son petit-fils est un véritable _____.,ange,ange,"Un être surnaturel bienveillant dans les religions monothéistes, souvent représenté avec des ailes. Par extension, une personne très bonne, gentille ou belle.","Du latin angelus, emprunté au grec angelos (ἄγγελος), signifiant « messager ».",présent
anglais,Ma meilleure amie parle couramment l'_____.,anglais,anglais,"Langue parlée au Royaume-Uni, aux États-Unis et dans de nombreux autres pays. C'est une langue germanique largement enseignée comme langue étrangère.","Du moyen français 'anglais', dérivé de 'Angle' (peuple germanique), avec le suffixe '-ais'.",présent
animal,Mon frère a vu un _____ dans la forêt hier.,animal,animal,"Un être vivant qui n'est pas une plante, capable de se mouvoir et de sentir. Les animaux incluent les mammifères, les oiseaux, les poissons et les insectes.","Du latin animalis, dérivé de anima signifiant « âme » ou « souffle vital ».",passé composé
anniversaire,Ma sœur va célébrer son _____ avec tous ses amis samedi prochain.,anniversaire,anniversaire,"Le jour de l'année où une personne est née, que l'on célèbre généralement avec une fête. C'est aussi l'occasion de se réunir avec la famille et les amis pour marquer cet événement important.","Du latin « anniversarius » (qui revient chaque année), composé de « annus » (année) et « versus » (tourné vers).",futur proche
annoncer,Le directeur _____ les résultats de l'examen demain matin.,va annoncer,annoncer,"Faire connaître publiquement une information, un événement ou une décision. C'est communiquer quelque chose de manière officielle ou solennelle.","Du latin « annuntiare », composé de « ad- » (vers) et « nuntiare » (annoncer, rapporter), dérivé de « nuntius » (messager).",futur proche
annuler,Le directeur _____ la réunion de demain à cause de la tempête.,a annulé,annuler,"Annuler signifie déclarer qu'une chose n'aura pas lieu ou n'est plus valide. C'est rendre nul ou sans effet un événement, un contrat ou une décision.","Du latin « annullare », formé de « ad- » (vers) et « nullus » (nul, sans valeur).",passé composé
année,Ma grand-mère a travaillé pendant quarante _____ dans la même entreprise.,années,année,"Période de douze mois, du 1er janvier au 31 décembre, ou plus généralement une durée de 365 ou 366 jours. C'est l'unité de temps qui mesure une rotation complète de la Terre autour du Soleil.","Du latin « annus » (année, cycle annuel)",passé composé
appareil,Mon père utilise un _____ électrique pour se raser chaque matin.,appareil,appareil,Un objet ou un instrument destiné à accomplir une fonction particulière. C'est un ensemble de pièces assemblées pour servir à un usage spécifique.,"Du latin apparātus, participe passé d'apparāre (préparer, arranger), de ad- (à) + parāre (préparer).",présent
apparemment,"Il pleut beaucoup aujourd'hui, _____.",apparemment,apparemment,"Adverbe indiquant que quelque chose semble être vrai selon les apparences, sans certitude absolue. Il exprime une supposition basée sur ce qu'on observe.","Du français apparence (du latin apparentia, de apparere « apparaître »), avec le suffixe adverbial -ment.",présent
appart,Mon frère a trouvé un nouvel _____ près de la gare.,appart,appart,"Un appart est un appartement, c'est-à-dire un logement composé de plusieurs pièces situé dans un immeuble. C'est une abréviation familière du mot appartement.","Abréviation du mot « appartement », qui vient de l'italien « appartamento », dérivé de « appartare » (séparer, diviser).",passé composé
appartement,Ma sœur vient de louer un _____ au centre-ville de Lyon.,appartement,appartement,"Un logement composé de plusieurs pièces situé dans un immeuble, généralement loué ou acheté pour y habiter. C'est un type d'habitation urbaine plus petit qu'une maison individuelle.","De l'ancien français ""apartemant"", de ""apartier"" (séparer), de ""à part"". Le suffixe ""-ment"" indique le résultat d'une action.",futur proche
appartenir,Ces terres _____ à la couronne depuis le Moyen Âge.,appartiennent,appartenir,Être la propriété de quelqu'un ou de quelque chose. Faire partie de un groupe ou une catégorie.,"Du latin appartenere, composé de ad- (à) et partenere (partager, être convenable).",présent
appel,"Demain, je _____ ma mère pour lui dire que je suis malade.",vais appeler,appel,Contacter quelqu'un par téléphone ou crier pour attirer son attention. C'est aussi le fait de donner un nom à quelque chose.,"Du latin appellāre, signifiant « s'adresser à, invoquer ».",futur proche
appeler,Ma mère _____ son amie demain pour lui dire bonjour.,va appeler,appeler,Contacter quelqu'un par téléphone ou crier pour attirer son attention. C'est aussi donner un nom à quelque chose.,"Du latin appellāre, composé de ad- (à) et pellere (pousser), signifiant littéralement « pousser vers ».",futur proche
apporter,"Demain, elle _____ des fleurs à sa mère pour son anniversaire.",va apporter,apporter,Transporter et remettre quelque chose à quelqu'un ou en un lieu. C'est l'action de porter quelque chose vers une destination ou une personne.,"Du latin ""apportare"", composé de ""ad"" (vers) et ""portare"" (porter).",futur proche
apprendre,Ma sœur _____ l'espagnol depuis deux ans.,apprend,apprendre,Acquérir des connaissances ou des compétences par l'étude ou l'expérience. C'est le processus d'assimiler une nouvelle information ou un nouveau savoir-faire.,"Du latin apprehendere, composé de ad- (vers) et prehendere (saisir), signifiant littéralement « saisir vers soi ».",présent
approcher,Les enfants _____ lentement du chien pour ne pas l'effrayer.,s'approchent,approcher,"Se déplacer vers quelque chose ou quelqu'un, se rapprocher.","Du latin appropiare, composé de ad- (vers) et de prope (près).",présent
approcher,Les enfants _____ lentement de la maison pour aller à l'école.,s'approchent,approcher,Se rapprocher de quelque chose ou de quelqu'un en diminuant la distance. C'est l'action de venir près de.,"Du latin appropiare, composé de ad- (vers) et propriare (rendre propre, rapprocher), dérivé de propius (proche).",présent
apprécier,Elle _____ beaucoup la musique classique.,apprécie,apprécier,Avoir une opinion favorable sur quelque chose ou quelqu'un. Reconnaître la valeur ou la qualité de quelque chose.,"Du latin « appretiare », composé de « ad- » (à) et « pretium » (prix, valeur).",présent
après-midi,Nous allons jouer au parc cet _____.,après-midi,après-midi,La partie de la journée qui s'étend du midi jusqu'au coucher du soleil. C'est la période entre le déjeuner et le dîner.,"Du latin ""post meridiem"" (après midi), littéralement ""après le midi"".",futur proche
arbre,Les enfants jouent sous le grand _____ dans le parc.,arbre,arbre,"Plante ligneuse de grande taille, avec un tronc, des branches et des feuilles. L'arbre est un élément important de la nature et de l'environnement.","Du latin arbor, de même sens.",présent
argent,Marie a besoin de _____ pour acheter un nouveau téléphone.,argent,argent,Monnaie ou richesse sous forme de billets et de pièces. C'est un moyen d'échange pour acheter des biens et des services.,"Du latin argentum, signifiant « argent » (métal) et « monnaie ».",présent
arme,Le soldat a pris son _____ avant de partir à la guerre.,arme,arme,Objet ou instrument destiné à attaquer ou à se défendre. Peut aussi signifier le moyen utilisé pour combattre ou lutter contre quelque chose.,"Du latin arma (plural of armus, meaning arms, weapons), related to artus (joint, limb).",passé composé
armée,La _____ française a participé à de nombreuses missions internationales.,armée,armée,Ensemble organisé de militaires équipés pour la défense d'un État. Force armée d'une nation.,"Du latin « armata », participe passé féminin de « armare » (équiper d'armes), dérivé de « arma » (armes).",présent
arranger,Je _____ mon problème avec l'aide de mon ami.,vais arranger,arranger,"Mettre en ordre, résoudre un problème ou une situation difficile. Faire en sorte que quelque chose fonctionne ou s'améliore.","Du latin « ad » (vers) et « ranca » (rang, ordre), formé comme « arranger » signifiant littéralement « mettre en rang ».",futur proche
arrestation,L'_____ du suspect a eu lieu hier matin au commissariat de police.,arrestation,arrestation,"L'acte de capturer et de retenir quelqu'un par l'autorité de la loi, généralement pour des raisons de soupçon d'un crime. C'est l'action de mettre une personne en garde à vue.","Du latin arrestare, composé de ad- (vers) et restare (arrêter, rester), passé par l'ancien français arester.",présent
arriver,Les enfants _____ à l'école à huit heures chaque matin.,arrivent,arriver,"Arriver signifie atteindre une destination, un lieu ou un moment précis. C'est se présenter quelque part après un déplacement.","Du latin ad-ripare, composé de ad- (à) et ripare (atteindre le rivage), littéralement « venir au rivage ».",présent
arrivée,Nous avons attendu l'_____ du train pendant deux heures à la gare.,arrivée,arrivée,"Le moment ou l'action de venir, d'arriver à une destination. C'est aussi le lieu ou l'instant où quelqu'un ou quelque chose arrive.","Du verbe arriver, du latin ad + ripam (à + rive), littéralement 'venir à la rive'.",passé composé
arrière,Les enfants jouent dans la cour _____ de la maison.,arrière,arrière,"La cour arrière est l'espace situé à l'arrière d'une maison, derrière le bâtiment principal. C'est un terme qui désigne la partie postérieure d'une propriété.","Du latin 'ad retro' (vers l'arrière), formé de 'ad' (vers) et 'retro' (en arrière).",présent
arrêt,Le bus fait un _____ à chaque station pour laisser descendre les passagers.,arrêt,arrêt,"Un arrêt est une pause ou une interruption d'une activité, notamment l'endroit où un véhicule s'immobilise temporairement. C'est aussi le moment où quelque chose cesse de fonctionner.","Du verbe « arrêter », issu du latin « ad » (vers) et « restare » (rester), signifiant littéralement « rester vers ».",présent
arrêter,Les policiers _____ le criminel à la gare centrale.,vont arrêter,arrêter,"Retenir quelqu'un par l'autorité, généralement la police. Cesser une action ou un mouvement.","De l'ancien français ""arester"", du bas latin ""arrestare"" (ad- + restare 'rester'), influencé par le latin ""restare"".",futur proche
arrêter,La police _____ le suspect devant sa maison.,a arrêté,arrêter,"Appréhender quelqu'un, le retenir par la force de la loi. C'est aussi l'action de cesser une activité ou un mouvement.","De l'ancien français ""arester"", du bas latin ""arrestare"" (ad- + restare 'rester'), influencé par le latin ""restare"".",passé composé
art,Ma sœur étudie l'_____ à l'université depuis deux ans.,art,art,"L'art est l'expression créative humaine à travers diverses formes comme la peinture, la sculpture, la musique ou la littérature. C'est une activité ou un ensemble de productions qui reflètent l'imagination et la sensibilité de l'artiste.","Du latin ars, artis, signifiant « habileté, technique, art ».",présent
article,J'ai lu un _____ intéressant dans le journal ce matin.,article,article,"Un texte court publié dans un journal, un magazine ou sur internet traitant d'un sujet particulier. C'est une partie d'une publication périodique ou d'un site web.","Du latin articulus, diminutif de artus (membre, jointure), signifiant littéralement « petite jointure ».",passé composé
artiste,Ma mère est _____ et elle peint des tableaux magnifiques.,artiste,artiste,"Une personne qui crée des œuvres d'art, comme la peinture, la sculpture, la musique ou la danse. L'artiste exprime sa créativité et ses émotions à travers son art.","De l'italien ""artista"", du latin ""ars"" (art) + le suffixe d'agent ""-ista"".",présent
avoir,Tu _____ beaucoup de courage pour affronter cette situation difficile.,as,avoir,Le verbe avoir exprime la possession ou l'état d'une personne ou d'une chose. C'est un verbe auxiliaire essentiel en français.,"From Old French avoir, from Latin habēre (to have, to hold)",présent
ascenseur,Nous prenons _____ pour monter au troisième étage du bâtiment.,l'ascenseur,ascenseur,Appareil mécanique qui permet de monter ou de descendre entre les différents étages d'un immeuble. C'est une cabine qui se déplace verticalement dans une cage.,"Du latin tardif ascensus, participe passé d'ascendere (monter), formé de ad- (vers) et scandere (grimper).",présent
assassin,Le police a arrêté l'_____ qui avait volé les bijoux du musée.,assassin,assassin,"Personne qui commet un meurtre, qui tue quelqu'un intentionnellement. Le terme peut aussi désigner une personne dangereuse ou criminelle.","Du latin tardif assassinus, emprunté à l'arabe حشاشين (ḥašāšīn), désignant historiquement les Assassins, secte ismaélienne médiévale.",passé composé
assassiner,Le président _____ ses adversaires politiques pour garder le pouvoir.,a assassiné,assassiner,"Tuer quelqu'un de manière prémédité, généralement pour des raisons politiques ou personnelles. C'est un crime grave.","Du latin 'assassinare', dérivé de l'arabe 'hassassin' (les Assassins, secte musulmane du Moyen Âge).",passé composé
asseoir,"Le matin, je _____ sur le canapé pour boire mon café.",m'assieds,asseoir,"Prendre une position assise, se mettre sur un siège. C'est un verbe pronominal qui signifie occuper une place en position assise.","Du latin 'assidere' (ad- 'à' + sedere 'être assis'), formé avec le préfixe 'ad-' et la racine 'sed-' signifiant 'siéger'.",présent
asseyez,Vous _____ sur les chaises près de la fenêtre pendant la réunion.,vous vous asseyez,asseyez,"Le verbe asseyez est la deuxième personne du pluriel du verbe s'asseoir, qui signifie prendre place sur un siège. C'est une action courante qui consiste à passer de la position debout à la position assise.","Du latin populaire *assedere, composé de ad- (à) et sedere (être assis).",présent
assez,Elle a mangé _____ de gâteau hier soir.,assez,assez,"En quantité suffisante; ni trop ni trop peu. Adverbe qui modifie un verbe, un adjectif ou un autre adverbe pour indiquer une mesure adéquate.","Du latin ad satis (littéralement « à satisfaction »), composé de ad (à) et satis (assez, suffisamment).",passé composé
assied,Elle _____ sur le banc du parc chaque matin.,s'assied,assied,Le verbe asseoir signifie mettre une personne en position assise. S'asseoir est la forme pronominale qui indique que le sujet se met lui-même en position assise.,"Du latin 'assidere', composé de 'ad-' (à) et 'sedere' (être assis).",présent
assise,Elle était _____ sur le banc du parc quand je suis arrivé(e).,assise,assise,"Adjectif signifiant en position assise, ayant pris place sur un siège. État de celui ou celle qui s'est assis.","Du participe passé du verbe latin 'assidere' (s'asseoir), composé de 'ad-' (à) et 'sedere' (être assis).",imparfait
assistant,L'_____ du professeur nous aide à comprendre les mathématiques difficiles.,assistant,assistant,Personne qui aide ou seconde quelqu'un dans son travail ou ses fonctions. C'est un collaborateur qui fournit un soutien ou une aide pratique.,"Du latin 'assistens', participe présent d'assistere (être debout auprès de, aider), composé de 'ad-' (vers) et 'sistere' (placer, tenir debout).",présent
associer,Les deux entreprises _____ leurs efforts pour réussir ce projet commun.,vont associer,associer,"Réunir ou combiner plusieurs éléments, personnes ou forces pour un but commun. Mettre ensemble pour former une unité ou une collaboration.","Du latin associare, composé de ad- (vers) et socius (compagnon, allié).",futur proche
assurance,Ma mère a souscrit une _____ automobile pour sa nouvelle voiture.,assurance,assurance,Contrat par lequel une personne ou une entreprise s'engage à indemniser une autre en cas de sinistre ou de dommage. C'est une protection financière contre les risques.,"Du latin « assecurare » (assurer), composé de « ad- » (à) et « securare » (rendre sûr), dérivé de « securus » (sûr, sans souci).",passé composé
assurer,L'entreprise _____ que tous les clients reçoivent leurs commandes à temps.,va assurer,assurer,Garantir ou affirmer avec certitude qu'une chose se fera ou est vraie. S'engager à faire en sorte que quelque chose soit certain.,"Du latin « assecurare », composé de « ad- » (vers) et « securare » (rendre sûr), dérivé de « securus » (sans souci, sûr).",futur proche
attaque,L'_____ a commencé à l'aube pendant la bataille.,attaque,attaque,Action d'agresser quelqu'un ou quelque chose avec intention de causer du mal ou de prendre possession. C'est une action militaire ou violente dirigée contre un adversaire.,"Du latin « attaccare », signifiant « fixer à » ou « mettre en contact avec ». Le mot est passé par l'italien « attaccare » avant d'être adopté en français.",passé composé
attaquer,Les pirates _____ le navire marchand demain matin.,vont attaquer,attaquer,Engager un combat contre quelqu'un ou quelque chose avec intention d'infliger du mal ou de prendre d'assaut. C'est faire une agression physique ou verbale contre une personne ou un objet.,"Du moyen français atacquer, emprunté à l'ancien italien attaccare (attacher, engager le combat). L'italien vient d'une racine germanique (francique) *stakōn (poteau, pieu), littéralement « attacher à un pieu ».",futur proche
atteindre,Les athlètes _____ le sommet de la montagne après plusieurs heures de marche.,ont atteint,atteindre,"Arriver à un endroit, une destination ou un objectif après un effort ou un trajet. Parvenir à accomplir quelque chose.","Du latin attingere, composé de ad- (à) et tangere (toucher).",passé composé
attendre,Elle _____ son ami à la gare depuis une heure.,attend,attendre,Rester dans un lieu en espérant l'arrivée de quelqu'un ou quelque chose. C'est un verbe qui exprime l'action de patienter.,"Latin attendere (ad- + tendere), composé de ad (vers) et tendere (tendre, diriger).",présent
attente,"Après avoir attendu une heure, elle va finir son _____.",attente,attente,L'action d'attendre quelqu'un ou quelque chose ; le temps pendant lequel on attend. C'est aussi l'état de celui qui espère ou qui attend un événement.,"Du latin « attendere » (ad- + tendere, « tendre vers »), signifiant « faire attention à » ou « attendre ».",futur proche
attention,Les enfants vont faire _____ en traversant la rue.,attention,attention,État de vigilance et de concentration dirigée vers quelque chose. Soin particulier apporté à une action ou à une personne.,"Du latin attendere (« tendre vers »), composé de ad- (« vers ») et tendere (« tendre »).",futur proche
attirer,Les nouvelles couleurs de ce produit _____ beaucoup de clients.,vont attirer,attirer,Faire venir quelqu'un ou quelque chose vers soi par une force physique ou morale. Susciter l'intérêt ou la curiosité de quelqu'un.,Du latin attirare (ad- « vers » + tirare « tirer »),futur proche
attitude,Son _____ envers ses collègues était très négative.,attitude,attitude,"Manière de se tenir, de se comporter ou de penser face à quelque chose ou quelqu'un. C'est l'expression physique et morale de la disposition d'une personne.","Du latin « aptitudo » signifiant « disposition, aptitude », dérivé de « aptus » (« apte, convenable »).",imparfait
attrape,Ma fille _____ toujours les papillons dans le jardin avec son filet.,attrape,attrape,"Attrape signifie saisir ou capturer quelque chose ou quelqu'un, généralement rapidement. C'est l'action de prendre quelque chose qui bouge ou qui essaie d'échapper.","Du latin *ad* (à) + *trappa* (trappe, piège), formé par le verbe latin *trapare* signifiant « attraper ».",présent
attraper,Les enfants _____ le ballon dans la cour de récréation.,attrapent,attraper,Saisir quelque chose ou quelqu'un rapidement avec la main. C'est aussi prendre quelqu'un qui essaie de s'échapper.,"Du préfixe à- (ad-) et du verbe trapper (frapper), lui-même d'origine germanique.",présent
au-delà,Les ambitions de cette entreprise _____ les frontières nationales.,vont au-delà,au-delà,"Au-delà est une locution prépositive qui signifie « de l'autre côté de » ou « plus loin que ». Elle indique un dépassement spatial, temporel ou figuré d'une limite.","Composé de « au » (contraction de « à le ») et de « delà » (du latin « de illac », signifiant « de là-bas »).",futur proche
au-dessus,L'avion vole _____ les nuages.,au-dessus,au-dessus,"Au-dessus signifie à une position plus haute que quelque chose d'autre, dans l'espace vertical. C'est une préposition qui indique la localisation supérieure d'un objet par rapport à un autre.","Du latin de supra, composé de de (de) et supra (dessus, au-dessus).",présent
aucun,Je n'ai _____ raison dans cette discussion avec mes amis.,aucune,aucun,Aucun est un adjectif ou un pronom négatif qui signifie « pas un seul » ou « zéro ». Il s'utilise pour exprimer une négation totale.,"Du latin « aliquum unum » (« quelque un »), qui s'est transformé en ancien français « aucun » avec un sens de négation.",présent
audience,Le président va donner une _____ importante devant les journalistes demain.,audience,audience,"Une audience est une entrevue officielle accordée par une personne de haut rang, ou une séance publique devant un tribunal où des personnes peuvent être entendues.","Du latin « audientia », dérivé de « audire » (entendre).",futur proche
aujourd'hui,Je dois finir mes devoirs _____.,aujourd'hui,aujourd'hui,"Le jour présent, le jour actuel dans lequel on se trouve. C'est l'adverbe de temps qui désigne le jour courant.","Du latin « ad » (à) + « hoc die » (ce jour), contracté en « au jour d'hui ».",présent
auparavant,"Elle a étudié le français _____, avant de partir vivre en Italie.",auparavant,auparavant,"Adverbe signifiant « avant, antérieurement ». Il indique qu'une action s'est produite à un moment antérieur à celui dont on parle.","Du latin « ab ante » (de avant), contraction de « au par avant ».",passé composé
auprès,Ma grand-mère est très respectée _____ de tous ses voisins.,auprès,auprès,"Auprès signifie « à proximité de » ou « en compagnie de », et peut aussi exprimer « dans l'estime de » ou « aux yeux de ». C'est une préposition qui indique la proximité physique, temporelle ou relationnelle.","Du latin « apud prope » (près de, à côté de), combinaison de « apud » (chez, auprès) et « prope » (près).",présent
avoir,Elle _____ une réunion importante avec son patron demain.,va avoir,avoir,Verbe avoir à la troisième personne du singulier au futur simple. Indique la possession ou l'existence de quelque chose dans le futur.,"Du latin habere, signifiant 'tenir, posséder'.",futur proche
aurai,"Demain, je _____ beaucoup de travail à faire pour terminer ce projet.",aurai,aurai,"Forme du futur simple du verbe avoir, première personne du singulier. Exprime une action ou un état qui aura lieu dans l'avenir.","Du latin habere (posséder, tenir), avec évolution phonétique à travers le latin vulgaire et l'ancien français.",futur proche
autant,Elle a _____ de patience que son frère pour attendre les résultats.,autant,autant,"Adverbe de quantité exprimant l'égalité : la même quantité, le même degré. Elle s'utilise souvent dans les comparaisons avec « que ».","Du latin « ad tantum » (à tant, autant), composé de « ad » (à) et « tantum » (tant).",présent
autour,Les enfants courent _____ de l'arbre dans le parc.,autour,autour,Autour est une préposition qui indique la position circulaire ou la proximité d'une chose. Elle signifie « de tous les côtés de » ou « à proximité de ».,"Du latin « altōrum », génitif pluriel de « altus » (haut, élevé), avec l'évolution phonétique du latin tardif.",présent
autrement,"Il faut faire _____, cette méthode ne marche pas.",autrement,autrement,"D'une manière différente, d'une autre façon. Adverbe qui indique une alternative ou une différence dans la manière d'agir ou de penser.","Du latin « alternus » (autre, alternant) avec le suffixe adverbial « -ment ».",présent
avance,Il a une _____ d'une heure sur les autres coureurs.,avance,avance,"Présenter ou proposer quelque chose pour la première fois, soumettre une idée ou une hypothèse. Faire progresser ou mettre en avant une proposition.","Du latin 'abante' (devant), formé de 'ab' (de, loin de) et 'ante' (avant). Le verbe signifiait originalement 'aller en avant'.",présent
avancer,Les travaux de construction _____ rapidement grâce aux nouveaux équipements.,avancent,avancer,"Faire des progrès, progresser vers l'avant ou vers un objectif. Se dit aussi d'un mouvement physique dans une direction donnée.","Du latin *abante (ab- « loin de » + ante « devant »), signifiant « aller en avant ».",présent
avantage,Le joueur a gagné un _____ important en marquant ce but.,avantage,avantage,Un bénéfice ou une supériorité qu'on possède sur quelqu'un d'autre. C'est une situation favorable qui permet d'être avantagé dans une compétition ou une négociation.,"Du latin « ab » (à partir de) et « ante » (avant), formant « abante » qui signifiait « avant, en avant ».",passé composé
avenir,Mon fils pense souvent à son _____ et rêve de devenir ingénieur.,avenir,avenir,"Le temps à venir, ce qui se passera après le présent. C'est la période future que nous attendons ou que nous anticipons.","Du latin « ad venire » (venir à, arriver), formé de « ad » (à) et « venire » (venir).",présent
aventure,Les enfants vont partir en _____ l'été prochain pour découvrir de nouvelles terres.,aventure,aventure,"Une _____ est une entreprise ou une expérience comportant des risques, des difficultés ou de l'imprévu. C'est une situation excitante et souvent dangereuse qu'on vit ou qu'on cherche à vivre.","Du latin « adventura », dérivé du verbe « advenire » (advenir, survenir), formé de « ad- » (à) et « venire » (venir).",futur proche
aveugle,Mon grand-père est devenu _____ après l'accident de voiture.,aveugle,aveugle,"Une personne aveugle est une personne qui ne peut pas voir, qui a perdu la vue ou est née sans la capacité de voir. C'est aussi un adjectif qui décrit l'état de cécité.","Du latin « caecus » (aveugle), passé par le français ancien « aveugle ».",passé composé
avion,"Demain, nous allons prendre un _____ pour aller en vacances.",avion,avion,Un véhicule aérien motorisé capable de voler dans l'atmosphère et de transporter des passagers ou des marchandises. C'est un moyen de transport rapide utilisé pour les longs trajets.,"Dérivé du latin ""avis"" (oiseau) et du suffixe ""-on"". Le mot a été créé au début du XXe siècle lors de l'invention de l'aéronautique.",futur proche
avis,Je vais demander l'_____ de mon professeur avant de soumettre mon essai.,avis,avis,Un avis est une opinion ou un jugement que quelqu'un exprime sur quelque chose. C'est aussi une notification officielle ou un conseil donné par une personne.,"Du latin ""ad visum"" (selon l'apparence), de ""ad"" (à) et ""visum"" (vu, du verbe ""videre"" signifiant voir).",futur proche
avocat,Ma mère va consulter un _____ pour ses problèmes de succession.,avocat,avocat,Un avocat est un professionnel du droit qui représente et conseille ses clients devant les tribunaux ou dans des négociations juridiques. Il exerce une profession libérale réglementée.,"Du latin 'advocatus', participe passé d'advocare (appeler auprès de soi), formé de ad- (vers) et vocare (appeler).",futur proche
avoir,Elle _____ trois frères et deux sœurs dans sa famille.,a,avoir,Posséder quelque chose ou quelqu'un. C'est un verbe très courant qui exprime la possession ou l'existence de quelque chose.,"Du latin habere, signifiant « tenir, posséder ».",présent
avouer,Marie _____ à sa mère qu'elle avait cassé le vase.,a avoué,avouer,"Reconnaître, confesser quelque chose qu'on avait caché ou nié. C'est dire la vérité sur un fait, généralement quelque chose de difficile à admettre.","Du latin 'advocare' (appeler à l'aide, convoquer), qui a évolué en ancien français 'avouer' signifiant 'reconnaître, confesser'.",passé composé
aéroport,Nous _____ demain matin pour prendre notre vol.,allons à l'aéroport,aéroport,"Un aéroport est une infrastructure où les avions décollent et atterrissent, permettant aux passagers d'embarquer et de débarquer. C'est un lieu équipé de pistes, de terminaux et de services pour le transport aérien.","Du grec « aero- » (air) et du français « port », formé sur le modèle du mot « aérodrome ».",futur proche
bagage,Nous avons oublié nos _____ à l'aéroport hier soir.,bagages,bagage,"Ensemble des affaires, valises et objets qu'on transporte en voyageant. Le bagage désigne les effets personnels et les bagages à main ou en soute.","De l'italien « bagaglio », dérivé du verbe « bagiare » (charger), lui-même d'origine germanique.",passé composé
bague,Ma mère porte une _____ en or à son doigt depuis vingt ans.,bague,bague,"Un anneau de métal précieux, souvent orné de pierres, que l'on porte au doigt. C'est un accessoire de joaillerie très populaire, notamment comme symbole de mariage ou de fiançailles.","Du latin « bacca » signifiant « baie » ou « perle », par analogie de forme.",présent
bain,"Après une longue journée de travail, je vais prendre un _____ chaud pour me détendre.",bain,bain,"Immersion du corps dans l'eau, généralement chaude, pour se laver ou se détendre. C'est aussi l'action de se baigner ou le récipient contenant cette eau.","Du latin 'balneum', lui-même emprunté au grec 'balaneion'.",futur proche
baisse,On observe une _____ des températures en hiver.,baisse,baisse,"Diminuer en intensité, en valeur ou en quantité. C'est le contraire de monter ou d'augmenter.","Du latin *bassus (bas), avec l'influence du verbe *batere (battre). Le verbe baisse s'est formé à partir de l'adjectif bas au Moyen Âge.",présent
bal,"Samedi soir, nous allons aller au _____ pour danser avec nos amis.",bal,bal,"Un bal est une fête dansante, généralement organisée dans une salle, où les gens se réunissent pour danser au son de la musique. C'est un événement social festif.","Du latin ballare, signifiant danser.",futur proche
balance,Le bijoutier a utilisé une _____ pour peser l'or.,balance,balance,Instrument pour mesurer le poids d'objets. C'est un appareil utilisé par les commercants et les scientifiques.,"Du latin « balancem » (balance, balancier), lié à l'idée de mouvement de va-et-vient.",passé composé
balle,Les enfants jouent avec une _____ rouge dans le parc.,balle,balle,Objet sphérique utilisé pour jouer ou faire du sport. C'est un jouet classique que les enfants utilisent dans de nombreux jeux.,"Du latin 'palla' (balle, pelote), probablement d'origine étrusque ou celtique.",présent
ballon,Les enfants jouent avec un _____ dans le parc.,ballon,ballon,"Objet sphérique gonflé d'air, utilisé pour jouer ou faire du sport. C'est un équipement courant dans les jeux d'équipe comme le football ou le basketball.","De l'italien ""ballone"", augmentatif de ""balla"" (balle), du latin ""palla"" (balle).",présent
bande,Les enfants jouent avec une _____ de copains dans le parc.,bande,bande,"Un groupe de personnes qui se réunissent ensemble, souvent pour s'amuser ou partager une activité commune. C'est aussi une longue pièce de tissu, de papier ou d'autre matériau.","Du germanique *banda (lien, cordon), passé par le latin médiéval banda.",présent
banque,Ma mère va à la _____ chaque vendredi pour retirer de l'argent.,banque,banque,"Établissement financier où on peut déposer, retirer ou emprunter de l'argent. Institution qui gère les comptes et les services financiers des clients.","Du italien « banca », lui-même du germanique « bank » (banc, comptoir).",futur proche
bar,"Le soir, nous _____ pour prendre un verre avec nos amis.",allons au bar,bar,"Un établissement public où l'on sert des boissons alcoolisées ou non, souvent accompagnées de collations. C'est un lieu de socialisation et de détente.","De l'anglais « bar », lui-même du français ancien « barre » (comptoir en bois).",futur proche
barre,Elle _____ la porte avec une clé chaque matin.,barre,barre,Fermer une porte ou une fenêtre en plaçant une barre ou un verrou. C'est aussi une longue pièce de bois ou de métal utilisée pour bloquer ou renforcer quelque chose.,"Du latin 'barra', d'origine obscure, possiblement celtique.",présent
bas,Les chaussettes de mon frère sont _____.,basses,bas,"Qui est situé à une faible hauteur, qui ne monte pas haut. Se dit aussi de ce qui est de petite dimension ou de faible intensité.","Du latin bassus, d'origine obscure, peut-être du gaulois.",présent
base,La _____ de données est essentielle pour les chercheurs.,base,base,Ensemble de principes ou d'informations fondamentales sur lesquels repose quelque chose. Un système organisé qui stocke et gère des informations structurées.,"Du latin ""basis"", du grec βάσις (básis), signifiant « pas, piédestal, fondation ».",présent
bataille,La _____ entre les deux armées a duré trois jours.,bataille,bataille,Un combat entre deux armées ou deux groupes organisés. C'est un affrontement militaire important.,"Du latin battualia, dérivé de battere (frapper).",présent
bateau,"Demain, nous allons prendre le _____ pour traverser la rivière.",bateau,bateau,"Un bateau est un véhicule flottant conçu pour naviguer sur l'eau. Il peut être de différentes tailles et utilisé pour le transport, la pêche ou les loisirs.","Du latin *batellus, diminutif de *batus (radeau), d'origine gauloise.",futur proche
battre,Les boxeurs _____ dans le ring ce soir.,vont se battre,battre,Engager un combat physique avec quelqu'un. Se battre signifie aussi lutter ou se quereller.,"Du latin battuere, signifiant frapper ou cogner.",futur proche
beau,Ma grand-mère dit que j'ai un _____ sourire.,beau,beau,"Qui est agréable à regarder, qui plaît esthétiquement. Peut aussi signifier moralement bon ou de qualité.","Du latin bellus, signifiant 'joli, charmant'.",présent
beauté,La _____ de ce coucher de soleil m'a vraiment impressionné.,beauté,beauté,"La qualité de ce qui est beau, agréable à regarder ou à contempler. C'est l'ensemble des caractéristiques qui rendent quelque chose ou quelqu'un attirant ou harmonieux.","Du latin « bellitas », dérivé de « bellus » (beau).",présent
bel,Ce _____ coucher de soleil sur la mer était vraiment magnifique hier soir.,bel,bel,"Adjectif qui signifie agréable à regarder, qui a des qualités esthétiques. C'est la forme masculine singulière de « beau » utilisée avant un nom commençant par une voyelle ou un h muet.","Du latin ""bellus"" signifiant « joli, beau ».",imparfait
ben,"_____, je ne suis pas sûr de la réponse à cette question.",Ben,ben,Interjection familière marquant l'hésitation ou pour introduire une réponse. Équivalent de « Eh bien... »,Contraction familière de « bien » dans l'expression « eh bien ».,présent
bibliothèque,Ma sœur va passer deux heures à la _____ pour étudier pour son examen.,bibliothèque,bibliothèque,Un bâtiment ou une institution où sont conservés et mis à disposition des livres et d'autres documents. C'est un lieu de consultation et de prêt de ressources documentaires ouvert au public.,"Du latin bibliothecus, emprunté au grec βιβλιοθήκη (bibliothêkê), composé de βιβλίον (biblíon, « livre ») et θήκη (thêkê, « coffre, rangement »).",futur proche
bientôt,Je vais te voir _____.,bientôt,bientôt,"Dans un proche avenir, dans peu de temps. Adverbe qui indique une action qui se produira rapidement.","Du latin « bien tôt » (littéralement « bien tôt »), composé de « bien » et « tôt », formé au Moyen Âge.",futur proche
bienvenu,Les nouveaux étudiants se sentaient _____ dans cette université accueillante.,bienvenus,bienvenu,"Bienvenu signifie reçu avec plaisir, accueilli favorablement. C'est un adjectif qui exprime que quelqu'un est heureux d'arriver quelque part.","Du latin medieval ""bene venitus"" (bien venu), composé de ""bene"" (bien) et ""venitus"" (venu, participe passé de ""venire"").",imparfait
bijou,Ma mère a reçu un magnifique _____ pour son anniversaire.,bijou,bijou,"Un objet précieux ou semi-précieux porté comme ornement, souvent en or, argent ou pierres précieuses. C'est un accessoire de parure personnelle.","De l'ancien français ""bijou"", possiblement du bas latin ""*bisoctulus"" (à deux yeux), ou d'une racine gauloise liée à la brillance.",passé composé
billet,J'ai acheté un _____ pour le concert de demain.,billet,billet,"Un billet est un document ou un titre qui donne le droit d'accès à un événement, un spectacle ou un moyen de transport. C'est aussi une petite somme d'argent sous forme de papier.","Du moyen français billet, diminutif de bile (lettre, document), du latin bulla (bulle, sceau).",passé composé
bizarre,Ce comportement est vraiment _____ ; je ne comprends pas pourquoi il agit ainsi.,bizarre,bizarre,"Qui est étrange, surprenant ou difficile à comprendre. Qui sort de l'ordinaire.","De l'italien ""bizzarro"" (brave, fier), possiblement du basque ""bizarra"" (barbe), bien que le changement de sens soit incertain.",présent
bière,Mon ami commande une _____ au bar avec ses collègues.,bière,bière,"Boisson alcoolisée fabriquée à partir de céréales fermentées, généralement l'orge, et aromatisée avec du houblon. C'est l'une des boissons les plus consommées dans le monde.","Du moyen français « biere », emprunté au moyen néerlandais « bier », lui-même du germanique « beor ».",présent
black,Elle portait une robe _____ à la soirée hier soir.,noire,black,"Couleur qui est l'absence de lumière, la plus foncée de toutes les couleurs. C'est l'opposé du blanc.","Du latin niger, qui signifie noir.",imparfait
blague,Ma meilleure amie me raconte une _____ très drôle chaque jour.,blague,blague,"Une blague est une histoire courte racontée pour faire rire, généralement avec une chute inattendue. C'est une forme d'humour basée sur un jeu de mots ou une situation comique.","Du moyen français blague, d'origine incertaine, possiblement du néerlandais balg (sac) ou d'une onomatopée.",présent
blanc,La neige était _____ ce matin quand je suis sortie de la maison.,blanche,blanc,"De la couleur de la neige ou du lait, la plus claire de toutes les couleurs. C'est l'absence de teinte ou la combinaison de toutes les couleurs de la lumière.","Du germanique *blankaz, signifiant brillant ou brillant de blancheur.",imparfait
blesser,Le soldat a été _____ pendant la bataille.,blessé,blesser,"Causer une lésion, une plaie du corps ou provoquer une douleur physique à quelqu'un. Faire du mal moralement ou émotionnellement à une personne.","Latin blesicare, du latin populaire blessa (blessure), dérivé de l'ancien français blecier.",passé composé
blessure,L'accident lui a causé une _____ au bras gauche.,blessure,blessure,"Lésion du corps causée par un coup, un accident ou une agression. C'est une atteinte physique à l'intégrité du corps.","Du latin vulgaire *blessura, dérivé du verbe blecier (blesser), d'origine germanique (compare avec l'ancien haut allemand blôzan, signifiant frapper).",passé composé
blessé,L'athlète _____ à la jambe a dû abandonner la compétition.,blessé,blessé,"Atteint d'une blessure, endommagé physiquement. Personne qui a subi une blessure.","Du latin populaire *blessare, probablement d'origine germanique, apparenté à l'allemand Blesse.",présent
bleu,Le ciel était _____ quand nous sommes arrivés à la plage.,bleu,bleu,"Couleur entre le vert et le violet, celle du ciel clair ou de la mer calme. C'est l'une des trois couleurs primaires.","Du francique *blao, apparenté à l'allemand blau et à l'anglais blue.",imparfait
bloc,Les étudiants ont travaillé ensemble sur le _____ de notes pendant toute la journée.,bloc,bloc,"Un bloc est un ensemble de choses regroupées ou liées ensemble, ou un objet solide et massif. Dans ce contexte, il s'agit d'un carnet ou d'un ensemble de feuilles attachées.","Du moyen français « bloc », emprunté au néerlandais « blok » ou au germanique « *blok- ».",passé composé
boire,"Le matin, ma mère _____ toujours un café avant de partir au travail.",boit,boire,Consommer un liquide par la bouche. C'est l'action d'ingérer une boisson.,"Du latin bibere, de la racine indo-européenne *peh₃- (boire).",présent
bois,Mon grand-père a construit une maison en _____ il y a cinquante ans.,bois,bois,"Matière solide et dure provenant du tronc et des branches des arbres, utilisée pour la construction et le chauffage. C'est également la forêt ou l'ensemble des arbres.","Du latin 'bosco' (forêt), qui pourrait provenir d'une racine germanique.",passé composé
bombe,La _____ a explosé près du bâtiment hier soir.,bombe,bombe,Un engin explosif conçu pour causer des dégâts ou une destruction. C'est un objet ou un dispositif rempli de matière explosive.,"Du latin bombus, emprunté au grec bombos (bourdonnement), puis au sens de bruit d'explosion.",passé composé
bon,Cette pomme est _____ et délicieuse.,bonne,bon,"L'adjectif « bon » signifie agréable au goût, de qualité satisfaisante ou positive. Il s'accorde en genre et en nombre avec le nom qu'il qualifie.","Du latin « bonus », signifiant « bon, excellent ».",présent
bonbon,Ma sœur a mangé trois _____ hier à la fête d'anniversaire.,bonbons,bonbon,"Un bonbon est une petite confiserie sucrée, généralement en forme de boule ou de pastille, faite de sucre et de divers arômes. On le mange pour le plaisir du goût sucré.","From French bon (good) + bon, possibly reduplicated or influenced by Italian 'bombon'. The word entered French in the 17th century.",passé composé
bonheur,Elle a trouvé son _____ en vivant près de la mer.,bonheur,bonheur,État de satisfaction complète et de contentement durable. C'est un sentiment de bien-être et de joie profonde.,"Du latin «bonus» (bon) et «augurium» (augure, présage), littéralement «bon augure».",passé composé
bonjour,"Chaque matin, je dis _____ à mes collègues avant de commencer le travail.",bonjour,bonjour,"Formule de politesse utilisée pour saluer quelqu'un, généralement le jour ou en arrivant quelque part. C'est l'expression la plus commune pour accueillir ou dire hello en français.","Du latin ""bonus dies"" (bon jour), contraction de ""bon"" et ""jour"".",présent
bonsoir,"Quand je rentre du travail, je dis _____ à mes collègues.",bonsoir,bonsoir,Formule de politesse utilisée pour saluer quelqu'un en fin d'après-midi ou en début de soirée. C'est l'équivalent du « bonjour » mais employé à partir du moment où le jour commence à décliner.,"Composé de « bon » (du latin « bonus ») et « soir » (du latin « serus », tardif)",présent
bord,Les enfants jouent au _____ de la mer pendant les vacances d'été.,bord,bord,"Le bord est l'extrémité ou la limite d'une surface, notamment la côte près de la mer ou la limite d'un objet. C'est aussi le rebord d'une rivière ou d'un lac.","Du latin burgus (fortification, bourg), passé par le francique *borg",présent
boss,Mon _____ m'a demandé de finir le projet avant vendredi.,boss,boss,Personne qui dirige une entreprise ou supervise les employés. C'est le supérieur hiérarchique direct dans un environnement professionnel.,"Emprunté de l'anglais boss, lui-même d'origine néerlandaise baas (maître).",présent
bosse,Il est tombé et a maintenant une grosse _____ sur le front.,bosse,bosse,"Une grosse bosse est une protubérance ou une enflure sur la peau, généralement suite à un coup ou une blessure.","Origine obscure, probablement du latin bucca (joue) avec un sens figuré d'effort intensif.",passé composé
bosser,Mes amies _____ dur pour réussir leurs examens cette année.,bossent,bosser,Bosser signifie travailler avec effort et intensité. C'est un verbe informel et courant en français moderne.,"Origine incertaine, possiblement dérivé de l'ancien français 'boce' (protubérance) ou du latin 'boss-' (non confirmé avec certitude)",présent
bouche,Elle a ouvert la _____ pour manger une pomme.,bouche,bouche,Cavité du visage par laquelle on mange et on parle. C'est l'ouverture située entre les lèvres.,"Du latin bucca, signifiant « joue » ou « bouche ».",passé composé
bouffe,Qu'est-ce qu'on mange ? J'ai envie de bonne _____ ce soir.,bouffe,bouffe,"Bouffer est un verbe familier qui signifie manger, particulièrement manger beaucoup ou rapidement. C'est un terme informel et souvent humoristique pour décrire l'action de consommer de la nourriture.","Origine incertaine, probablement dérivé du néerlandais 'buffel' ou du latin 'buffare' (souffler), avec l'idée d'inflation du ventre.",présent
bouger,Les enfants ne veulent pas _____ pendant la leçon de mathématiques.,bouger,bouger,"Se déplacer, changer de position ou de lieu. Faire un mouvement du corps ou d'une partie du corps.","Du latin populaire *movere, issu du latin classique movēre (mouvoir).",présent
boule,Les enfants jouent avec une _____ rouge dans le jardin.,boule,boule,"Objet sphérique, généralement utilisé pour jouer ou pratiquer un sport. C'est aussi une forme géométrique parfaitement ronde.","Du latin bulla (bulle, boursouflure), qui a donné aussi le français bulle.",présent
boulot,Mon père a beaucoup de _____ en ce moment à son entreprise.,boulot,boulot,"Le boulot est le travail, l'emploi ou l'occupation professionnelle d'une personne. C'est un terme familier et courant en français pour désigner ce qu'on fait pour gagner sa vie.","Origine inconnue avec certitude ; possiblement dérivé du verbe populaire « bouler » ou du dialectal « boulter », mais l'étymologie exacte reste débattue.",présent
bout,Elle a mangé un _____ de pain avec du fromage.,bout,bout,"Une petite partie ou un morceau de quelque chose. Par exemple, un bout de pain, un bout de tissu.","Du latin buttis, signifiant « souche » ou « extrémité ».",passé composé
bouteille,Je bois de l'eau dans une _____ en verre.,bouteille,bouteille,"Récipient cylindrique ou légèrement évasé, muni d'un goulot et d'un bouchon, servant à contenir et à conserver des liquides. Une bouteille peut être en verre, en plastique ou en d'autres matériaux.","Du latin populaire ""botticula"", diminutif de ""botta"" (tonneau, baril).",présent
boutique,Ma mère aime faire ses courses à la _____ près de notre maison.,boutique,boutique,"Un petit magasin où on vend des marchandises, généralement des vêtements, des accessoires ou d'autres produits de consommation. Une boutique est plus petite qu'un grand magasin ou un supermarché.","Du provençal « boutega », lui-même emprunté à l'italien « bottega », d'origine germanique (compare avec l'allemand « Butte », petite hutte).",présent
bouton,Ma mère a appuyé sur le _____ pour sonner à la porte.,bouton,bouton,"Petit objet rond qu'on appuie ou qu'on tourne pour actionner quelque chose, comme une sonnette ou un appareil électrique. C'est aussi une petite boule qui pousse sur la peau, notamment lors d'une maladie ou d'une allergie.","From Old French 'boton', from Germanic roots related to 'bud', comparing a button to a small round bud.",passé composé
boîte,Je vais ouvrir une _____ de nuit avec mes amis l'année prochaine.,boîte,boîte,"Un établissement public où l'on peut danser et boire, généralement ouvert tard le soir. C'est un lieu de divertissement nocturne.","Du latin médiéval buxita, diminutif de buxus (buis, le bois). Le sens de « boîte de nuit » date du XXe siècle en France.",futur proche
bras,Elle lève ses _____ pour attraper le ballon.,bras,bras,Membre du corps humain qui s'étend de l'épaule à la main. C'est l'un des deux membres supérieurs utilisés pour saisir et manipuler les objets.,"Du latin bracchium, emprunté au grec βραχίων (brakhíōn).",présent
bravo,Les spectateurs ont crié _____ quand l'acrobate a réussi son numéro difficile.,bravo,bravo,Exclamation d'approbation et d'admiration pour féliciter quelqu'un de ses succès ou de ses performances. C'est une interjection utilisée pour exprimer l'enthousiasme et l'encouragement.,"From Italian ""bravo"" (skilled, capable), originally meaning ""brave"" or ""wild"", used as an exclamation of approval since the 17th century.",passé composé
bref,Le professeur a expliqué la leçon en _____ : il a résumé les points essentiels en quelques minutes.,bref,bref,"Adjectif ou adverbe signifiant court, de courte durée, ou exprimant une brièveté. Utilisé pour résumer ou conclure rapidement un sujet.",Du latin brevis (court).,passé composé
brillant,La robe de la mariée était _____ sous les lumières de la salle.,brillante,brillant,Qui émet ou réfléchit beaucoup de lumière ; qui brille intensément. Se dit aussi d'une personne remarquable par son intelligence ou son talent.,"Du latin brillare, qui signifie briller ou étinceler.",imparfait
briser,Les enfants _____ le vase en jouant au football dans le salon.,ont brisé,briser,Casser ou fracturer quelque chose en morceaux. Détruire l'intégrité d'un objet par la force ou un choc.,"Du latin vulgaire *brissiare, probablement d'origine onomatopéique ou germanique.",passé composé
bruit,Le _____ de la circulation m'empêche de dormir la nuit.,bruit,bruit,Son désagréable ou confus produit par des vibrations. Ensemble de sons non harmonieux qui troublent ou gênent.,"Du latin vulgaire *brutus* (rude, sauvage), dérivé du latin *brutus* signifiant « lourd, grossier ».",présent
brûle,Le soleil _____ la peau des enfants qui jouent dehors.,brûle,brûle,"Le verbe brûler signifie consumer par le feu ou causer une sensation de chaleur intense. Dans ce contexte, il décrit l'action du soleil qui endommage ou irrite la peau.","Du latin populaire *burulare, dérivé de burra (étoupe, laine grossière), avec l'idée de consumer.",présent
brûler,Le soleil _____ les feuilles mortes sur le chemin.,va brûler,brûler,Consommer ou détruire par le feu ; être en flammes. C'est aussi ressentir une sensation de chaleur intense.,"Du latin populaire *burulare, dérivé de burra (laine grossière), par métaphore de la consommation rapide.",futur proche
boire,"Hier soir, j' _____ un verre de vin rouge avec mes amis.",ai bu,boire,Consommer un liquide par la bouche. C'est l'action d'ingérer une boisson.,"Du latin bibere, signifiant boire.",passé composé
bureau,Elle travaille dans un _____ moderne au centre-ville.,bureau,bureau,"Un bureau est un meuble ou une pièce destinée au travail intellectuel, aux études ou à l'administration. C'est aussi le lieu où travaillent les employés d'une entreprise ou d'une organisation.","Du latin médiéval ""burellus"", diminutif de ""burra"" (étoffe grossière), qui s'est appliqué à la toile recouvrant les tables de travail, puis au meuble lui-même.",présent
bus,"Demain, je vais prendre le _____ pour aller à l'école.",bus,bus,Véhicule automobile destiné au transport en commun de passagers. Le bus circule généralement sur des routes urbaines ou interurbaines et s'arrête à des stations régulières.,"From English 'bus', shortened form of 'omnibus', from Latin 'omnibus' (for all), used in French since the early 20th century.",futur proche
business,Elle a lancé son propre _____ dans la mode.,business,business,Commencer une activité commerciale ou créer une entreprise nouvelle. C'est l'action de mettre en place un projet économique personnel.,"Emprunt à l'anglais ""business"", de l'ancien anglais ""bisignis"" (soin, anxiété, occupation).",passé composé
but,Notre équipe a _____ de remporter le championnat cette année.,pour but,but,Un objectif ou une intention qu'on se fixe ; le résultat qu'on cherche à atteindre.,"Du germanique *būtan (visser, frapper), passé par le moyen français.",présent
bâtiment,L'école est un _____ important dans notre quartier.,bâtiment,bâtiment,"Un bâtiment est une construction destinée à abriter des personnes, des activités ou du matériel. C'est une structure architecturale permanente avec des murs, un toit et des fondations.","Du participe présent de l'ancien verbe « bâtir » (du latin « batir »), signifiant « construire ».",présent
bébé,Ma sœur va avoir un _____ dans trois mois.,bébé,bébé,"Un bébé est un jeune enfant, généralement âgé de zéro à deux ans environ. C'est un nourrisson qui dépend entièrement de ses parents pour ses besoins.","Du latin 'balbus' (bègue, qui balbutie), par altération enfantine du langage.",futur proche
bête,Mon chien est _____ quand il voit d'autres animaux.,bête,bête,Qui manque d'intelligence ou de bon sens ; stupide. Peut aussi désigner un animal domestique ou sauvage.,"Du latin bestia (animal sauvage), probablement d'origine gauloise.",présent
cabinet,Mon père travaille dans un _____ d'avocats au centre-ville.,cabinet,cabinet,"Un cabinet est un bureau ou un ensemble de pièces où travaillent des professionnels comme des avocats, des médecins ou des architectes. C'est aussi le lieu où un professionnel libéral exerce son métier.","Du latin « caput » (tête) via l'italien « gabinetto », diminutif de « gabina » (chambre). Le mot s'est développé en français au XVIe siècle pour désigner d'abord une petite pièce, puis un bureau professionnel.",présent
cache,Elle _____ son argent dans une boîte sous le lit.,cache,cache,Mettre quelque chose dans un endroit secret pour le dissimuler. C'est aussi le fait de garder quelque chose caché ou secret.,"Du latin ""coactus"", participe passé de ""cogere"" (contraindre), mais plus directement du verbe latin ""coacticare"" signifiant ""enfermer, confiner"".",présent
cacher,Les enfants _____ leurs jouets sous le lit pour que les parents ne les trouvent pas.,cachent,cacher,Mettre quelque chose ou quelqu'un dans un endroit secret pour qu'on ne le voie pas. C'est aussi le fait de dissimuler intentionnellement.,"Du latin populaire *coacticare, dérivé de coactus (contrainte), influencé par l'ancien occitan cachar.",présent
cadavre,Les archéologues ont découvert un _____ dans les ruines de la ville antique.,cadavre,cadavre,Corps sans vie d'une personne ou d'un animal mort. C'est le reste physique d'un être vivant après la mort.,"Du latin 'cadaver', dérivé de 'cadere' signifiant 'tomber'.",passé composé
cadeau,Ma mère m'a offert un _____ pour mon anniversaire.,cadeau,cadeau,"Un objet qu'on donne à quelqu'un pour lui faire plaisir, généralement lors d'une occasion spéciale. C'est un présent destiné à exprimer de l'affection ou de la gratitude.","Du latin « capitellum » (petit chapitre, petite tête), diminutif de « caput » (tête). Le mot a évolué en ancien français « chatel » puis « cadeau ».",passé composé
café,"Le matin, je bois un _____ avant de partir au travail.",café,café,Boisson chaude préparée à partir de grains de café torréfiés et moulus. C'est une boisson très populaire consommée dans le monde entier.,"De l'italien ""caffè"", du turc ""kahve"", de l'arabe ""qahwa"".",présent
cage,L'oiseau s'est échappé de sa _____ ce matin.,cage,cage,"Espace clos formé de barreaux ou de grillage, destiné à enfermer des animaux. C'est un petit bâtiment ou un espace limité pour retenir des créatures vivantes.","Du latin cavea (cavité, creux, espace fermé), dérivé de cavus (creux).",passé composé
caisse,Le client attend à la _____ pour payer ses achats.,caisse,caisse,Un comptoir ou un meuble où l'on paie dans un magasin ou un établissement. C'est aussi le lieu où l'on conserve l'argent en espèces.,"Du latin « capsa » (boîte, coffre), qui a donné également le français « case ».",présent
calme,"Pendant la réunion, ma collègue était très _____ et elle écoutait attentivement.",calme,calme,"Qui est tranquille, sans agitation ni bruit. État de sérénité et de paix intérieure.","Du latin tardif cauma, emprunté au grec καῦμα (kaûma), signifiant « chaleur brûlante de midi ». Historiquement, l'heure du repos pendant la chaleur du midi a conduit au sens de « tranquillité, silence ».",imparfait
calmer,Ma mère _____ les enfants avant le coucher.,va calmer,calmer,"Rendre quelqu'un plus calme, réduire son agitation ou son anxiété. C'est apporter la tranquillité à une personne ou une situation.","Du latin « calumare », dérivé de « calmus » signifiant « calme ».",futur proche
camion,Le _____ est garé devant l'usine depuis ce matin.,camion,camion,"Véhicule automobile de transport de marchandises, généralement de grande taille avec une plate-forme de chargement. C'est un moyen de transport terrestre utilisé pour le commerce et l'industrie.","Du latin tardif camiō (chemin), issu du gaulois *kamīnā (voie, chemin), ou du latin camelus (chameau) par association avec les caravanes.",présent
camp,Les enfants _____ dans la forêt pendant les vacances d'été.,campaient,camp,"Camper signifie s'installer temporairement dans un endroit, généralement en plein air avec une tente ou un véhicule aménagé. C'est aussi passer du temps en camping, notamment lors de vacances.","From Italian campo (field), from Latin campus (field, plain). The verb sense derives from the noun.",imparfait
campagne,"Pendant les élections, le candidat a voyagé dans toute la _____ pour rencontrer les électeurs.",campagne,campagne,"Une _____ est une période d'activités organisées pour atteindre un objectif politique, commercial ou militaire. C'est aussi une région rurale caractérisée par des champs et des terres agricoles.","Du latin campania, dérivé de campus (champ).",passé composé
caméra,Elle a acheté une nouvelle _____ pour filmer son documentaire.,caméra,caméra,Appareil optique et électronique permettant de capturer des images fixes ou en mouvement. C'est un équipement essentiel pour la photographie et la cinématographie.,"Du latin tardif camera (« chambre »), emprunté via l'italien camera et l'anglais camera. Le mot provient de la chambre obscure utilisée en optique.",passé composé
canapé,"Avant la réunion, nous avons préparé des _____ avec du fromage et des olives.",canapés,canapé,"Petit pain grillé ou biscuit garni de fromage, charcuterie, ou autre préparation culinaire servie comme entrée ou apéritif. C'est un mets léger destiné à être consommé en une ou deux bouchées.","Du français canapé, emprunté à l'italien canapé, lui-même du latin cannabis (chanvre). Le mot désignait initialement un siège bas sans dossier, puis a désigné métaphoriquement la tranche de pain servant de base à la garniture, par analogie avec le siège.",passé composé
cancer,Ma grand-mère a été diagnostiquée avec un _____ il y a deux ans.,cancer,cancer,Maladie grave caractérisée par une prolifération anormale et incontrôlée de cellules dans le corps. C'est l'une des principales causes de mortalité dans le monde.,"Du latin ""cancer"" (crabe), probablement parce que les tumeurs ressemblaient à un crabe avec ses pattes étendues.",passé composé
canon,Le musée expose un _____ datant du 17e siècle dans sa collection d'armes anciennes.,canon,canon,Arme à feu portative ou montée sur affût qui tire des projectiles. Peut aussi désigner une règle établie ou un modèle accepté.,"Du latin médiéval cannone, diminutif de canna (roseau, tube), lui-même du grec κάννα (kanna).",présent
capable,Ma sœur est _____ de parler trois langues couramment.,capable,capable,"Qui a la compétence, la capacité ou les qualités nécessaires pour faire quelque chose. Capable signifie être en mesure de réaliser une action ou une tâche.","Du latin ""capabilis"", de ""capere"" (tenir, prendre).",présent
capitaine,Le _____ du navire a donné des ordres à son équipage.,capitaine,capitaine,Chef d'un navire ou d'une unité militaire responsable de la direction et de la discipline de son équipage ou de ses soldats.,"Du latin capitaneus, dérivé de caput (tête), signifiant « celui qui est à la tête ».",passé composé
cardiaque,Mon grand-père a eu une crise _____ hier soir et a dû aller à l'hôpital.,cardiaque,cardiaque,Qui se rapporte au cœur ou à son fonctionnement. Relatif aux maladies ou problèmes du cœur.,"Du grec kardia (καρδία) signifiant « cœur », avec le suffixe adjectival -aque.",passé composé
carrière,Ma mère a construit une belle _____ en tant qu'avocate pendant quarante ans.,carrière,carrière,Une carrière est l'ensemble des emplois et des postes qu'une personne occupe au cours de sa vie professionnelle. C'est aussi un parcours professionnel marqué par une progression et des réalisations.,"Du latin carraria, dérivé de carrus (char, chariot), passant par l'ancien français carrière, d'abord « chemin de char » puis « voie, chemin » et enfin « profession, métier ».",passé composé
carrément,Elle _____ refusé l'invitation à la fête.,a carrément,carrément,"De manière absolue, sans hésitation ou détour ; franchement et sans ambiguïté. Adverbe qui renforce l'affirmation ou la négation d'une action.","Du moyen français « carré » (carré, direct) + suffixe adverbial « -ment ».",passé composé
carte,"Avant de partir en vacances, j'ai acheté une _____ routière pour naviguer sans GPS.",carte,carte,"Un document papier ou numérique qui représente une région géographique avec ses routes, villes et frontières. On l'utilise pour s'orienter et trouver son chemin.","Du latin médiéval charta, lui-même issu du grec ancien χάρτης (khártēs), qui signifiait « papyrus ».",passé composé
cas,"En _____, nous devons être très prudents sur la route.",cas,cas,Une situation particulière ou une circonstance spécifique. Le mot « cas » désigne une occurrence ou une hypothèse qui se produit.,"From Latin casus (a falling, an occurrence, a grammatical case), from cadere (to fall).",présent
casier,Mon ami a rangé ses livres dans le _____ de sa chambre.,casier,casier,Un casier est un meuble ou une partie de meuble composée de petits compartiments ou tiroirs destinés à ranger des objets. C'est aussi un dossier administratif contenant les antécédents d'une personne.,"Du latin « caseale », dérivé de « casa » (cabane, maison), passé par l'ancien français « casier ».",passé composé
casser,Mon frère _____ son téléphone hier en le laissant tomber.,a cassé,casser,Briser quelque chose en morceaux ou endommager un objet. Action de détruire l'intégrité physique d'une chose.,"Du latin populaire *quassare, intensif de quassus (secoué, brisé), lui-même du latin classique quatio (secouer).",passé composé
cassé,Ma mère _____ son vase préféré hier en le nettoyant.,a cassé,cassé,Le verbe « casser » signifie briser ou endommager quelque chose en le divisant en morceaux. C'est une action qui rend un objet inutilisable ou fragmenté.,"Du latin « quassare » (secouer, agiter), qui a donné le français « casser ».",passé composé
cauchemar,Ma sœur a eu un _____ terrible la nuit dernière et elle a crié dans son sommeil.,cauchemar,cauchemar,Un rêve désagréable et effrayant qui survient pendant le sommeil. C'est une expérience nocturne négative qui peut réveiller la personne.,"Du moyen français « cauche » (variante de « caucher », du latin vulgaire « *calcare », signifiant « fouler, presser ») et du mot « mare » (du germanique « *mara », un démon qui aurait donné naissance à la légende du Cauchemar comme créature qui oppresse pendant le sommeil).",passé composé
cause,La pollution _____ des dommages à l'environnement.,cause,cause,La cause est ce qui produit un effet ou une conséquence. C'est aussi la raison ou le motif pour lequel quelque chose se produit.,"Du latin causa (raison, motif, procès).",présent
ce,_____ livre est très intéressant et je l'ai lu en une semaine.,Ce,ce,Adjectif démonstratif qui désigne une personne ou une chose proche dans l'espace ou le temps. Il s'accorde en genre et en nombre avec le nom qu'il accompagne.,"Du latin « ecce » (voici) combiné avec « iste » (celui-ci), via les formes vulgaires latines.",présent
ceci,Je ne comprends pas _____; peux-tu m'expliquer?,ceci,ceci,Ceci est un pronom démonstratif qui désigne une chose proche de celui qui parle ou une idée qu'on vient de mentionner. Il s'oppose à cela qui désigne quelque chose de plus lointain.,"Du latin ecce hoc (voici cela), composé de ecce (voici) et hoc (cela, ce).",présent
ceinture,Elle a serré sa _____ autour de sa taille avant de partir au travail.,ceinture,ceinture,Bande de tissu ou de cuir que l'on porte autour de la taille pour maintenir les vêtements ou comme accessoire de mode. C'est aussi une zone géographique ou une partie d'un système défensif.,"Du latin « cinctura », dérivé de « cingere » (ceindre, entourer).",passé composé
cellule,Le biochimiste observe une _____ cancéreuse sous le microscope.,cellule,cellule,"La cellule est la plus petite unité structurale et fonctionnelle des êtres vivants. Elle contient le noyau et le cytoplasme, et peut vivre de manière autonome chez les organismes unicellulaires.","Du latin cellula, diminutif de cella (petite chambre, cellier).",présent
celui,J'ai vu deux robes au magasin : _____ est rouge et l'autre est bleue.,celle-ci,celui,Pronom démonstratif qui désigne une personne ou une chose proche dans l'espace ou le temps. Il s'accorde en genre et en nombre avec le nom qu'il remplace.,Du latin « ecce » (voici) + « illum » (celui-là),passé composé
celui-ci,"J'ai vu deux robes au magasin : celle-là était rouge, mais _____ était bleue et plus jolie.",celle-ci,celui-ci,Pronom démonstratif qui désigne une personne ou une chose proche dans l'espace ou le temps. Il s'utilise pour distinguer ce qui est près de celui qui parle de ce qui en est éloigné.,"Du latin « ecce illum hic » (voilà celui-ci), fusion de « celui » et de « ci » (du latin « hic », ici).",imparfait
censé,"Elle était _____ de finir ses devoirs avant 18h, mais elle a regardé la télévision à la place.",censée,censé,Censé signifie « supposé » ou « prétendu ». On l'utilise pour exprimer ce qui devrait être le cas ou ce qui est attendu.,"Du latin classique 'censēre' (évaluer, juger, estimer), passé par le français censé via le participe passé.",imparfait
cent,Il y a _____ personnes dans la salle de concert ce soir.,cent,cent,Le nombre 100. C'est un nombre cardinal qui représente dix fois dix.,"Du latin centum, signifiant cent.",présent
centaine,Il y a une _____ de personnes qui attendent devant le cinéma.,centaine,centaine,Une centaine est un nombre approximatif égal à cent ou environ cent. C'est une quantité importante d'objets ou de personnes comptées par groupes de cent.,Du latin centum (cent) avec le suffixe -aine qui indique une approximation ou un ensemble d'environ cent unités.,présent
central,La gare _____ de la ville est très moderne et accueille des milliers de voyageurs chaque jour.,centrale,central,"Qui est situé au centre, qui occupe une position importante ou qui est principal. L'adjectif « central » qualifie ce qui est au cœur d'une ville, d'une organisation ou d'un système.","Du latin « centralis », dérivé de « centrum » (centre).",présent
centre,Le _____ commercial de la ville attire beaucoup de clients chaque jour.,centre,centre,"Un lieu central où se concentrent des activités, des services ou des commerces. C'est un espace physique ou administratif qui sert de point focal.","Du latin « centrum », emprunté au grec « κέντρον » (kentron), signifiant « pointe d'une broche, centre ».",présent
cependant,"Elle voulait partir en vacances, _____ elle n'avait pas assez d'argent.",cependant,cependant,Conjonction qui marque une opposition ou une restriction entre deux idées. Elle introduit une clause qui contraste avec ce qui précède.,"Du latin « ca penes manus » (cela pendant la main), littéralement « cela pendant entre les mains ».",imparfait
certain,Je suis _____ que tu viendras à la fête demain.,certain,certain,"Qui est convaincu, assuré de quelque chose. État de celui qui ne doute pas.","Du latin certanus, dérivé de certus (décidé, résolu, assuré).",présent
certainement,Elle _____ réussir son examen de français.,va certainement,certainement,"Adverbe qui exprime la certitude, l'assurance ou la probabilité très élevée d'un événement. Il indique que quelque chose est très probable ou assuré.",Du latin « certanus » (certain) avec le suffixe adverbial « -ment ».,futur proche
cerveau,Le _____ contrôle toutes les fonctions du corps humain.,cerveau,cerveau,"Organe principal du système nerveux situé dans la tête, responsable de la pensée, de la mémoire et du contrôle des fonctions corporelles. C'est le centre de commandement du corps humain.","Du latin « cerebrum », lui-même d'origine indo-européenne.",présent
cesse,La pluie va-t-elle bientôt _____ ?,cesser,cesse,"Cesser signifie arrêter, interrompre une action ou un état. Le verbe « cesser » exprime la fin d'une activité ou d'une condition.","Du latin « cessare », fréquentatif de « cedere » (céder, s'arrêter).",futur proche
chacun,"À la fête, _____ a apporté un cadeau différent.",chacun,chacun,"Pronom indéfini qui désigne une personne parmi un groupe, en mettant l'accent sur l'individualité de chaque membre. Il s'utilise au singulier et s'accorde en genre et en nombre.","Du latin populaire *quisque unus, composé de quisque (chacun) et unus (un).",passé composé
chair,Le boucher vend de la _____ fraîche au marché.,chair,chair,La chair est la substance musculaire qui recouvre les os des animaux. On la consomme comme aliment.,"From Old French char, from Latin caro (flesh), from Proto-Indo-European *ker- (to grow, increase).",présent
chaise,Marie s'assoit sur la _____ pour lire son livre.,chaise,chaise,"Meuble à quatre pieds avec un dossier, destiné à s'asseoir. C'est un siège individuel sans accoudoirs.","Du latin « cathedra » (siège, chaire), passé par le gallo-roman « catedra ».",présent
chaleur,"L'été dernier, nous avons apprécié la _____ du soleil sur la plage.",chaleur,chaleur,Sensation de température élevée; énergie thermique qui se dégage d'un corps ou d'un objet chaud. C'est aussi la qualité de ce qui est chaud.,"Du latin « calor », signifiant « chaleur », dérivé de « calere » (être chaud).",passé composé
chambre,Ma sœur a rangé sa _____ avant l'arrivée des invités.,chambre,chambre,Pièce d'une habitation destinée généralement au repos ou au sommeil. C'est un espace privé meublé d'un lit et d'autres meubles nécessaires.,"Du latin camera, signifiant « voûte, pièce voûtée », lui-même d'origine grecque (kamara).",passé composé
champ,Les agriculteurs travaillent dur dans le _____ pendant l'été.,champ,champ,"Un terrain cultivé où on plante des céréales, des légumes ou d'autres cultures. C'est une surface de terre destinée à l'agriculture.","Du latin campus (plaine, terrain).",présent
champagne,Nous avons bu du _____ lors de la célébration du mariage.,champagne,champagne,"Vin blanc pétillant originaire de la région française de Champagne, caractérisé par ses bulles et son goût délicat. C'est une boisson alcoolisée souvent consommée lors de occasions festives.","Du nom de la région historique de Champagne en France, attesté depuis le XVIIe siècle.",passé composé
champion,Marie est devenue _____ de tennis après avoir remporté trois tournois internationaux.,championne,champion,Une personne qui a remporté une compétition ou qui excelle dans un domaine particulier. C'est aussi quelqu'un qui défend une cause ou des idées avec passion.,"Du latin « campio » signifiant « combattant » ou « guerrier », passé par le moyen français « champion ».",passé composé
chance,Elle a eu beaucoup de _____ dans sa carrière professionnelle.,chance,chance,La chance est la force ou le destin qui apporte des événements heureux ou malheureux. C'est aussi la probabilité qu'un événement favorable se produise.,"De l'ancien français ""cheance"", du bas latin ""*cadentia"", du latin ""cadentia"" (une chute), de ""cadere"" (tomber).",passé composé
chanceux,Marie est très _____ d'avoir gagné à la loterie.,chanceuse,chanceux,"Qui a de la chance, qui bénéficie de la fortune ou du hasard favorable. Adjectif décrivant une personne favorisée par la chance.","Du latin 'cadentia' (chute, chance), passé par l'ancien français 'chance'.",présent
changement,Le _____ climatique est un problème urgent pour notre planète.,changement,changement,"La transformation ou la modification d'une chose, d'une situation ou d'un état. C'est le passage d'une condition à une autre.","Du verbe « changer » (du latin « cambiare »), avec le suffixe « -ment » formant des noms abstraits.",présent
changer,Nous _____ d'avis sur cette question politique importante.,changeons,changer,"Rendre différent, transformer quelque chose ou adopter une nouvelle position. Passer d'un état à un autre ou d'une opinion à une autre.","Du latin vulgaire *cambiare, dérivé du latin *cambire signifiant « échanger », lui-même d'origine celtique.",présent
chanson,Ma mère adore écouter cette _____ à la radio chaque matin.,chanson,chanson,"Composition musicale avec des paroles, généralement destinée à être chantée. Une chanson peut être populaire, classique, ou de tout autre genre musical.","Du latin « cantio » (action de chanter), dérivé du verbe « cantare » (chanter).",présent
chanter,Les enfants _____ une chanson de Noël à la fête de l'école.,vont chanter,chanter,"Produire des sons musicaux avec la voix, généralement sur une mélodie. C'est l'action d'interpréter une chanson ou une composition musicale.","Du latin cantare, fréquentatif de canere (chanter).",futur proche
chapeau,Mon grand-père a perdu son _____ préféré lors de sa promenade en montagne.,chapeau,chapeau,"Un couvre-chef porté sur la tête, généralement muni d'une visière ou d'un bord. C'est un accessoire de mode ou de protection contre le soleil ou la pluie.","Du latin cappellus, diminutif de cappa (cape, manteau), car le chapeau était originellement une petite cape portée sur la tête.",passé composé
chaque,"_____ matin, Marie va à l'école avec ses amis.",Chaque,chaque,Chaque est un adjectif indéfini qui signifie « tous les... un à un » ou « tout... sans exception ». Il s'utilise toujours au singulier et précède le nom qu'il détermine.,"Du latin « cadaunu » (cada unus), formé de « cadaunu » signifiant littéralement « chacun ».",présent
charge,L'entreprise _____ ses employés de nombreuses responsabilités.,charge,charge,"Confier une tâche, une responsabilité ou un poids à quelqu'un. Imposer une obligation ou un fardeau.","Du latin carrica (chariot, véhicule de transport), puis charger au sens de « charger un véhicule », d'où « imposer une charge ».",présent
charger,"Demain, je _____ les batteries de ma lampe de poche.",vais charger,charger,Remplir quelque chose d'énergie électrique ou de puissance. Mettre une charge ou un poids sur quelque chose.,"From Old French chargier, from Vulgar Latin *carricāre, from Latin carrus (cart, wagon).",futur proche
charmant,Cette actrice est vraiment _____.,charmante,charmant,"Qui a du charme, qui plaît par sa grâce et son élégance. Quelqu'un ou quelque chose d'agréable et d'attrayant.","From French charme, from Latin carmen (song, incantation), with the suffix -ant.",présent
chasse,Mon grand-père _____ les sangliers dans la forêt depuis quarante ans.,chasse,chasse,La chasse est l'action de poursuivre et de capturer des animaux sauvages. C'est aussi le territoire où l'on pratique cette activité.,"Du latin populaire *captiare, dérivé de captus (pris), passé par l'ancien français chacier.",présent
chasser,Les enfants _____ les papillons dans le jardin cet après-midi.,vont chasser,chasser,"Poursuivre un animal pour le capturer ou le tuer. Au sens figuré, éloigner quelque chose ou quelqu'un.","Du latin populaire *captiare, dérivé de captus (pris), influencé par le latin ecciare.",futur proche
chat,Mon _____ adore jouer avec une balle de laine.,chat,chat,"Animal domestique carnivore à quatre pattes, avec des griffes rétractiles et une queue. C'est un compagnon très apprécié dans les foyers.","Du latin cattus, probablement emprunté à une langue d'Afrique du Nord ou du Moyen-Orient.",présent
chaud,Le café que j'ai bu ce matin était très _____.,chaud,chaud,"Qui a une température élevée, qui dégage de la chaleur. Contraire de froid.","Latin caldus, de même sens.",imparfait
chaude,L'eau de la douche est trop _____ ce matin.,chaude,chaude,"Qui a une température élevée, qui donne une sensation de chaleur. Le contraire de froid.","Du latin caldus, qui a donné aussi l'italien caldo et l'espagnol caldo.",présent
chauffeur,Le _____ conduit les passagers à l'aéroport chaque matin.,chauffeur,chauffeur,"Personne dont le métier est de conduire un véhicule automobile, notamment un taxi ou une voiture de transport. Un chauffeur professionnel assure la sécurité et le confort de ses passagers.","Du verbe « chauffer » (du latin « calefacere »), avec le suffixe « -eur » désignant l'agent qui effectue l'action.",présent
chaussure,Marie a acheté une nouvelle _____ pour aller au travail.,chaussure,chaussure,Vêtement qui couvre le pied et que l'on porte aux pieds. C'est un objet de protection et de mode.,"Du latin calceāre, du latin vulgaire *calceus, lié au mot calx (talon, calcaire).",passé composé
chaîne,Ma mère regarde sa série préférée sur la _____ tous les soirs.,chaîne,chaîne,Une chaîne est un canal de télévision qui diffuse des programmes. C'est aussi une suite d'anneaux ou de mailles reliés les uns aux autres.,"Du latin catena, signifiant lien ou chaîne.",présent
chef,Le _____ du restaurant prépare un menu spécial pour ce soir.,chef,chef,La personne qui dirige une cuisine ou qui est responsable de la préparation des plats dans un établissement culinaire. C'est aussi le titre donné à celui qui commande ou qui dirige un groupe.,"Du latin caput (tête), via le français ancien chief, qui signifiait ""celui qui est à la tête"".",présent
chemin,Elle a marché sur le _____ pendant deux heures pour atteindre le village.,chemin,chemin,Voie ou route par laquelle on peut passer pour aller d'un endroit à un autre. C'est généralement une bande de terre ou une piste moins importante qu'une route principale.,"Du latin « caminus » (fourneau, route), dérivé du grec ancien « kaminos » (four, fournaise).",passé composé
chemise,Marie a acheté une nouvelle _____ bleue pour le travail.,chemise,chemise,"Un vêtement de dessus avec des manches, généralement boutonné devant. On la porte souvent au bureau ou dans les occasions formelles.","Du latin camisia, d'origine germanique (ancien haut allemand kamisa).",passé composé
cher,Ma grand-mère est très _____ et elle aime beaucoup ses petits-enfants.,chère,cher,"Qui est aimé, apprécié ou estimé. Se dit aussi de quelque chose qui a une valeur affective importante.","Latin carus (aimé, précieux)",présent
cherche,Ma sœur _____ un appartement dans le centre-ville depuis trois mois.,cherche,cherche,Chercher signifie essayer de trouver quelque chose ou quelqu'un en le recherchant activement. C'est aussi l'action de tenter de comprendre ou de découvrir quelque chose.,"Du latin circare, dérivé de circus (cercle), signifiant « tourner autour ».",présent
chercher,Ma sœur _____ ses clés partout dans la maison ce matin.,cherchait,chercher,Chercher signifie essayer de trouver quelque chose ou quelqu'un. C'est entreprendre des efforts pour localiser ou découvrir ce qui est perdu ou caché.,"Du latin circare, signifiant « tourner autour », dérivé de circus « cercle ».",imparfait
cheval,Marie monte un _____ dans la campagne chaque dimanche.,cheval,cheval,"Animal domestique à quatre pattes, utilisé historiquement pour le transport et l'agriculture. C'est un mammifère herbivore de grande taille.","Latin caballus, emprunté au gaulois caballos.",présent
cheveu,Elle a perdu un _____ en brossant ses cheveux ce matin.,cheveu,cheveu,Filament fin qui pousse sur la peau du crâne humain. C'est l'unité singulière de ce qu'on appelle communément les cheveux.,"Du latin capillus, de même sens.",passé composé
chicago,Ma sœur a visité _____ l'année dernière et elle a adoré cette ville.,Chicago,chicago,"Chicago est une grande ville située dans l'État de l'Illinois aux États-Unis, connue pour son architecture impressionnante et sa riche histoire culturelle.","Nom propre de la ville américaine, d'origine algonquine (shikaakwa, oignon sauvage).",passé composé
chien,Mon _____ aime jouer au parc tous les jours.,chien,chien,"Animal domestique à quatre pattes, fidèle compagnon de l'homme. Le chien aboie et peut être dressé pour diverses tâches.","From Latin canis, from Proto-Indo-European *kwon-.",présent
chiffre,Le directeur a analysé les _____ de ventes du trimestre dernier.,chiffres,chiffre,"Un chiffre est un nombre ou un symbole numérique utilisé pour représenter une quantité. En contexte commercial, les chiffres désignent souvent les résultats ou les statistiques financières.","Du latin cifra, emprunté à l'arabe ṣifr (صفر) signifiant « zéro ».",passé composé
chinois,Ma mère prépare un excellent repas _____.,chinois,chinois,"Qui appartient à la Chine, à sa culture, sa langue ou son peuple. Peut désigner aussi la langue parlée en Chine ou un plat cuisiné selon les traditions chinoises.","Du latin « Sinensis », lui-même dérivé du nom chinois « Qin » (秦), la première dynastie impériale de Chine.",présent
choc,Le _____ entre les deux voitures a été très violent.,choc,choc,Collision ou heurt entre deux objets ou deux personnes. Peut aussi désigner une réaction émotionnelle intense provoquée par un événement inattendu.,"From English ""shock"", itself from Old Dutch ""schok""",passé composé
chocolat,Ma mère adore boire une tasse de _____ chaud le matin.,chocolat,chocolat,"Produit alimentaire sucré fait à partir de cacao, de sucre et souvent de lait. On peut le consommer sous forme solide, liquide ou en poudre.","From Spanish chocolate, from Nahuatl xocolatl (xoco- 'sour' + atl 'water').",présent
choisir,Elle _____ une robe bleue pour la fête de samedi.,a choisi,choisir,Sélectionner ou décider entre plusieurs options. C'est l'action de prendre une décision en faveur d'une personne ou d'une chose.,"Du frankique (germanique) *kausjan (goûter, tester, choisir). Le verbe a été emprunté au germanique par le français ancien.",passé composé
choix,Elle a dû faire un _____ difficile entre deux universités.,choix,choix,Action de sélectionner une ou plusieurs choses parmi plusieurs possibilités. C'est la décision qu'on prend quand on préfère une option à une autre.,"From Old French choisir, from Frankish *kausjan, related to Old High German kiosan 'to choose'.",passé composé
chou,Ma mère prépare un délicieux _____ farci pour le dîner de ce soir.,chou,chou,Légume vert ou blanc composé de feuilles serrées les unes contre les autres. On peut le manger cru en salade ou cuit de diverses façons.,"Du latin caulis, signifiant tige ou chou.",présent
chouette,Ma sœur a vu une _____ dans l'arbre près de la maison hier soir.,chouette,chouette,"Oiseau nocturne rapace avec de grands yeux ronds et une tête plate, connu pour son cri caractéristique. C'est un prédateur qui chasse principalement la nuit.","Du latin tardif *cavitta, du latin classique cavea (cage, creux), en référence à ses grands yeux creux.",passé composé
chut,"Les enfants jouaient bruyamment, alors leur mère a dit _____ pour qu'ils se taisent.",chut,chut,Interjection utilisée pour demander le silence ou pour faire taire quelqu'un. C'est un bruit que l'on produit en soufflant pour signaler qu'il faut être calme.,Onomatopée imitant le bruit du souffle; origine obscure mais probablement imitative.,passé composé
chute,L'enfant a eu peur après sa _____ du vélo.,chute,chute,"Action de tomber d'une certaine hauteur ou de perdre l'équilibre. C'est aussi le résultat de cette action, comme une blessure ou un dommage.","Du latin caduta, féminin du participe passé de cadere (tomber).",passé composé
château,Le roi a visité le _____ de Versailles avec toute sa famille.,château,château,"Un édifice fortifié de grande taille, résidence seigneuriale ou royale, souvent situé en zone élevée ou entouré de fortifications. C'est un monument historique d'importance architecturale et culturelle.","Du latin « castellum » (forteresse, petit camp fortifié), diminutif de « castrum » (camp, forteresse).",passé composé
chèque,J'ai payé la facture avec un _____.,chèque,chèque,"Un chèque est un document bancaire qui permet de payer une somme d'argent sans utiliser d'espèces. On le remplit avec le montant et le bénéficiaire, puis on le signe.","De l'ancien français ""eschec"", via l'anglais ""check"". Le mot vient du persan ""šāh"" (roi), par le jeu d'échecs. Le sens financier s'est développé à partir de l'idée de contrôle.",passé composé
chéri,Ma grand-mère appelle toujours son petit-fils _____ quand il lui rend visite.,chéri,chéri,Terme d'affection utilisé pour désigner une personne aimée ou précieuse. C'est un mot tendre qui exprime l'amour et l'attachement.,"Du verbe « chérir » (du latin « carus » signifiant « cher, précieux »), transformé en adjectif ou substantif pour désigner quelqu'un de précieux.",présent
cible,L'entreprise a défini sa _____ principale pour cette année.,cible,cible,Une cible est un objectif ou un groupe de personnes que l'on cherche à atteindre. C'est aussi l'objet ou la personne vers laquelle on dirige une action.,"Du latin 'cipolla' (oignon), devenu 'cibola' en espagnol, puis emprunté au français avec le sens de « disque qu'on vise ».",passé composé
ciel,"Le matin, ma grand-mère regarde toujours le _____ pour savoir quel temps il fera.",ciel,ciel,L'espace bleu ou gris au-dessus de nos têtes où se trouvent les nuages et les étoiles. C'est l'atmosphère qui entoure la Terre.,"Du latin caelum, signifiant « voûte céleste, espace au-dessus de la terre ».",présent
cigarette,Mon grand-père fumait une _____ chaque matin avant son café.,cigarette,cigarette,"Un petit rouleau de tabac enrobé de papier fin, destiné à être fumé. C'est un produit du tabac couramment consommé.","From Spanish 'cigarrillo', diminutive of 'cigarro', possibly from Mayan 'sicar' (to smoke).",imparfait
cinéma,"Hier soir, nous sommes allés au _____ pour regarder un film d'action.",cinéma,cinéma,Lieu public où l'on projette des films sur un grand écran. C'est un établissement de divertissement destiné aux spectateurs.,"Du grec ancien κίνημα (kínêma, « mouvement »), influencé par le mot français « cinématographe » inventé par les frères Lumière.",passé composé
circonstance,"Dans ces _____, il a décidé de partir en vacances.",circonstances,circonstance,"Une circonstance est un fait, une situation ou un événement qui accompagne ou influence un acte ou un état. C'est une condition particulière qui caractérise un moment ou une action.","Du latin « circumstantia », composé de « circum » (autour) et « stantia » (état de se tenir), signifiant littéralement « ce qui se tient autour ».",passé composé
ville,Marie habite dans une grande _____ au centre de la France.,ville,ville,"Une ville est une agglomération urbaine de taille importante, avec de nombreux habitants, des bâtiments, des commerces et des services. C'est un centre de population plus grand qu'un village.","Du latin ""civitas"" (citoyenneté, état, cité), de ""civis"" (citoyen).",présent
clair,"Le ciel est très _____ aujourd'hui, sans nuages.",clair,clair,"Qui laisse passer la lumière facilement; transparent ou lumineux. Qui est facile à comprendre, évident.","Du latin classicus, passant par le latin vulgaire clarus (brillant, transparent).",présent
clairement,Elle a expliqué _____ pourquoi elle ne pouvait pas venir à la réunion.,clairement,clairement,"De manière claire, évidente et facile à comprendre. Adverbe qui modifie un verbe pour indiquer que l'action est effectuée de façon transparente et sans ambiguïté.","Du latin ""clarus"" (clair, brillant), auquel s'ajoute le suffixe adverbial latin ""-mente"" (qui devient ""-ment"" en français).",passé composé
classe,Ma fille va aller en _____ demain pour la première fois.,classe,classe,"Un groupe d'élèves qui reçoivent un enseignement ensemble dans une école. C'est aussi le lieu, la salle où se déroule cet enseignement.","Du latin classicus, signifiant « de première ordre » ou « qui appartient aux classes romaines ».",futur proche
classique,La musique _____ de Mozart reste très populaire auprès des mélomanes.,classique,classique,Qui appartient à l'Antiquité gréco-romaine ou qui suit les principes traditionnels d'harmonie et de forme. Se dit aussi de ce qui est reconnu comme un modèle d'excellence dans son domaine.,"Du latin classicus (de première classe), dérivé de classis (classe, division du peuple romain).",présent
client,Le _____ attend son tour à la caisse du magasin.,client,client,Une personne qui achète des biens ou des services auprès d'un commerçant ou d'une entreprise. C'est celui qui consomme ou utilise ce qui est vendu.,"Du latin « cliens », qui désignait dans la Rome antique une personne placée sous la protection d'un patron; le sens s'est transformé pour désigner une personne qui achète.",présent
clinique,Ma mère travaille dans une _____ depuis dix ans.,clinique,clinique,"Un établissement de santé où l'on soigne les malades, généralement plus petit qu'un hôpital. Une clinique peut être spécialisée dans certains domaines médicaux.","Du grec ancien κλίνη (klinē, « lit »), par le latin clinica, signifiant littéralement « relatif au lit ».",présent
cloche,La _____ de l'église sonne chaque dimanche matin.,cloche,cloche,Objet en métal de forme ronde et creuse qui produit un son quand on la frappe. Elle est souvent utilisée pour annoncer l'heure ou appeler les fidèles.,"Du latin ecclésiastique *clocca*, d'origine probablement celtique ou imitative du son.",présent
club,Mon frère va rejoindre un _____ de football ce mois-ci.,club,club,"Une association ou organisation de personnes qui partagent un intérêt commun. Un club peut être sportif, social, culturel ou autre.","Emprunté de l'anglais « club », lui-même probablement d'origine germanique (du vieil anglais « clubbe », signifiant « gourdin » ou « masse »).",futur proche
clé,La _____ de ma maison a disparu et je ne peux pas entrer.,clé,clé,Objet métallique qui sert à ouvrir ou fermer une serrure. C'est un instrument indispensable pour accéder à un lieu fermé.,"Du latin populaire clave, dérivé du latin classique clavis (clou, clé).",présent
coach,Notre équipe de football a besoin d'un bon _____ pour améliorer nos performances.,coach,coach,Un coach est un entraîneur qui guide et prépare une équipe ou une personne dans le sport ou le développement personnel. Il donne des conseils et des instructions pour atteindre des objectifs.,"From English 'coach', itself from the town of Kocs in Hungary, via French adoption in the 20th century.",présent
cochon,Mon oncle élève des _____ à la ferme depuis vingt ans.,cochons,cochon,"Animal domestique de la famille des suidés, élevé pour sa viande et ses autres produits. C'est un mammifère omnivore reconnaissable à son groin et sa queue en tire-bouchon.","Du latin cocchinus, probablement d'origine onomatopéique ou liée à des langues celtes.",présent
code,"Pour entrer dans le bâtiment, tu dois taper le _____ sur le clavier.",code,code,Suite de caractères ou de chiffres servant à identifier ou à donner accès à quelque chose. Système de règles ou de conventions établies.,"De l'ancien français ""code"", du latin ""codex"" (tablette de bois, livre).",présent
coeur,Elle a écouté la musique avec tout son _____.,cœur,coeur,"Organe vital qui pompe le sang dans le corps. Au figuré, siège des émotions et des sentiments.","Du latin cor, cordis, apparenté au grec kardia (καρδία). La forme française vient de l'accusatif latin cor(d)em.",passé composé
coffre,Elle a ouvert le _____ pour chercher ses documents importants.,coffre,coffre,"Un meuble ou une structure fermée et sécurisée, souvent utilisé pour ranger des objets de valeur ou des documents précieux. C'est généralement un conteneur robuste avec un système de fermeture.","Du latin « coffinus », emprunté au grec « kophinos » (panier, corbeille).",passé composé
coin,Ma grand-mère aime s'asseoir dans le _____ du salon pour lire son journal.,coin,coin,Un espace ou une surface formée par la rencontre de deux lignes ou de deux plans. C'est aussi une région ou un petit endroit d'un lieu.,"Du latin cuneus (coin, wedge), apparenté au français cunéiforme.",présent
coincé,Ma voiture _____ dans le garage depuis trois jours.,est coincée,coincé,"Bloqué, immobilisé ou serré dans un espace étroit d'où on ne peut pas s'échapper facilement. Le mot décrit une situation où quelque chose ou quelqu'un est prisonnier d'une position difficile.","Du verbe coincer, issu du latin populaire *cuneare, dérivé de cuneus (coin, wedge). Le sens de « bloquer » s'est développé à partir de l'image physique d'enfoncer un coin.",passé composé
colle,Ma mère _____ les photos sur l'album avec du papier spécial.,colle,colle,Substance adhésive utilisée pour attacher ou fixer deux surfaces ensemble. Le verbe 'coller' signifie appliquer de la colle ou faire adhérer quelque chose.,"Du latin 'colla', dérivé du grec 'kolla', signifiant 'colle' ou 'glue'.",présent
collier,Ma grand-mère porte un magnifique _____ en or autour de son cou.,collier,collier,"Bijou porté autour du cou, composé généralement d'une chaîne ou d'un cordon auquel peuvent être attachées des pierres précieuses ou d'autres ornements. C'est un accessoire de parure très courant.","Du latin 'collarium', dérivé de 'collum' signifiant 'cou'.",présent
collègue,Ma _____ travaille dans le même bureau que moi depuis trois ans.,collègue,collègue,Une personne qui partage le même lieu de travail ou la même profession qu'une autre. C'est un compagnon professionnel avec lequel on collabore.,"Du latin collega, composé de col- (cum, avec) et legere (choisir, désigner).",présent
colonel,Le _____ a commandé ses troupes pendant la bataille.,colonel,colonel,"Un colonel est un officier militaire de haut rang, généralement à la tête d'un régiment. C'est un grade intermédiaire entre le major et le général.","From Spanish coronel, from Italian colonnello, diminutive of colonna (column), referring to the officer leading a column of soldiers.",passé composé
colère,Ma mère était en _____ quand j'ai cassé son vase préféré.,colère,colère,État émotionnel intense caractérisé par une forte irritation ou une vive irritabilité. C'est une réaction passagère face à une situation perçue comme injuste ou frustrante.,"Du latin « cholera » (vomissement biliaire), emprunté au grec « χολέρα » (kholera), dérivé de « χολή » (kholé, bile). Le mot s'est étendu du sens médical au sens émotionnel.",imparfait
combat,Les deux boxeurs _____ dans le ring avec beaucoup d'intensité.,combattent,combat,"Engager une lutte, une bataille ou une compétition contre un adversaire. Le verbe « combattre » signifie se battre physiquement ou figurer dans un conflit.","Du latin « combattere », composé de « com- » (avec) et « battere » (frapper).",présent
combattre,Les soldats _____ l'ennemi sur le champ de bataille.,vont combattre,combattre,Engager un combat contre quelqu'un ou quelque chose ; lutter activement contre un adversaire ou un problème.,"Du latin combattere, composé de com- (avec) et battere (frapper).",futur proche
combien,_____ de livres as-tu lus pendant les vacances?,Combien,combien,Adverbe interrogatif qui sert à demander la quantité ou le nombre de quelque chose. Il peut également être utilisé comme adjectif interrogatif pour préciser un nom.,"Du latin « quam multum » (combien, en quelle quantité), composé de « quam » (que, combien) et « multum » (beaucoup).",passé composé
comité,Le _____ de direction a décidé d'augmenter les salaires des employés.,comité,comité,Un groupe de personnes désignées pour discuter d'une question spécifique et prendre des décisions. C'est un organe collectif responsable de certaines tâches dans une organisation.,"Du latin médiéval 'comitatus', dérivé de 'comes' (comte), qui signifiait originellement la suite ou l'entourage d'un comte.",présent
commandant,Le _____ de la base militaire a donné des ordres à tous les soldats ce matin.,commandant,commandant,"Un officier militaire qui commande une unité, un navire ou une base. C'est aussi une personne qui a l'autorité et le pouvoir de diriger.","Du verbe « commander » (du latin « commandare », composé de « com- » et « mandare » signifiant « confier »), avec le suffixe nominal « -ant ».",présent
commande,Le client _____ trois pizzas pour le dîner de ce soir.,va commander,commande,Commande est l'action de demander un produit ou un service à un fournisseur ou un commerçant. C'est aussi le document ou l'instruction qui formalise cette demande.,"Du latin commandare, composé de com- (avec) et mandare (confier, ordonner).",futur proche
commencer,Nous _____ nos devoirs à 18 heures chaque jour.,commençons,commencer,"Débuter, entamer quelque chose. C'est l'action de faire ses premiers pas dans une activité.","Du latin vulgaire *cominitiare, composé de com- + initiare (commencer, débuter).",présent
commettre,Elle _____ une erreur grave lors de l'examen.,a commis,commettre,"Faire quelque chose de mal ou d'illégal ; accomplir un acte répréhensible. Exemple : commettre un crime, commettre une faute.","Du latin committere (com- + mittere), signifiant « mettre ensemble » ou « confier », puis « faire, accomplir ».",passé composé
commissaire,Le _____ de police a interrogé les témoins de l'accident hier matin.,commissaire,commissaire,Un commissaire est un officier de police de haut rang chargé de diriger un commissariat et de superviser les enquêtes criminelles. C'est une autorité publique responsable de l'ordre et de la sécurité dans sa juridiction.,"Du latin commissarius, dérivé de committere (confier, remettre).",présent
commun,Nous avons _____ des intérêts avec nos voisins et nous nous entendons bien.,des intérêts communs,commun,"Qui appartient à plusieurs personnes ou choses, qui est partagé. Qui est ordinaire, habituel, sans particularité.","Du latin communis, dérivé de cum (avec) et munis (service, charge), littéralement « qui a les mêmes charges ».",présent
communauté,La _____ locale s'engage à protéger l'environnement et à soutenir les projets sociaux.,communauté,communauté,"Un groupe de personnes vivant dans le même lieu ou partageant des intérêts, des valeurs ou des objectifs communs. C'est l'ensemble des individus formant une collectivité organisée.","Du latin communitas, dérivé de communis (commun).",présent
compagnie,Marie aime voyager en _____ avec ses amis plutôt que seule.,compagnie,compagnie,La compagnie est la présence d'une ou plusieurs personnes auprès de quelqu'un d'autre. C'est aussi une groupe de personnes réunies pour une activité commune.,"Du latin « companio » (celui qui partage le pain), composé de « com- » (avec) et « panis » (pain).",présent
complet,Le repas de famille était _____. Tout le monde était satisfait.,complet,complet,"Qui contient tous les éléments, qui n'est pas incomplet. Qui a atteint son accomplissement total.","Du latin completus, participe passé de complere (remplir, accomplir), composé de com- (avec) et plenus (plein).",imparfait
compliqué,Cette équation mathématique est vraiment _____.,compliquée,compliqué,"Qui est difficile à comprendre, à résoudre ou à expliquer; qui présente de nombreuses difficultés ou obstacles.","Du latin ""complicatus"", participe passé de ""complicare"" (plier ensemble), de ""com-"" (ensemble) et ""plicare"" (plier).",présent
complètement,Elle _____ oublié son rendez-vous chez le médecin hier.,a complètement,complètement,"De manière totale, sans exception, ou sans aucune réserve. Adverbe qui modifie un adjectif ou un verbe pour indiquer une action ou un état absolu.","Du latin completus (rempli, achevé), participe passé de complere (remplir, accomplir), formé de com- (avec) et plere (remplir).",passé composé
comportement,Le _____ de cet enfant à l'école s'est amélioré depuis le mois dernier.,comportement,comportement,Manière d'agir ou de se conduire d'une personne dans une situation donnée. C'est l'ensemble des réactions et des actions qu'une personne manifeste face à son environnement.,"Du latin comportare (com- + portare, porter ensemble), signifiant « supporter, endurer ».",passé composé
comprendre,Les étudiants _____ les instructions du professeur pendant la leçon.,comprennent,comprendre,"Saisir le sens, la signification de quelque chose. Avoir l'intelligence, la connaissance de quelque chose.",Latin comprehendere (com- « avec » + prehendere « saisir »),présent
compris,Les enfants _____ les instructions du professeur avant de commencer l'exercice.,ont compris,compris,Saisir le sens ou la signification de quelque chose. Avoir connaissance ou conscience de quelque chose.,"Du latin comprehendere, formé de com- (avec) et prehendere (saisir).",passé composé
compte,Elle _____ sur ses amis pour l'aider à organiser la fête.,compte,compte,Signifie faire confiance à quelqu'un ou dépendre de quelqu'un. Le verbe « compter » exprime une attente ou une dépendance envers une personne ou une chose.,"Du latin « computare » (calculer, énumérer), formé de « com- » (avec) et « putare » (considérer, penser).",présent
compter,Elle _____ partir en vacances la semaine prochaine avec sa famille.,va compter,compter,"Compter signifie énumérer des nombres successifs ou calculer une quantité. Dans ce contexte, cela peut aussi signifier « avoir l'intention » ou « prévoir ».","Du latin computāre, composé de com- (avec) et putāre (évaluer, penser).",futur proche
concentrer,Les étudiants _____ leur attention sur les explications du professeur pendant le cours.,concentrent,concentrer,Rassembler son attention ou ses efforts sur une seule chose. Diriger toute son énergie mentale vers un objectif précis.,"Du latin concentrare, composé de con- (ensemble) et centrare (mettre au centre), dérivé de centrum (centre).",présent
concerner,Les nouvelles mesures gouvernementales _____ principalement les petites entreprises.,concernent,concerner,Avoir rapport à quelque chose ou quelqu'un; être relatif à. Toucher ou affecter une personne ou une chose.,"Du latin concernere, composé de con- (avec) et cernere (cribler, discerner), littéralement « cribler ensemble ».",présent
concert,"Hier soir, nous avons écouté un _____ magnifique à la salle de spectacle.",concert,concert,Un spectacle musical où des musiciens ou des chanteurs se produisent devant un public. C'est un événement où on peut écouter de la musique en direct.,"Du latin « concertare » signifiant « mettre en accord, harmoniser ».",passé composé
concours,Elle a participé à un _____ de mathématiques l'année dernière.,concours,concours,Un concours est une compétition où plusieurs personnes participent pour remporter un prix ou une récompense. C'est aussi un examen sélectif destiné à recruter des candidats.,"Du latin concursus, participe passé de concurrere (courir ensemble), composé de con- (avec) et currere (courir).",passé composé
condamné,Le criminel a été _____ à dix ans de prison par le tribunal.,condamné,condamné,Déclaré coupable et puni par une autorité judiciaire. Le condamné est une personne reconnue coupable d'un crime ou d'un délit.,"Du latin condamnare, composé de com- (avec) et damnare (déclarer coupable, endommager).",passé composé
condition,"Pour obtenir ce visa, vous devez accepter les _____ du gouvernement.",conditions,condition,Une condition est une circonstance ou une exigence qui doit être remplie pour qu'quelque chose se produise ou soit accepté. C'est une clause ou un terme imposé comme nécessaire.,"Du latin « conditio » signifiant « arrangement, accord, état », dérivé de « condire » (combiner, établir).",présent
conduire,Ma mère _____ la voiture tous les jours pour aller au travail.,conduit,conduire,Conduire signifie diriger un véhicule motorisé sur la route. C'est aussi guider ou mener quelqu'un ou quelque chose vers une destination.,"Du latin conducere, composé de con- (avec) et ducere (mener, guider).",présent
conduite,La _____ de cette voiture est très sûre et fiable.,conduite,conduite,La manière de diriger un véhicule automobile. C'est aussi l'action de conduire ou le comportement d'une personne.,"Du latin conducta, participe passé féminin de conducere (mener, guider).",présent
confiance,Elle a perdu _____ en son ami après qu'il l'a trahie.,confiance,confiance,Sentiment de sécurité et de certitude envers quelqu'un ou quelque chose. C'est la croyance que l'on peut se fier à une personne ou à une situation.,"Du latin « confidentia », dérivé de « confidere » (cum- « avec » + fidere « se fier »).",passé composé
conférence,La ministre va donner une _____ sur les changements climatiques demain.,conférence,conférence,Une conférence est une réunion ou une présentation publique où un orateur expose ses idées ou ses recherches sur un sujet particulier. C'est aussi une discussion entre plusieurs personnes pour débattre d'une question importante.,"Du latin médiéval 'conferentia', dérivé de 'conferre' (mettre ensemble, confronter), composé de 'con-' (avec) et 'ferre' (porter).",futur proche
connaissance,Ma professeure a pris _____ de mes progrès en mathématiques.,connaissance,connaissance,Fait de connaître quelque chose ou quelqu'un ; information ou compétence acquise. C'est aussi l'action de savoir ou de comprendre.,"Du latin « cognoscentia », dérivé de « cognoscere » (connaître), composé de « co- » (avec) et « gnoscere » (connaître).",passé composé
connaître,Elle _____ le directeur de l'école depuis plusieurs années.,connaît,connaître,Avoir une connaissance de quelqu'un ou de quelque chose ; être au courant de l'existence ou des caractéristiques de quelque chose.,"Latin cognoscere (cum + noscere, 'apprendre à connaître')",présent
conscience,Elle a bonne _____ et elle aide toujours les personnes en difficulté.,conscience,conscience,Connaissance intuitive du bien et du mal qui guide nos actions morales. C'est la voix intérieure qui nous pousse à agir selon nos principes éthiques.,"Du latin ""conscientia"", composé de ""com-"" (avec) et ""scientia"" (science, connaissance), signifiant littéralement ""connaissance partagée avec soi-même"".",présent
conseil,Ma mère m'a donné un bon _____ avant mon examen important.,conseil,conseil,Un conseil est une opinion ou une suggestion donnée à quelqu'un pour l'aider à prendre une bonne décision. C'est aussi un groupe de personnes réunies pour délibérer ou gouverner.,"Du latin « consilium » (deliberation, assembly), dérivé de « consulere » (to consult, deliberate).",passé composé
conseiller,Mon père m' _____ d'étudier les mathématiques pour réussir mes examens.,a conseillé,conseiller,Conseiller signifie donner un avis ou une recommandation à quelqu'un pour l'aider à prendre une bonne décision. C'est offrir des suggestions basées sur l'expérience ou la sagesse.,"Du latin consiliarius, dérivé de consilium (conseil, délibération).",passé composé
construire,Les ouvriers _____ une nouvelle maison dans notre quartier.,construisent,construire,"Édifier, assembler des matériaux pour créer une structure, un bâtiment ou une infrastructure. Action de fabriquer quelque chose de manière progressive et structurée.","Latin construere, de com- (avec) + struere (arranger, édifier)",présent
contact,Je _____ mon ami demain pour discuter du projet.,vais contacter,contact,"Établir une communication avec quelqu'un, entrer en relation avec une personne. C'est l'action de prendre contact avec quelqu'un pour échanger des informations.","From Latin contactus, past participle of contingere (to touch, to reach), from con- (together) + tangere (to touch).",futur proche
contacter,"Demain, je _____ mon professeur pour lui poser une question importante.",vais contacter,contacter,"Établir une communication avec quelqu'un, généralement par téléphone, email ou en personne. C'est l'action de se mettre en relation avec une personne.","Du latin contactus, participe passé de contingere (toucher, être en contact), composé de con- (avec) et tangere (toucher).",futur proche
content,Ma mère est _____ de mon nouveau travail.,contente,content,"Le mot « content » signifie satisfait, heureux ou qui a obtenu ce qu'on désirait. C'est un adjectif qui exprime un état de satisfaction ou de plaisir.","Du latin « contentus », participe passé de « continere » (retenir, contenir), signifiant littéralement « tenu, contenu dans ».",présent
conter,Ma grand-mère _____ des histoires fascinantes à ses petits-enfants chaque dimanche.,conte,conter,"Conter signifie raconter une histoire ou un récit, généralement de manière narrative et souvent avec des détails intéressants. C'est l'acte de faire un conte ou une narration.","Du latin computāre (compter, énumérer), puis évolution sémantique vers « raconter ».",présent
continuer,Elle _____ ses études à l'université pendant trois ans avant de trouver un emploi.,a continué,continuer,"Poursuivre une action, une activité ou un processus sans interruption. Maintenir quelque chose en cours ou en progression.","Du latin continuare, formé de continere (tenir ensemble), de cum (avec) et tenere (tenir).",passé composé
contraire,"Elle pense que c'est vrai, mais c'est le _____.",contraire,contraire,"Ce qui s'oppose à quelque chose, ce qui est inverse ou opposé. Le contraire est la chose qui présente des caractéristiques opposées.","From Latin contrarius, from contra (against, opposite).",présent
contrat,Elle a signé un _____ avec sa nouvelle entreprise le mois dernier.,contrat,contrat,Un accord officiel entre deux ou plusieurs parties qui définit les droits et les obligations de chacun. C'est un document juridique qui engage les signataires à respecter les conditions convenues.,"Du latin contractus, participe passé de contrahere (« réunir, conclure »), composé de con- (« avec ») et trahere (« tirer, entraîner »).",passé composé
contre,Les joueurs de l'équipe A jouent _____ l'équipe B ce soir.,contre,contre,Préposition indiquant l'opposition ou l'hostilité entre deux éléments. Elle exprime aussi le contact ou la proximité immédiate.,"Du latin contra (en face de, contre).",présent
contrôle,Le professeur _____ les devoirs des étudiants chaque semaine.,contrôle,contrôle,"Vérifier, examiner ou surveiller quelque chose pour s'assurer qu'il est conforme ou correct. C'est aussi l'action de vérifier l'exactitude ou la qualité de quelque chose.","Du latin médiéval 'contrarotulus' (rôle ou registre de contre-vérification), composé de 'contra-' (contre) et 'rotulus' (rouleau, registre).",présent
contrôler,Les agents de police _____ les documents à l'entrée du musée.,contrôlent,contrôler,"Vérifier, examiner quelque chose ou quelqu'un pour s'assurer que tout est en ordre ou conforme aux règles. Exercer une autorité ou une surveillance sur une personne ou une situation.","Du latin médiéval « contrarotulus », composé de « contra » (contre) et « rotulus » (rouleau), désignant un registre de vérification.",présent
convaincre,Je dois _____ mon ami que c'est une bonne idée.,convaincre,convaincre,Amener quelqu'un à croire quelque chose ou à faire quelque chose en utilisant des arguments ou de la persuasion. C'est faire en sorte qu'une personne accepte une opinion ou une proposition.,"Du latin convincere, composé de con- (avec) et vincere (vaincre, surmonter).",présent
conversation,"Hier soir, nous avons eu une longue _____ avec nos amis sur la politique.",conversation,conversation,Échange de paroles entre deux ou plusieurs personnes. C'est une interaction verbale où l'on discute d'un sujet.,"Du latin conversatio, dérivé de conversari (vivre avec, fréquenter), composé de con- (avec) et versari (tourner, se tourner).",passé composé
cool,Ce film était vraiment _____.,cool,cool,"Adjectif invariable signifiant sympathique, agréable ou à la mode. Emprunté de l'anglais, il décrit quelque chose ou quelqu'un qui est attrayant ou impressionnant.","Emprunté de l'anglais « cool » (frais, calme), qui vient du moyen anglais « cole » et du vieil anglais « cōl ».",imparfait
copie,L'étudiant a remis sa _____ au professeur hier.,copie,copie,Une reproduction écrite d'un texte ou d'un document. C'est aussi le travail écrit d'un élève remis pour évaluation.,"Du latin « copia » signifiant « abondance, provision ».",passé composé
copine,"Ma _____ et moi, nous allons au cinéma ce soir.",copine,copine,"Une copine est une amie, une jeune fille ou une femme avec laquelle on entretient une relation amicale. C'est aussi le terme familier pour désigner une petite amie ou une compagne.","Du latin populaire *cuppana, diminutif de cuppa (coupe, compagnie), formé sur le modèle des mots en -ina. Le terme s'est développé en français médiéval pour signifier d'abord une compagne de table, puis une amie.",futur proche
corde,Le marin a attaché la _____ au poteau avant de partir en mer.,corde,corde,"Objet long et flexible, généralement en fibres tressées, utilisé pour attacher, tirer ou soutenir quelque chose. Elle est couramment utilisée dans les domaines nautiques, de construction ou de loisirs.","Du latin corda, pluriel de cordum (corde d'instrument de musique), lui-même du grec χορδή (khordḗ).",passé composé
corps,Le médecin examine le _____ du patient pour vérifier sa santé.,corps,corps,"La partie physique d'une personne ou d'un animal, composée de la tête, du tronc et des membres. C'est l'ensemble des organes et des tissus qui forment un être vivant.","Du latin corpus, signifiant « corps, substance matérielle ».",présent
correct,Votre réponse est _____.,correcte,correct,Corriger signifie identifier et réparer les erreurs ou les fautes dans un travail. C'est aussi l'action d'améliorer quelque chose qui n'est pas bon.,"Du latin corrigere, composé de co- (avec) et regere (diriger, conduire), littéralement 'rediriger'.",présent
correspondre,Les couleurs de ce tableau ne _____ pas avec le style de la maison.,correspondent,correspondre,"Être en accord, en harmonie avec quelque chose; avoir une relation de similarité ou de convenance. Correspondre signifie aussi échanger de la correspondance par écrit.","Du latin correspondere, formé de cor- (avec) et respondēre (répondre).",présent
costume,"Pour le bal masqué, elle a choisi un _____ rouge et magnifique.",costume,costume,"Un vêtement complet composé généralement d'une veste et d'un pantalon, porté pour des occasions formelles ou des déguisements. C'est aussi l'ensemble des habits traditionnels d'une région ou d'une époque.","De l'italien ""costume"", du latin ""consuetudo"" (habitude, coutume), de ""consuetus"" (habitué).",passé composé
cou,Elle s'est cassé le _____ en tombant de l'escalier.,cou,cou,Partie du corps qui relie la tête au tronc. C'est une région anatomique importante pour la mobilité et la circulation.,Du latin « collum »,passé composé
couche,Le bébé _____ sur son matelas après le repas.,couche,couche,Vêtement ou accessoire que l'on met sur un bébé pour absorber ses besoins. C'est aussi une fine couche de matière qui recouvre une surface.,"Du latin *coacta, participe passé féminin de *coagere (presser ensemble).",présent
coucher,"Après une longue journée de travail, ma mère _____ les enfants à 20 heures.",va coucher,coucher,"Mettre quelqu'un au lit, généralement pour dormir. Le verbe signifie aussi s'allonger pour reposer.","Du latin collocare (placer, poser), composé de com- et locare (placer).",futur proche
couché,Le bébé était _____ dans son lit quand sa mère est entrée dans la chambre.,couché,couché,"Couché est l'état d'une personne ou d'un animal allongé sur un lit ou sur le sol. C'est aussi le participe passé du verbe coucher, signifiant être étendu horizontalement.","Du verbe coucher, issu du latin collocare (« placer ensemble »), composé de cum (« avec ») et locare (« placer »).",imparfait
couleur,Ma fille a choisi le rose comme _____ pour sa chambre.,couleur,couleur,La couleur est la perception visuelle produite par la lumière. C'est une propriété des objets qui dépend de la réflexion ou de l'absorption des rayons lumineux.,"Du latin «color», qui signifie «teinte» ou «apparence».",passé composé
couloir,Les étudiants marchent dans le _____ pour se rendre à la classe de français.,couloir,couloir,"Un passage couvert qui relie plusieurs pièces ou salles dans un bâtiment. C'est un espace étroit et long généralement situé à l'intérieur d'une école, d'un hôpital ou d'un hôtel.","Du latin « curere » (courir), par l'intermédiaire du verbe ancien français « coler » (couler, s'écouler).",présent
coup,Elle a reçu un _____ au visage pendant la bagarre.,coup,coup,"Un coup est un contact violent et soudain entre deux choses, généralement donné avec la main ou un objet. C'est aussi un événement ou une action qui produit un effet soudain et souvent inattendu.","Du latin colpus, variante de colpeus, dérivé de collum (frapper).",passé composé
coupable,Le voleur qui a volé le bijou est _____.,coupable,coupable,"Coupable signifie responsable d'une faute, d'un crime ou d'une erreur. Une personne coupable est celle qui a commis un acte répréhensible.","Du latin culpabilis, dérivé de culpa (faute, blâme).",présent
coupe,Elle _____ les cheveux de sa fille avant l'école.,coupe,coupe,"Action de diviser, de séparer quelque chose avec un instrument tranchant. Peut aussi désigner une coiffure ou un vêtement ajusté.","Du latin vulaire *cuppa, dérivé du latin classique cupa (tonneau, récipient). Le verbe couper provient de la même racine.",présent
couper,Ma mère _____ les légumes pour la soupe hier soir.,a coupé,couper,Diviser quelque chose en morceaux avec un instrument tranchant. Séparer une partie d'un tout.,"Du latin colpus (coup), passé par l'ancien français colper.",passé composé
couple,Le _____ marche main dans la main dans le parc.,couple,couple,Deux personnes liées par une relation amoureuse ou un mariage. Un ensemble de deux éléments formant une unité.,"From Latin copula (bond, tie, link), related to copulare (to join together).",présent
coupé,Elle _____ le gâteau en deux parts égales pour le dessert.,a coupé,coupé,Diviser quelque chose en morceaux avec un couteau ou un instrument tranchant. Séparer une chose en deux ou plusieurs parties.,"Du latin populaire *cuppus, probablement d'origine onomatopéique imitant le bruit de la coupure.",passé composé
cour,Les enfants jouent dans la _____ de l'école.,cour,cour,"Espace découvert entouré de murs ou de bâtiments, généralement attaché à une maison ou une institution. C'est un lieu où les enfants peuvent jouer à l'école.","Du latin corte, variante de cohors (enclos, groupe de soldats).",présent
courage,Elle a besoin de _____ pour affronter cette épreuve difficile.,courage,courage,"Qualité de celui qui a de la bravoure, de la fermeté face au danger ou à la difficulté. C'est la capacité à surmonter la peur et à agir malgré les obstacles.","Du latin « cor » (cœur) avec le suffixe « -age », littéralement « ce qui vient du cœur ».",présent
courageux,Les pompiers _____ ont sauvé les gens du bâtiment en feu.,courageux,courageux,"Qui a du courage, qui ne craint pas le danger ou la difficulté. Qualité de celui qui affronte les obstacles avec résolution et sans peur.","Du latin « coraticum », dérivé de « cor » (cœur), signifiant littéralement « qui a du cœur ».",présent
courant,"Attention, il y a du _____ dans ces fils électriques.",courant,courant,"Se déplacer, se mouvoir d'un endroit à un autre. Pour l'électricité, c'est le mouvement du courant électrique à travers un circuit.","Du latin circulare, dérivé de circulus (cercle).",présent
courir,"Demain, ma sœur _____ dans le parc avec ses amies.",va courir,courir,Se déplacer rapidement en utilisant ses jambes. C'est un mouvement plus rapide que la marche.,"Du latin currere, signifiant « se mouvoir rapidement ».",futur proche
courrier,Ma mère va chercher le _____ à la poste ce matin.,courrier,courrier,Ensemble des lettres et des paquets envoyés ou reçus par voie postale. C'est aussi le service de distribution de ces envois.,"Du latin « currere » (courir), par l'intermédiaire du latin médiéval « currarius » (celui qui court, messager).",futur proche
cours,Elle _____ à l'université tous les matins pour suivre ses études.,court,cours,"Se déplacer rapidement en mettant un pied devant l'autre plus vite que la marche. Ici, utilisé au sens figuré ou littéral pour indiquer une action rapide.","Du latin currere, signifiant « se mouvoir rapidement ».",présent
course,Ma mère va faire les _____ au marché ce matin.,courses,course,"La course est l'action d'aller acheter des choses, notamment des provisions alimentaires. C'est aussi un trajet ou une distance parcourue rapidement.","Du latin cursus, participe passé de currere (courir).",futur proche
court,Le coureur _____ très vite pendant la compétition.,court,court,Se déplacer rapidement en utilisant ses jambes. C'est l'action de se mouvoir à une vitesse plus élevée que la marche.,"Du latin currere, signifiant « courir ».",présent
cousin,Mon _____ habite en Belgique et nous nous voyons chaque été.,cousin,cousin,Le cousin est le fils de l'oncle ou de la tante. C'est un membre de la famille par le lien de parenté collatérale.,"From Latin cousinus, from co- (together) + sobrinus (cousin on mother's side).",présent
couteau,Ma grand-mère utilise un _____ pour couper le pain à chaque repas.,couteau,couteau,"Un couteau est un ustensile de cuisine composé d'une lame tranchante et d'un manche, utilisé pour couper les aliments. C'est un outil essentiel dans la cuisine.","Du latin « cultellus », diminutif de « culter » (couteau).",présent
couvert,"Hier soir, nous avons mangé au restaurant, et la table était _____ d'une nappe blanche.",couverte,couvert,Recouvert ou caché par quelque chose. État d'une surface qui n'est pas visible car recouverte d'un objet.,"Du latin cooperire (co- + operire), signifiant « couvrir ».",imparfait
couverture,Ma sœur a acheté une nouvelle _____ pour son lit hier.,couverture,couverture,"Tissu ou pièce d'étoffe qui sert à couvrir et à réchauffer, particulièrement sur un lit. C'est aussi l'enveloppe extérieure d'un livre ou d'un magazine.","Du latin coopertura, dérivé de cooperire (couvrir).",passé composé
couvrir,Elle _____ sa maison avec une nouvelle peinture ce weekend.,va couvrir,couvrir,Mettre quelque chose sur ou autour d'une surface pour la protéger ou la cacher. Recouvrir entièrement.,"Du latin cooperire, composé de co- (avec) et operire (couvrir).",futur proche
coûter,Cette nouvelle robe _____ beaucoup trop cher pour mon budget.,coûte,coûter,"Avoir un prix, demander une certaine somme d'argent en échange. Représenter une dépense ou un sacrifice.","Du latin ""constare"" (coûter, valoir), composé de ""com-"" (avec) et ""stare"" (se tenir, être établi).",présent
craindre,Ma mère _____ toujours que je ne rentre trop tard le soir.,craint,craindre,"Avoir peur de quelque chose, redouter un danger ou un événement désagréable. C'est un sentiment d'appréhension face à ce qui pourrait se produire.","Du latin claudere (fermer), par métaphore du cœur qui se serre d'inquiétude. Anciennement lié à l'idée de constriction physique exprimant la peur.",présent
cri,L'enfant a poussé un _____ de joie quand il a vu le cadeau.,cri,cri,"Un cri est un son fort et aigu poussé par la voix, souvent pour exprimer une émotion intense comme la joie, la peur ou la douleur. C'est une exclamation vocale involontaire ou intentionnelle.","Du latin classique 'quiritare', signifiant « crier », dérivé de 'Quirites' (les citoyens romains).",passé composé
crier,Les enfants _____ de joie quand ils ont vu les cadeaux.,ont crié,crier,"Produire un son fort avec la voix, généralement pour exprimer une émotion intense ou pour attirer l'attention. C'est faire entendre sa voix à voix haute.","Du latin quiritare, de Quirites (les citoyens romains).",passé composé
crime,Le _____ a été commis la nuit dernière dans le centre-ville.,crime,crime,"Un acte illégal grave, particulièrement un acte violent ou meurtrier punissable par la loi. C'est une infraction criminelle qui cause du tort à la société.","Du latin crīmen (accusation, reproche, crime), de racine indo-européenne *krei- (cribler, passer au tamis, discerner).",passé composé
criminel,La police a arrêté le _____ qui avait volé la banque.,criminel,criminel,Personne qui a commis un crime ou un acte illégal grave. Un criminel est quelqu'un qui viole la loi et peut être poursuivi par la justice.,"Du latin criminalis, dérivé de crimen (accusation, crime).",passé composé
crise,"Pendant la _____, les gouvernements ont dû prendre des mesures urgentes pour protéger l'économie.",crise,crise,"Une période de difficultés graves ou d'instabilité dans un domaine particulier (politique, économique, social, etc.). C'est un moment critique où la situation est tendue et demande une intervention rapide.","Du grec ancien krisis (κρίσις), signifiant « décision, jugement », dérivé de krinein (κρίνειν) « séparer, décider ».",imparfait
critique,La _____ du film était très négative dans les journaux.,critique,critique,"Jugement ou évaluation d'une œuvre, d'une personne ou d'une situation, souvent exprimant des défauts ou des faiblesses. C'est aussi l'examen attentif et réfléchi de quelque chose.","Du latin criticus, emprunté au grec κριτικός (kritikós), dérivé de κρίνειν (krínein) « juger, discerner ».",présent
croire,Ma mère _____ que je vais réussir mon examen.,croit,croire,"Avoir pour vrai, penser que quelque chose est exact ou probable. Accepter comme véritable sans preuve certaine.","Du latin credere (confier, remettre à, croire), d'origine indo-européenne *kerd- (cœur, confiance).",présent
croyais,"Je _____ que tu viendrais à la fête, mais tu n'es pas venu.",croyais,croyais,Penser que quelque chose est vrai ou probable. Avoir confiance ou foi en quelque chose.,"Du latin credere (croire, avoir confiance)",imparfait
crâne,Le médecin a examiné le _____ du patient après l'accident.,crâne,crâne,La partie supérieure de la tête qui contient et protège l'encéphale. C'est une structure osseuse formée par plusieurs os soudés ensemble.,"Du latin cranium, emprunté au grec ancien κρανίον (kranion).",passé composé
crème,Ma mère prépare une délicieuse _____ au chocolat pour le dessert.,crème,crème,"La crème est un produit laitier riche en matière grasse, obtenu par séparation du lait. Elle est utilisée en cuisine pour préparer des desserts, des sauces ou des pâtisseries.","Du latin « crēma », qui signifie « écume » ou « surface », d'origine gauloise.",présent
créature,La sorcière a transformé le jeune prince en une _____ hideuse.,créature,créature,"Un être vivant, animal ou imaginaire, souvent présenté comme étrange ou monstrueux. C'est aussi toute personne ou tout animal considéré dans sa nature physique.","Du latin creatura, dérivé de creare (créer), signifiant littéralement « chose créée ».",passé composé
crédit,"Pour acheter une maison, j'ai demandé un _____ à la banque.",crédit,crédit,Une somme d'argent prêtée par une banque ou un établissement financier à une personne qui s'engage à la rembourser avec intérêts. C'est un accord de financement entre un prêteur et un emprunteur.,"From Latin creditum, past participle of credere (to believe, to trust), meaning literally 'something entrusted'.",passé composé
créer,Les artistes _____ des œuvres magnifiques dans cette galerie.,créent,créer,"Créer signifie faire exister quelque chose de nouveau, donner naissance à une œuvre ou à une idée. C'est l'action de produire ou d'inventer quelque chose qui n'existait pas auparavant.","Du latin creare, signifiant « faire naître, produire ».",présent
crétin,Mon frère pense que je suis un _____ parce que j'ai oublié mes clés.,crétin,crétin,Personne stupide ou sans intelligence. C'est une insulte familière pour désigner quelqu'un de peu intelligent.,"Du latin médiéval cretinus, dérivé de crétinisme, une maladie endémique des Alpes françaises causée par une carence en iode.",présent
cuisine,Ma grand-mère adore la _____ française et prépare des plats délicieux chaque dimanche.,cuisine,cuisine,Art de préparer les aliments pour les manger ; ensemble des plats et des techniques culinaires d'une région ou d'un pays.,"Du latin « coquina », dérivé de « coquere » (cuire).",présent
curieux,Ma grand-mère est _____ de connaître les nouvelles du village.,curieuse,curieux,"Qui désire connaître, savoir quelque chose ; qui manifeste de l'intérêt pour les choses. Personne qui s'intéresse à ce qui ne la concerne pas.","Du latin curiosus, dérivé de cura (soin, souci).",présent
célibataire,Ma sœur est _____ et elle aime sa vie indépendante.,célibataire,célibataire,Une personne célibataire est une personne qui n'est pas mariée. Ce terme désigne aussi quelqu'un qui vit seul sans partenaire de vie.,"Du latin « caelebs » (seul, sans compagnon), avec le suffixe « -aire ».",présent
célèbre,Marie Curie est une scientifique _____ qui a changé le monde.,célèbre,célèbre,Qui est connu par un grand nombre de personnes ; qui jouit d'une grande renommée.,"Du latin « celeber » signifiant « fréquenté, nombreux, célèbre ».",présent
côté,"Elle habite du _____ gauche de la rue, près du parc.",côté,côté,Le côté est la partie latérale d'une chose ou d'un lieu. C'est aussi chacune des surfaces d'un objet.,"Du latin *costate*, dérivé de *costa* (côte, flanc).",présent
cœur,Elle a beaucoup de _____ pour ses amis et sa famille.,cœur,cœur,Organe vital qui pompe le sang dans le corps. C'est aussi le siège des émotions et des sentiments.,"Du latin cor, cordis, apparenté au grec kardia.",présent
dame,La _____ a mis sa robe bleue pour aller au concert hier soir.,dame,dame,"Une femme, généralement d'un certain âge ou d'une certaine distinction sociale. Le terme désigne aussi une femme mariée ou veuve de rang élevé.","Du latin domina (maîtresse, dame), féminin de dominus (maître, seigneur).",passé composé
danger,Les enfants jouent près de la route sans comprendre le _____ qui les menace.,danger,danger,"Situation ou circonstance qui expose quelqu'un à un risque de mal, de blessure ou de perte. État de ce qui est dangereux.","De l'ancien français ""dangier"" (pouvoir, domination), du latin ""dominium"" (pouvoir), avec une influence du latin ""damnum"" (perte, dommage).",présent
dangereux,Les routes de montagne sont très _____ en hiver.,dangereuses,dangereux,"Qui présente un risque, une menace ou un péril pour la sécurité. Qualifie ce qui peut causer du mal ou du dommage.","Du latin « damnum » (dommage) avec le suffixe « -osus », passant par l'ancien français « danger ».",présent
danse,Elle a appris une nouvelle _____ folklorique ce trimestre.,danse,danse,"Mouvement du corps rythmé par la musique, généralement effectué seul ou en groupe. C'est une forme d'expression artistique et de divertissement.","Du verbe latin « dansare », d'origine incertaine, peut-être d'origine germanique ou romane.",passé composé
danser,Les enfants _____ dans la salle de fête samedi dernier.,ont dansé,danser,Se mouvoir au rythme de la musique en effectuant des mouvements coordonnés du corps. C'est une activité artistique et récréative pratiquée seul ou en groupe.,"Du latin « saltare » (sauter), passé par l'ancien français « dancer ».",passé composé
date,Quelle est la _____ de ton anniversaire ?,date,date,"Le jour, le mois et l'année d'un événement ou d'une époque particulière. C'est aussi l'indication du moment précis auquel quelque chose se produit.","From Latin dāta, feminine past participle of dare (to give), originally used in the phrase ""data Romae"" (given in Rome) to indicate when a letter was written.",présent
davantage,Elle veut avoir _____ de temps pour voyager.,davantage,davantage,Une plus grande quantité ou un degré plus élevé de quelque chose. C'est un adverbe invariable qui signifie « plus ».,"Du latin « de » + « avantage », formé de « avant » + « -age ».",présent
debout,"Le matin, ma grand-mère se lève tôt et reste _____ pendant une heure pour regarder le lever du soleil.",debout,debout,"Debout est un adverbe ou un adjectif invariable qui signifie être en position verticale, sur ses pieds. C'est l'opposé de assis ou couché.","Du latin 'de' (de) + 'buttum' (but, poussé), littéralement 'poussé en avant'.",présent
dehors,Les enfants jouent _____ pendant que leurs parents préparent le dîner.,dehors,dehors,"À l'extérieur, en plein air, hors d'une maison ou d'un bâtiment. C'est le contraire de « dedans ».","Du latin « de » (de) + « foris » (porte, extérieur), littéralement « de la porte ».",présent
demain,Je vais voir mes amis _____.,demain,demain,Le jour qui suit immédiatement le jour présent. C'est l'adverbe de temps qui désigne le lendemain.,"Du latin de mane, littéralement « du matin », composé de de (de) et mane (matin).",futur proche
demander,"Hier, je _____ à mon professeur si je pouvais partir plus tôt.",ai demandé,demander,Poser une question à quelqu'un ou solliciter quelque chose. C'est l'action d'adresser une demande ou une interrogation à une personne.,"Du latin demandare, composé de de- et mandare (confier, charger).",passé composé
demande,J'ai fait une _____ de visa pour mon voyage à l'étranger.,demande,demande,La demande est l'action de poser une question ou de solliciter quelque chose. C'est aussi le nom donné à une requête ou une pétition formelle.,"Du latin demandare (de + mandare), signifiant « confier à quelqu'un ».",passé composé
demander,Les enfants _____ à leur mère si elle peut les aider avec les devoirs.,demandent,demander,Poser une question ou faire une requête à quelqu'un pour obtenir une information ou un service. C'est l'action de solliciter quelque chose d'une personne.,"Du latin demandare (confier, remettre), composé de de- (complétif) et mandare (confier, charger).",présent
demi,Je bois une tasse de café _____ chaque matin avant de partir au travail.,demie,demi,Demi est un adjectif ou nom qui signifie la moitié d'une unité. Il s'accorde en genre et en nombre avec le nom qu'il modifie.,"Du latin 'dimidius', signifiant 'divisé en deux parties'.",présent
dent,Ma fille a perdu une _____ en mangeant une pomme.,dent,dent,Petite structure blanche et dure qui pousse dans la bouche et sert à mâcher les aliments. Elle peut être naturelle ou artificielle.,"Du latin 'dens, dentis'",passé composé
dernier,Le _____ film que j'ai regardé hier soir était vraiment magnifique.,dernier,dernier,"Qui vient après tous les autres dans un ordre, une série ou une succession chronologique. L'adjectif « dernier » qualifie ce qui est final ou ultime.","Du latin tardif « derenarius », issu de « de » (de) et « renes » (reins), puis évolution vers le sens de « final » en ancien français.",passé composé
derrière,Le chat se cache _____ la porte pour surprendre les souris.,derrière,derrière,Derrière est une préposition qui indique la position d'une chose située à l'arrière d'une autre. C'est aussi un nom ou un adjectif désignant la partie postérieure du corps ou d'un objet.,"Du latin de retro, signifiant « de l'arrière ».",présent
descend,Les enfants _____ l'escalier pour aller jouer dans le jardin.,descendent,descend,"Aller vers le bas, se mouvoir d'un endroit élevé à un endroit plus bas. Le verbe « descendre » exprime le mouvement de haut en bas.","Du latin « descendere », composé de « de- » (vers le bas) et « scandere » (monter, grimper).",présent
descendre,"Demain, nous _____ les escaliers pour aller au sous-sol.",allons descendre,descendre,"Se déplacer de haut en bas, aller vers un endroit plus bas. C'est le contraire de monter.","Du latin populaire *descendere, composé de de- (de, depuis) et scandere (gravir, monter), d'où le sens inverse de descendre.",futur proche
dessous,"Les chaussettes sont rangées _____ du lit, dans le tiroir.",dessous,dessous,"Préposition ou adverbe indiquant une position inférieure, au-dessous de quelque chose. Peut aussi désigner les vêtements portés sous les autres.","Du latin « de + subtus » (de sous), formé à partir de « sub » (sous).",présent
dessus,Le livre est posé _____ sur la table à côté de mon ordinateur.,dessus,dessus,"Adverbe qui indique la position au-dessus de quelque chose, sur la surface supérieure d'un objet.",Du latin de + supra (au-dessus),présent
destin,Elle croit que son _____ est de devenir médecin.,destin,destin,Le destin est l'enchaînement des événements considéré comme inévitable ou prédéterminé. C'est la destinée ou le sort d'une personne.,"Du latin destinare (fixer, destiner), participe passé destinatus.",présent
deuxième,Ma fille a réussi son _____ examen de mathématiques hier.,deuxième,deuxième,Qui vient après le premier dans une succession ou un ordre. C'est l'ordinal correspondant au nombre deux.,"Du latin ""secundus"" (qui suit, qui vient après), dérivé de ""sequi"" (suivre).",passé composé
devant,Les enfants jouent _____ la maison pendant que leurs parents travaillent.,devant,devant,Devant est une préposition qui indique la position en face de quelque chose ou quelqu'un. Elle peut aussi signifier l'espace situé à l'avant d'une chose.,"Du latin 'de' (de) + 'ante' (avant), formant l'expression 'de ante' (d'avant).",présent
devenir,Ma sœur _____ médecin l'année prochaine après ses études.,va devenir,devenir,"Changer d'état ou de condition, passer d'une situation à une autre. C'est un verbe qui exprime une transformation ou une évolution.","Du latin devenire, composé de de- et venire (venir), signifiant littéralement « venir de ».",futur proche
deviner,Elle _____ toujours les énigmes très rapidement.,devine,deviner,Trouver la réponse à une question ou résoudre un mystère par intuition ou réflexion. Découvrir quelque chose en utilisant son intelligence ou son instinct.,"From Old French deviner, from Latin divinare (to foresee, prophesy), from divinus (divine).",présent
devoir,Marie _____ finir ses devoirs avant de sortir avec ses amies.,doit,devoir,Exprime une obligation ou une nécessité. Le sujet est contraint de faire quelque chose.,"Du latin debere (avoir une dette, être obligé).",présent
devrai,Je _____ finir mes devoirs avant de sortir ce soir.,devrai,devrai,Devoir exprime l'obligation ou la nécessité de faire quelque chose. C'est un verbe modal qui indique ce qu'on est obligé de faire.,"Du latin debere, signifiant « être endetté » ou « être obligé ».",futur proche
diable,Cet enfant est vraiment un _____ ! Il ne fait que des bêtises toute la journée.,diable,diable,"Un _____ est une créature surnaturelle maléfique dans les croyances religieuses et la mythologie. Par extension, on appelle familièrement « _____ » une personne, notamment un enfant, qui est turbulente ou espiègle.","Du latin « diabolus », emprunté au grec « diábolos » (διάβολος), signifiant « celui qui divise » ou « accusateur ».",présent
dieu,Les enfants croient que _____ existe dans le ciel et les protège.,Dieu,dieu,"Être suprême, créateur du monde dans les religions monothéistes. Entité divine vénérée par les croyants.","Du latin « deus », issu de la racine indo-européenne « *deiwos » signifiant « brillant » ou « céleste ».",présent
difficile,Les mathématiques sont _____ pour beaucoup d'étudiants.,difficiles,difficile,"Qui présente des obstacles, qui demande de l'effort ou de la concentration. Qui n'est pas facile à faire ou à comprendre.","Du latin difficilis, composé de dis- (préfixe négatif) et facilis (facile), littéralement « qui n'est pas facile ».",présent
différence,Je ne vois pas la _____ entre ces deux couleurs.,différence,différence,Ce qui distingue une personne ou une chose d'une autre ; caractère de ce qui n'est pas identique.,"Du latin differentia, dérivé de differre (porter en différentes directions, différer).",présent
différent,Les deux sœurs ont des opinions _____ sur la politique.,différentes,différent,"Qui n'est pas semblable, qui présente des caractéristiques distinctes. L'adjectif « différent » s'accorde en genre et en nombre avec le nom qu'il modifie.","Du latin « differens », participe présent de « differre » (différer, être distinct), composé de « dis- » (séparation) et « ferre » (porter).",présent
dimanche,Nous allons au marché tous les _____.,dimanches,dimanche,"Le dimanche est le septième jour de la semaine, qui suit le samedi. C'est traditionnellement un jour de repos et de détente pour beaucoup de personnes.","Du latin ecclesiastique dominica (dies), signifiant « jour du Seigneur », dérivé du latin dominus (maître, seigneur).",présent
dingue,Ma sœur est _____ parce qu'elle aime danser toute la nuit.,dingue,dingue,"Qui est fou, extravagant ou passionné par quelque chose. Se dit de quelqu'un qui agit de manière irrationnelle ou qui a une passion démesurée.","Du romani ding ou de l'argot, d'origine incertaine",présent
dirai,"Demain, je te _____ la vérité sur ce qui s'est passé.",dirai,dirai,Exprimer quelque chose par la parole ; communiquer une information ou une pensée à quelqu'un.,"Du latin dicere, signifiant 'dire, prononcer'.",futur proche
dire,Ma mère _____ la vérité à ma grand-mère demain.,va dire,dire,"Exprimer quelque chose par la parole, communiquer une information ou une pensée. Faire connaître une information verbalement.","Du latin dicere (parler, dire), qui vient de la racine proto-indo-européenne *deik- (montrer, indiquer).",futur proche
direct,Le train _____ part à 9 heures chaque matin.,direct,direct,"Qui va droit au but sans détour, sans intermédiaire. Se dit d'un train ou d'un bus qui ne s'arrête pas aux stations intermédiaires.","Du latin directus, participe passé de dirigere (diriger), signifiant 'conduit droit, en ligne droite'.",présent
directement,Elle _____ au bureau sans passer par la maison.,va aller directement,directement,"De manière immédiate, sans détour ni intermédiaire. Sans interruption ni délai.","Du latin directus (participe passé de dirigere, 'diriger'), avec le suffixe adverbial -ment.",futur proche
directeur,Le _____ de l'école a annoncé les nouvelles règles aux professeurs.,directeur,directeur,"Personne qui dirige une école, une entreprise ou une institution. C'est le responsable principal d'une organisation.","Du latin « director » (celui qui dirige), dérivé de « dirigere » (diriger).",présent
direction,L'entreprise a changé de _____ pour améliorer sa stratégie commerciale.,direction,direction,Le sens vers lequel on se dirige ou le service/département qui gère une organisation. C'est aussi l'action de diriger ou de guider quelque chose.,"Du latin directio, dérivé de dirigere (diriger, conduire).",passé composé
diriger,Le nouvel entraîneur _____ l'équipe de football vers la victoire.,va diriger,diriger,"Conduire, commander ou être à la tête d'une personne, d'un groupe ou d'une organisation. Orienter quelque chose dans une direction déterminée.","Du latin dirigere, composé de dis- (séparation) et regere (diriger, gouverner).",futur proche
disai,"Hier, je _____ à mon ami que j'allais voyager en France.",disais,disai,Exprimer quelque chose par la parole; communiquer une information ou une pensée à quelqu'un.,"Du latin dicere (dire, parler).",imparfait
discours,Le président a prononcé un _____ important devant les députés hier soir.,discours,discours,"Un discours est une allocution prononcée en public, généralement par une personne devant un auditoire. C'est un ensemble de paroles organisées sur un sujet particulier.","Du latin « discursus », participe passé de « discurrere » (courir çà et là, parcourir), composé de « dis- » (préfixe de séparation) et « currere » (courir).",passé composé
discussion,Nous avons eu une _____ très intéressante avec nos collègues hier soir.,discussion,discussion,Un échange de paroles entre deux ou plusieurs personnes pour débattre d'un sujet. C'est une conversation où chacun exprime son point de vue.,"From Latin discussio (examination, investigation), from discussus, past participle of discutere (to shake apart, to examine).",passé composé
discuter,Les étudiants _____ de politique pendant la pause.,discutent,discuter,"Échanger des idées, des opinions sur un sujet donné. Avoir une conversation entre plusieurs personnes.","From Latin discussus, past participle of discutere (to shake apart, disperse), from dis- (apart) + quatere (to shake).",présent
dison,Nous _____ que c'est une bonne idée d'aller au cinéma ce soir.,disons,dison,Exprimer une opinion ou énoncer quelque chose. Le verbe « dire » signifie communiquer des paroles ou des pensées.,"Du latin « dicere » (dire, parler).",présent
disparaître,Les enfants _____ dans la forêt et nous ne les avons pas trouvés.,ont disparu,disparaître,"Cesser d'être visible, s'évanouir ou quitter un lieu sans laisser de trace. C'est l'action de devenir invisible ou de ne plus être présent.","Du latin disparere, composé de dis- (préfixe de séparation) et parere (paraître, être visible).",passé composé
disparition,La _____ des abeilles est un problème environnemental grave.,disparition,disparition,"L'action de disparaître, de cesser d'exister ou de ne plus être visible. C'est l'état ou le phénomène de quelque chose qui s'efface ou qui n'existe plus.","Du latin « disparitio », dérivé de « disparere » (dis- + parere, « devenir visible »), littéralement « cesser de paraître ».",présent
dispute,Les enfants ont eu une grosse _____ à cause d'un jouet.,dispute,dispute,Dispute est un verbe pronominal qui signifie « se quereller » ou « avoir une altercation avec quelqu'un ». C'est une confrontation verbale ou une discussion animée entre deux ou plusieurs personnes.,"Du latin disputare, composé de dis- (séparation) et putare (penser, considérer), signifiant littéralement « penser différemment ».",passé composé
disque,Ma mère a acheté un _____ de musique classique au marché hier.,disque,disque,"Un disque est un objet circulaire plat servant à enregistrer et reproduire du son, particulièrement utilisé pour la musique vinyle. C'est aussi un terme générique pour tout support de stockage numérique circulaire comme un CD ou un DVD.","Du latin discus, emprunté au grec diskos (δίσκος), signifiant « objet lancé » ou « plateau ».",passé composé
distance,La _____ entre Paris et Lyon est d'environ 470 kilomètres.,distance,distance,La distance est l'espace qui sépare deux points ou deux lieux. Elle se mesure en unités de longueur comme le kilomètre ou le mètre.,"Du latin ""distantia"", dérivé de ""distans"" (participe présent de ""distare"", signifiant ""être éloigné"")",présent
divorce,Leur _____ a été finalisé l'année dernière par le tribunal.,divorce,divorce,Le divorce est la dissolution légale du mariage entre deux personnes. C'est l'acte juridique qui met fin aux obligations matrimoniales.,"De l'ancien français ""divorce"", du latin ""divortium"", de ""divertere"" (détourner, séparer).",passé composé
doc,Mon ami a oublié son _____ à la bibliothèque hier.,doc,doc,"Un doc est un document, un fichier ou un écrit contenant des informations. C'est un terme informel pour désigner un document.","Abréviation familière de « docteur », du latin doctor (celui qui enseigne).",passé composé
docteur,Ma mère va consulter un _____ demain matin pour son mal de dos.,docteur,docteur,Un médecin qui a suivi une formation universitaire et qui est autorisé à exercer la médecine et à soigner les patients. Le docteur peut exercer en cabinet privé ou à l'hôpital.,"Du latin « doctor » (maître, savant), participe passé de « docere » (enseigner).",futur proche
document,Elle a trouvé un _____ important dans les archives de la bibliothèque.,document,document,"Un écrit, un texte ou un fichier qui contient des informations et qui peut servir de preuve ou de référence. C'est un objet porteur d'information, généralement sur papier ou en format numérique.","From Latin documentum, from docere (to teach), originally meaning 'lesson' or 'example', later extended to mean 'written proof' or 'evidence'.",passé composé
doigt,Elle s'est coupé le _____ en préparant le dîner hier soir.,doigt,doigt,Chacune des cinq extrémités articulées de la main ou du pied. Le doigt est une partie du corps humain servant à la préhension et au toucher.,"Du latin digitus, signifiant « doigt » ou « orteil ».",passé composé
dollar,J'ai économisé cent _____ pour acheter un nouveau téléphone.,dollars,dollar,"Unité monétaire utilisée aux États-Unis, au Canada et dans d'autres pays. Le dollar est une devise internationale importante dans le commerce mondial.","Du néerlandais « daalder », une pièce de monnaie du 16e siècle, via l'allemand « Taler ».",passé composé
domaine,La viticulture est un _____ très important en Bourgogne.,domaine,domaine,"Un domaine est un champ d'activité, de compétences ou d'intérêt spécifique. C'est aussi une grande propriété foncière ou agricole.","Du latin dominium (propriété, pouvoir), dérivé de dominus (maître).",présent
dommage,C'est _____ que tu ne puisses pas venir à la fête avec nous.,dommage,dommage,"Expression d'une perte, d'un regret ou d'une déception face à une situation malheureuse. C'est une interjection ou un nom qui exprime que quelque chose est fâcheux ou regrettable.","Du latin « damnum » (perte, préjudice), passé par l'ancien français « damage ».",présent
don,Elle a reçu un _____ de son grand-mère pour son anniversaire.,don,don,"Un présent offert à quelqu'un, une chose donnée généreusement. C'est aussi une aptitude naturelle ou un talent particulier.","Du latin donum, signifiant « cadeau » ou « présent ».",passé composé
donne,Ma mère _____ une pomme à mon frère chaque jour.,donne,donne,Le verbe donner signifie transférer quelque chose à une autre personne. C'est l'acte de fournir ou d'offrir un objet ou un service.,"Du latin donare, qui signifie offrir ou faire cadeau.",présent
donner,Ma mère _____ un cadeau à ma sœur pour son anniversaire.,va donner,donner,"Faire passer quelque chose à quelqu'un, transférer la propriété ou la possession d'un objet. C'est l'acte de remettre ou d'offrir quelque chose à une autre personne.","Du latin « donare » (offrir, faire don), lui-même dérivé de « donum » (don, cadeau).",futur proche
donnée,Les _____ que tu as collectées pour ton projet sont très utiles.,données,donnée,"Information ou fait connu, souvent utilisé au pluriel pour désigner un ensemble d'informations. Les données sont les éléments de base utilisés pour une analyse ou une recherche.","Du participe passé féminin pluriel du verbe latin 'dare' (donner), signifiant littéralement 'choses données'.",passé composé
dont,C'est le livre _____ je t'ai parlé hier.,dont,dont,"Pronom relatif signifiant « de qui », « duquel », « de laquelle », « desquels » ou « desquelles ». Utilisé pour relier une proposition relative au nom antécédent.","Du latin de unde, signifiant « d'où » ou « de laquelle ».",passé composé
dormi,"Hier soir, ma sœur _____ pendant dix heures.",a dormi,dormi,"Dormir signifie être dans un état de repos naturel, inconscient, pendant lequel le corps se régénère. C'est un besoin physiologique essentiel pour tous les êtres humains.","Du latin dormire, de même sens.",passé composé
dormir,Les enfants _____ dans leurs lits après l'école.,dorment,dormir,"Dormir signifie être dans un état de repos naturel, inconscient et régénérateur. C'est un besoin biologique essentiel pour tous les êtres humains et les animaux.","From Latin dormīre, of uncertain origin, possibly related to Proto-Indo-European *der- (to hold, support) in the sense of being inactive.",présent
dos,Elle a mal au _____ après avoir porté son sac toute la journée.,dos,dos,"La partie arrière du corps humain, qui s'étend des épaules aux hanches. C'est aussi la surface postérieure d'un objet.","Du latin dorsum, signifiant « dos, revers ».",passé composé
dossier,L'avocat a préparé un _____ complet pour le procès.,dossier,dossier,Un ensemble de documents réunis sur un sujet ou une personne. C'est un classeur contenant des informations organisées pour une affaire ou un projet.,"From French dossier, from dos (back), referring to documents with labels on the back.",passé composé
double,J'ai commandé une portion _____ de frites au restaurant.,double,double,"Multiplier par deux, augmenter quelque chose au double de sa quantité ou de sa valeur initiale.","Du latin populaire *duplare, dérivé de duo (deux) et -plus (plier).",passé composé
doucement,Elle parle _____ à son enfant pour ne pas le déranger.,doucement,doucement,"De manière douce, avec peu de bruit ou d'intensité. Adverbe qui modifie la manière d'accomplir une action.","Du latin dolce (sweet, sweet-sounding) via l'ancien français dolz, avec le suffixe -ment formant des adverbes.",présent
douche,"Chaque matin, je prends une _____ avant d'aller au travail.",douche,douche,Installation sanitaire permettant de se laver le corps sous un jet d'eau. C'est aussi l'action de se laver sous ce jet d'eau.,"Du verbe ancien français 'doucher' (verser de l'eau), lui-même issu du latin 'ducere' (conduire, mener l'eau).",présent
douleur,"Après l'accident, elle a ressenti une forte _____ dans son bras.",douleur,douleur,"Sensation physique désagréable et pénible causée par une blessure, une maladie ou un traumatisme. État de souffrance ou de peine morale.","Du latin dolor, dérivé de dolere (souffrir).",passé composé
doute,Je n'ai aucun _____ que tu réussiras ton examen.,doute,doute,Sentiment d'incertitude ou de méfiance face à quelque chose. État d'esprit caractérisé par l'hésitation ou l'absence de conviction.,"Du latin « dubitare » (hésiter, être incertain).",présent
doux,La mère a donné un regard _____ à son enfant pour le rassurer.,doux,doux,"Qui est agréable au toucher, à l'oreille ou aux sens ; qui manifeste de la tendresse et de la bienveillance.","Du latin dulcis (sucré, agréable).",passé composé
doué,"Ma sœur est très _____ en mathématiques, elle comprend tout facilement.",douée,doué,Qui a des talents naturels ou des aptitudes particulières pour quelque chose. C'est une qualité innée qui permet à une personne d'exceller dans un domaine.,"Du participe passé du verbe latin 'dotare' (doter), signifiant 'pourvu de dons naturels'.",présent
dragon,Le chevalier a combattu un _____ dans la forêt enchantée.,dragon,dragon,"Créature légendaire, généralement représentée comme un reptile géant ailé qui crache du feu. C'est un animal mythique qui apparaît dans de nombreux contes et légendes à travers le monde.","Du latin draco, emprunté au grec δράκων (drakōn), probablement d'une racine indo-européenne signifiant 'voir' ou 'regarder'.",passé composé
drogue,Les policiers ont arrêté un trafiquant de _____ hier soir.,drogue,drogue,Substance chimique ou naturelle qui modifie l'état de conscience et peut créer une dépendance. Elle est souvent utilisée de façon illégale et dangereuse pour la santé.,"Du néerlandais ""droog"" (sec), car les drogues étaient à l'origine des substances sèches ou poudreuses.",passé composé
droguer,Les adolescents qui _____ régulièrement risquent de graves problèmes de santé.,se droguent,droguer,Consommer des substances illicites ou des médicaments de manière abusive pour en ressentir les effets psychoactifs. C'est un comportement nuisible à la santé physique et mentale.,"Dérivé du nom « drogue » (du néerlandais « droog » via l'italien « droga »), avec le suffixe verbal « -er ».",présent
droit,Elle a le _____ de voter à l'élection présidentielle.,droit,droit,Un _____ est une prérogative légale ou morale qu'une personne possède. C'est une liberté ou une permission garantie par la loi ou la justice.,"Du latin directum, participe passé de dirigere (diriger), devenu substantif au sens de « ce qui est conforme à la loi ».",présent
droite,Elle tourne à _____ au prochain carrefour.,droite,droite,Direction opposée à la gauche ; côté du corps où se trouve la main droite. Peut aussi désigner une ligne ou une direction dans l'espace.,"Du latin « directa » (féminin de « directus »), participe passé de « dirigere » (diriger).",présent
drôle,Mon ami a raconté une histoire tellement _____ que tout le monde a ri.,drôle,drôle,"Qui provoque le rire, qui est amusant ou comique. Se dit de quelque chose de plaisant ou d'étrange.","De l'ancien français ""drole"", d'origine incertaine; possiblement du moyen néerlandais ""drol"" (petit personnage, marionnette).",passé composé
dur,Ce travail est vraiment _____ pour moi en ce moment.,dur,dur,"Qui présente une grande résistance, qui est difficile à supporter ou à accomplir. C'est un adjectif qui décrit quelque chose de pénible ou de solide.","Du latin 'durus' signifiant 'solide, ferme, difficile'.",présent
durer,"Le film _____ trois heures, c'était très long.",a duré,durer,"Persister, continuer pendant une certaine période de temps. Le verbe durer indique la longueur ou la durée d'une action ou d'un état.","From Latin durare (to harden, last, endure), from durus (hard).",passé composé
dès,Elle est arrivée _____ le matin pour commencer son travail.,dès,dès,Préposition indiquant le moment à partir duquel quelque chose commence. Elle marque le point de départ d'une action ou d'une période.,"Du latin « de ex » (à partir de), évolution de « dès que ».",passé composé
débarrasser,Ma mère _____ la cuisine des assiettes sales avant le dîner.,va débarrasser,débarrasser,Enlever quelque chose d'un endroit pour le nettoyer ou l'organiser. Débarrasser signifie aussi se défaire de quelque chose d'importun ou d'inutile.,Du préfixe dé- et du mot barrer (du francique *barra). Le verbe signifiait initialement « ôter les barres ».,futur proche
début,"Le _____ du film était très impressionnant, avec des effets spéciaux magnifiques.",début,début,Le commencement ou le point de départ de quelque chose. C'est le moment où quelque chose commence.,"Du latin debutum, participe passé de debutare (jouer en premier au jeu de dés), formé de de- et butum (but).",présent
décider,Marie _____ d'aller en vacances en Italie cet été.,a décidé,décider,"Faire un choix, prendre une décision après réflexion. C'est l'action de déterminer quelque chose de façon définitive.","Du latin decidere (de- + caedere), signifiant « trancher, couper ».",passé composé
décision,Le gouvernement a pris une _____ importante pour l'économie du pays.,décision,décision,Un choix délibéré ou une résolution prise après réflexion. C'est l'action de décider entre plusieurs options ou possibilités.,"Du latin decisio, dérivé de decidere (décider), composé de de- (marquant l'accomplissement) et caedere (couper, trancher).",passé composé
déclaration,Le président a fait une _____ importante à la nation hier soir.,déclaration,déclaration,Un énoncé formel ou une affirmation solennelle faite publiquement. C'est l'action de déclarer quelque chose officiellement.,"De l'ancien français ""declaration"", du latin ""declaratio"", de ""declarare"" (rendre clair, proclamer).",passé composé
découvrir,"Pendant ses vacances en Italie, elle _____ des ruines romaines fascinantes.",a découvert,découvrir,"Trouver ou apprendre quelque chose pour la première fois, souvent par hasard ou par exploration. C'est aussi révéler ou mettre au jour ce qui était caché.","Du latin « discooperire » (dis- + cooperire), signifiant « découvrir » ou « révéler ».",passé composé
défendre,Ma mère _____ mon frère contre les critiques injustes.,va défendre,défendre,"Protéger quelqu'un ou quelque chose contre une attaque, une accusation ou un danger. C'est aussi soutenir une personne ou une idée face à l'opposition.","Du latin defendere, composé de de- (préfixe) et fendere (frapper, repousser).",futur proche
défense,Le gouvernement a annoncé une nouvelle _____ contre le crime organisé.,défense,défense,Action de protéger quelqu'un ou quelque chose contre une attaque ou un danger. Ensemble de mesures prises pour se protéger ou protéger un territoire.,"Du latin defensum, participe passé de defendere (défendre), composé de de- (préfixe) et fendere (frapper, repousser).",passé composé
dégager,Les nuages _____ lentement le ciel ce matin.,dégagent,dégager,"Rendre libre, enlever ce qui obstrue ou encombre. Laisser passer la lumière ou l'air en ôtant un obstacle.","De l'ancien français « gage » (pledge, security) avec le préfixe « dé- » (removal), formant « dégager » au sens de « libérer de l'engagement ».",présent
déjeuner,"Demain, nous _____ au restaurant avec nos amis.",allons déjeuner,déjeuner,"Prendre le repas du midi. C'est le repas principal de la journée, généralement pris vers midi ou en début d'après-midi.","Du latin disjejunare, composé de dis- (préfixe de séparation) et jejunare (jeûner), signifiant littéralement 'cesser de jeûner'.",futur proche
délicieux,Ce gâteau au chocolat est vraiment _____!,délicieux,délicieux,"Qui a un goût très agréable, savoureux et appétissant. Se dit généralement de la nourriture ou des boissons.","Du latin deliciosus, dérivé de delicia (délice, plaisir).",présent
démon,Elle a combattu le _____ toute la nuit pour sauver le village.,démon,démon,Un être surnaturel mauvais ou maléfique dans la mythologie et la religion. C'est une créature du mal souvent représentée comme l'ennemi de Dieu ou de l'humanité.,"Du latin démon, emprunté au grec δαίμων (daímōn), qui signifiait initialement « divinité » ou « esprit », avant d'acquérir le sens de « esprit mauvais » dans la tradition chrétienne.",passé composé
départ,Le train pour Paris va avoir un _____ à 14h30.,départ,départ,Le moment où quelque chose ou quelqu'un commence un voyage ou quitte un lieu. C'est aussi l'action de partir.,"Du verbe « partir » (Latin « partiri », signifiant diviser ou partir), avec le suffixe « -ment » devenu « -part ».",futur proche
département,Ma mère travaille dans le _____ des Alpes-de-Haute-Provence depuis dix ans.,département,département,"Une division administrative d'un territoire, en France, dirigée par un préfet. C'est une collectivité territoriale intermédiaire entre la région et la commune.","Du latin 'departitus', participe passé de 'departire' (diviser, partager), formé du préfixe 'de-' et du verbe 'partire' (partir, diviser).",présent
dépendre,Le succès de ce projet _____ de la qualité du travail d'équipe.,dépend,dépendre,"Être conditionné par quelque chose, avoir besoin de quelque chose pour exister ou se réaliser. Être soumis à l'autorité ou au contrôle de quelqu'un.","Du latin dependere, composé de de- (préfixe indiquant la séparation) et pendere (pendre, être suspendu).",présent
dépêche,Le journaliste a envoyé une _____ urgente à son rédacteur.,dépêche,dépêche,"Un message urgent ou une communication officielle transmise rapidement. Au sens verb, envoyer une dépêche ou se presser.","Du verbe dépêcher, issu du préfixe dé- et du verbe pécher (du latin paccare), signifiant littéralement 'dégager, libérer'.",passé composé
dépêcher,Nous nous _____ pour arriver à l'heure à la gare.,dépêchons,dépêcher,"Se hâter, aller vite pour faire quelque chose rapidement. Agir sans perdre de temps.","Du latin despedicare, formé de dis- (préfixe de séparation) et de pedica (entrave, piège), littéralement « se dégager des entraves ».",présent
déranger,Est-ce que je te _____? Je peux revenir plus tard si tu es occupé.,dérange,déranger,Interrompre quelqu'un ou causer une gêne à quelqu'un. C'est troubler la tranquillité ou le repos d'une personne.,"Du latin 'dis-' (préfixe négatif) + 'arrangiare' (arranger), signifiant littéralement 'déranger l'arrangement'.",présent
désert,Les explorateurs ont traversé le _____ pendant plusieurs semaines.,désert,désert,Région aride et stérile caractérisée par peu de végétation et très peu de précipitations. C'est un lieu hostile où les conditions climatiques sont extrêmes.,"Latin desertus, past participle of deserere (to abandon), referring to uninhabited or abandoned land.",passé composé
désir,Elle a toujours eu un grand _____ de voyager à travers l'Europe.,désir,désir,Le désir est le souhait intense de posséder ou de faire quelque chose. C'est une aspiration ou une envie profonde dirigée vers un objet ou une action.,"Du latin desiderare, signifiant « regretter l'absence de, souhaiter ».",passé composé
désolé,Je suis _____ de ne pas pouvoir venir à ta fête samedi.,désolé,désolé,"Qui éprouve de la peine, du regret ou de la tristesse. État émotionnel de quelqu'un qui est mécontent ou affligé.","Du latin « desolatus », participe passé de « desolāre » (abandonner, laisser seul), composé de « de- » et « solus » (seul).",présent
détail,Le vendeur m'a expliqué chaque _____ du produit avec beaucoup de patience.,détail,détail,"Un élément particulier, une partie spécifique d'un ensemble. C'est une information précise ou un aspect mineur mais important d'une chose.","From Old French detail, from detaillier (to cut up, divide into parts), from de- + tailler (to cut).",passé composé
détective,Le _____ a trouvé des indices importants dans l'affaire criminelle.,détective,détective,Un détective est une personne dont le métier consiste à enquêter sur des crimes et à résoudre des mystères. Il travaille souvent pour la police ou comme enquêteur privé.,"Emprunté de l'anglais detective, lui-même dérivé du latin detectus (découvert), participe passé de detegere (découvrir).",passé composé
détester,Ma sœur _____ les films d'horreur depuis son enfance.,déteste,détester,"Éprouver une aversion très forte, une hostilité intense envers quelque chose ou quelqu'un. C'est un sentiment d'antipathie profonde.","Du latin detestari, composé de de- (intensif) et testari (témoigner contre), littéralement « témoigner contre ».",présent
détruire,La tempête _____ les maisons du village côtier.,va détruire,détruire,"Démolir, anéantir quelque chose de manière complète. Causer la ruine ou la disparition d'une chose.","De l'ancien français ""destruire"", du latin ""destruere"" (démolir), de ""de-"" (vers le bas) et ""struere"" (construire).",futur proche
dîner,"Hier soir, nous _____ au restaurant avec nos amis.",avons dîné,dîner,"Prendre le repas du soir, généralement le dernier repas de la journée. C'est un verbe qui signifie manger le dîner.","Du latin diurnare, dérivé de diurnus (« de jour »), car le dîner était autrefois le repas principal pris à midi.",passé composé
eau,Les enfants boivent de l'_____ fraîche à la fontaine.,eau,eau,"Liquide incolore, inodore et sans saveur, essentiel à la vie. C'est le composé chimique H₂O.","Du latin 'aqua', qui signifie eau.",présent
effet,Ce médicament a un _____ positif sur la santé des patients.,effet,effet,Résultat ou conséquence d'une action ou d'une cause. C'est l'impact ou l'influence qu'une chose produit sur une autre.,"Du latin 'effectus', participe passé de 'efficere' (accomplir, réaliser), composé de 'ex-' (hors de) et 'facere' (faire).",présent
effort,Elle doit faire beaucoup d'_____ pour réussir son examen.,efforts,effort,L'effort est l'action de mobiliser ses forces physiques ou mentales pour accomplir quelque chose de difficile. C'est aussi le résultat de cette mobilisation.,"Du latin 'ex-' (hors de) et 'fortis' (fort), signifiant littéralement 'sortir de la force'.",présent
avoir,"Eh bien, tu _____ vraiment changé depuis la dernière fois que je t'ai vu!",as,avoir,Verbe auxiliaire utilisé pour former les temps composés avec avoir. Il exprime la possession ou l'action accomplie.,"Du latin habere (avoir, posséder)",passé composé
embrasser,Mes parents _____ leurs amis chaque dimanche à la maison.,embrassent,embrasser,"Embrasser signifie entourer quelqu'un de ses bras et poser ses lèvres sur son visage ou sa joue en signe d'affection. C'est une démonstration d'amour, d'amitié ou de salutation.","Du latin « imbrachiare » (in- + bracchium, « bras »), signifiant littéralement « prendre dans les bras ».",présent
emmener,"Demain, je _____ mes enfants au parc pour jouer.",vais emmener,emmener,Conduire ou transporter quelqu'un d'un lieu à un autre. C'est un verbe qui signifie faire aller avec soi.,"Du latin in + minare (mener), formé sur le modèle de « mener ».",futur proche
empereur,Napoléon était un _____ puissant qui a conquis une grande partie de l'Europe.,empereur,empereur,"Un empereur est un souverain qui règne sur un empire, c'est-à-dire un vaste territoire composé de plusieurs régions ou pays. C'est le titre du monarque le plus élevé dans la hiérarchie royale.","From Latin imperātor (commander, emperor), from imperāre (to command).",imparfait
empire,L'ancien _____ romain s'étendait sur trois continents.,empire,empire,"Un vaste État gouverné par un empereur ou une emperatrice, englobant plusieurs territoires et peuples. C'est aussi une grande puissance politique ou économique qui exerce une domination.","Du latin imperium, dérivé de imperare (commander, ordonner).",présent
emploi,Ma mère a trouvé un nouvel _____ dans une grande entreprise.,emploi,emploi,Position ou travail rémunéré qu'une personne occupe dans une entreprise ou une organisation. C'est aussi l'utilisation ou l'application d'une chose.,"Du latin « implicare » (engager, impliquer), passé par le français ancien « emploier ».",passé composé
employé,Les _____ de cette entreprise travaillent depuis dix ans.,employés,employé,Une personne qui travaille pour une entreprise ou un employeur contre rémunération. C'est le salarié d'une organisation.,"Du verbe « employer » (XIIe siècle), du latin « implicare » (engager, impliquer), passant par « employer » en ancien français.",présent
empreinte,La police a trouvé l'_____ du suspect sur la scène du crime.,empreinte,empreinte,"Marque laissée par le contact d'une surface sur une autre, notamment les traces de doigts ou de pieds. C'est aussi une trace ou un effet durable laissé par quelque chose ou quelqu'un.","Du latin « imprimere » (imprimer), composé de « in- » et « premere » (appuyer, presser).",passé composé
empêcher,La pluie nous _____ d'aller au parc ce weekend.,empêchera,empêcher,"Empêcher signifie faire obstacle à quelque chose, rendre impossible la réalisation d'une action. C'est créer une barrière ou un obstacle qui interdit la continuation ou l'accomplissement de quelque chose.","Du latin impedīcare (de in- « dans » et pedicāre « entraver les pieds »), formé sur pēs « pied ».",futur proche
enceint,Ma sœur est _____ depuis trois mois et elle est très heureuse.,enceinte,enceint,Qui porte un enfant dans son ventre. État d'une femme qui attend un bébé.,"Du latin incinta, participe passé féminin de incingere (ceindre, entourer), littéralement « non ceinte » ou « dont la ceinture est défaite ».",présent
enchanté,Elle était _____ de rencontrer son acteur préféré à la première du film.,enchantée,enchanté,"Ravi, très heureux et satisfait d'une situation ou d'une rencontre. État émotionnel positif caractérisé par la joie et la satisfaction.","Du latin incantatus, participe passé d'incantare (enchanter, jeter un sort), formé de in- et cantare (chanter).",imparfait
finir,Le film _____ à dix heures ce soir.,va finir,finir,"Cesser, arrêter, terminer quelque chose. Atteindre le terme, la conclusion de quelque chose.","From Latin finire, from finis (end, boundary).",futur proche
endroit,Ma grand-mère adore cet _____ près de la forêt où elle se repose chaque après-midi.,endroit,endroit,"Un lieu, une place ou une localité spécifique. C'est un espace particulier où quelque chose se trouve ou se passe.","Du latin « in directum » (vers le droit, tout droit), évoluant en « en droit » puis « endroit ».",présent
enfance,Je me souviens de mon _____ avec beaucoup de nostalgie.,enfance,enfance,"La période de la vie humaine qui va de la naissance jusqu'à l'adolescence. C'est le temps de l'innocence, de la découverte et de la dépendance envers les parents.","Du latin « infancia », dérivé de « infans » (« qui ne parle pas »), composé du préfixe « in- » (négatif) et de « fari » (« parler »).",présent
enfant,Ma cousine a deux _____ qui jouent dans le parc chaque après-midi.,enfants,enfant,Un enfant est une jeune personne qui n'a pas encore atteint l'âge adulte. C'est un garçon ou une fille en période de croissance et de développement.,"Du latin 'infans' (qui ne parle pas), composé du préfixe 'in-' (négatif) et de 'fari' (parler).",présent
enfer,Les prisonniers ont dit que la vie en prison était un véritable _____.,enfer,enfer,"Lieu de souffrance extrême, soit au sens religieux comme le séjour des damnés, soit au sens figuré pour décrire une situation très difficile. C'est l'opposé du paradis.","Du latin classique infernus, signifiant « inférieur », qui s'est grammaticalisé pour désigner le monde souterrain des morts dans la mythologie latine, puis le lieu de punition éternelle dans la théologie chrétienne.",passé composé
enfin,"Après avoir attendu longtemps, les enfants _____ arrivés à la gare.",sont enfin,enfin,Adverbe qui indique que quelque chose arrive après une longue attente ou à la fin d'une situation. Il exprime le soulagement ou la conclusion d'une période d'incertitude.,Du latin « in fine » signifiant « à la fin ».,passé composé
enfuir,Le prisonnier _____ de sa cellule pendant la nuit.,s'est enfui,enfuir,"S'échapper rapidement d'un lieu, généralement pour éviter un danger ou une situation désagréable. Le verbe s'emploie souvent avec la préposition 'de' pour indiquer le lieu qu'on quitte.","Du latin 'ex-' (hors de) et 'fugire' (fuir), donnant 'exfugire', d'où le français 'enfuir' par évolution phonétique.",passé composé
engager,Elle _____ son fils dans une bonne école privée.,a engagé,engager,"Engager signifie commencer une action, une procédure ou recruter quelqu'un pour un emploi. Dans ce contexte, cela veut dire inscrire ou placer quelqu'un dans une institution.","Du latin in- (dans) + waddja (gage), issu du germanique *wadja (gage, nantissement). Le sens premier est « mettre en gage ».",passé composé
enlever,Ma mère _____ ses chaussures avant d'entrer dans la maison.,va enlever,enlever,"Ôter, retirer quelque chose de sa place ou de quelqu'un. C'est l'action de faire disparaître ou de séparer quelque chose.","Du latin ex- (hors de) + levare (lever), formé de la préposition latine ex (hors) et du verbe levare (soulever, lever).",futur proche
ennemi,Les soldats ont combattu contre leurs _____ pendant la bataille.,ennemis,ennemi,Personne ou groupe qui s'oppose avec hostilité à une autre personne ou un autre groupe. C'est un adversaire dans un conflit ou une opposition.,"Du latin inimicus, composé de in- (négatif) et amicus (ami), signifiant littéralement « non ami ».",passé composé
ennui,Ma grand-mère ressent beaucoup d'_____ pendant les longs hivers.,ennui,ennui,État de lassitude et de mélancolie caractérisé par un manque d'intérêt ou de motivation. Sentiment de fatigue morale et d'indifférence face aux choses.,"From Old French enui, from en- + ennuyer (to annoy), ultimately from Latin in odio (hateful).",présent
ennuyer,Les devoirs trop difficiles _____ souvent les étudiants.,ennuient,ennuyer,"Causer de l'ennui, de l'agacement ou de la lassitude à quelqu'un. C'est rendre quelqu'un triste ou impatient.","Du latin 'in odium' (en haine), formé de 'in' (dans) et 'odium' (haine, aversion).",présent
enquête,La police a ouvert une _____ pour comprendre les circonstances de l'accident.,enquête,enquête,"Une enquête est une investigation ou une recherche systématique menée pour découvrir la vérité sur un événement, un crime ou une question. Elle implique de recueillir des informations et des preuves.","Du latin inquisita, participe passé féminin de inquisitus, de inquirere (chercher dans, rechercher).",passé composé
ensemble,Marie et ses amies _____ au cinéma ce soir.,vont ensemble,ensemble,L'adverbe « ensemble » signifie « l'un avec l'autre » ou « en même temps ». Il exprime l'idée que plusieurs personnes ou choses font quelque chose conjointement.,"Du latin « in simul » (à la fois), transformé en « ensemble » au fil du temps.",futur proche
ensuite,"Nous avons mangé une salade, _____ nous avons pris un dessert délicieux.",ensuite,ensuite,"Adverbe qui indique une succession dans le temps, ce qui vient après quelque chose d'autre. Il marque l'ordre des événements.","Du latin « in sequita » (littéralement « dans ce qui suit »), formé de « in » (dans) et « sequita » (suite, ce qui suit).",passé composé
entendre,Je n'_____ pas ce que tu dis; peux-tu répéter?,entends,entendre,"Percevoir par l'oreille un son, un bruit ou une voix. Aussi, comprendre le sens de quelque chose.","From Latin intendere (to stretch toward, direct attention to), from in- (toward) + tendere (to stretch).",présent
enterrement,L'_____ de mon grand-père a eu lieu samedi dernier à l'église du village.,enterrement,enterrement,La cérémonie au cours de laquelle on met un mort en terre. C'est l'acte de placer un cercueil ou des restes dans une tombe.,"Du latin ecclésiastique « in terram » (en terre), formé du préfixe « in- » et du substantif « terra » (terre).",présent
entier,J'ai mangé la pomme _____.,entière,entier,"Qui est complet, sans rien qui manque. Se dit d'une chose prise dans sa totalité.","Du latin integer, signifiant « intact, complet ».",passé composé
entièrement,La maison a été _____ détruite par l'incendie.,entièrement,entièrement,"De manière complète, sans exception, totalement. Cet adverbe indique que quelque chose est fait ou est dans un état complet.","Du latin « integralis » (entier), passant par le moyen français « entier » auquel on a ajouté le suffixe adverbial « -ement ».",passé composé
entraînement,Les athlètes ont suivi un _____ intensif pendant trois mois avant la compétition.,entraînement,entraînement,L'entraînement est la préparation physique et mentale d'une personne en vue d'une compétition ou d'une performance. C'est un processus régulier d'exercices et de pratique pour améliorer ses compétences ou sa condition physique.,"Du verbe entraîner (XIIe siècle), issu du latin populaire *intraginare, composé de in- et de traîner (du bas latin *tragināre).",passé composé
entreprise,Ma mère va créer une nouvelle _____ dans le secteur technologique.,entreprise,entreprise,Une entreprise est une organisation économique créée pour produire des biens ou des services et réaliser un profit. C'est une structure commerciale dirigée par un ou plusieurs entrepreneurs.,"Du verbe « entreprendre » (du latin « in » et « prendere »), signifiant littéralement « prendre en main » ou « se charger de ».",futur proche
entrer,Les élèves _____ dans la salle de classe à 8 heures chaque matin.,entrent,entrer,"Passer du dehors au dedans, franchir le seuil d'un lieu. Se présenter ou participer à une action ou un groupe.","Du latin intrāre, composé de in- (dans) et trāre (aller).",présent
entretien,Elle va avoir un _____ avec son directeur demain matin.,entretien,entretien,"Une conversation formelle entre deux ou plusieurs personnes, souvent dans un contexte professionnel ou administratif. Peut aussi signifier l'action de maintenir quelque chose en bon état.","Du verbe « entretenir » (tenir entre, maintenir), formé de « entre- » et « tenir », datant du XIIe siècle.",futur proche
entrée,Nous avons payé 15 euros pour l'_____ au restaurant hier soir.,entrée,entrée,"Un plat léger servi au début d'un repas, avant le plat principal. C'est une petite portion de nourriture qui ouvre l'appétit.","Du participe passé féminin du verbe « entrer » (du latin « intrāre »), car c'est le plat par lequel on « entre » dans le repas.",passé composé
envers,Ma mère a toujours été très bienveillante _____ ses enfants.,envers,envers,Préposition indiquant la direction ou l'orientation vers quelque chose ou quelqu'un. Elle exprime aussi une relation d'attitude ou de sentiment dirigé vers une personne ou une chose.,"Du latin « inversus » (tourné vers), composé de « in- » (vers) et « versus » (tourné).",passé composé
envie,Elle a _____ de voyager en Italie cet été.,a eu envie,envie,Désir ou souhait d'accomplir quelque chose. Expression courante : avoir envie de (vouloir faire quelque chose).,"Du latin 'invidia' (envie, jalousie), par évolution phonétique en ancien français.",passé composé
environ,Il y a _____ deux cents personnes à la conférence hier.,environ,environ,Adverbe signifiant « à peu près » ou « approximativement ». Il indique une quantité ou un nombre qui n'est pas exact.,"Du latin « environum », participe passé de « environare » (tourner autour de), passé à signifier « approximativement » par extension.",imparfait
envoyer,Ma mère _____ un colis à ma grand-mère demain.,va envoyer,envoyer,"Faire partir quelque chose ou quelqu'un vers une destination. Transmettre un message, un objet ou une personne à un endroit déterminé.","Du latin 'inviare', composé de 'in-' (vers) et 'via' (voie, chemin).",futur proche
erreur,J'ai commis une _____ en oubliant mon passeport à l'aéroport.,erreur,erreur,"Fait de se tromper, action ou jugement incorrect. C'est une méprise ou une faute commise involontairement.","Du latin « error » (action de s'égarer, erreur), dérivé du verbe « errare » (errer, s'égarer).",passé composé
espace,Les astronautes ont exploré un nouvel _____ sur la Lune.,espace,espace,Étendue vide ou zone délimitée. Domaine situé au-delà de l'atmosphère terrestre.,"Du latin spatium, signifiant « étendue, intervalle ».",passé composé
espoir,"Malgré les difficultés, nous gardons toujours l'_____ que les choses s'amélioreront.",espoir,espoir,Sentiment de confiance et d'attente positive face à l'avenir. État psychologique où l'on croit que quelque chose de favorable peut se produire.,"Du latin 'sperare' (espérer), influencé par le latin tardif 'sperantia'.",présent
esprit,Elle a toujours un _____ vif et curieux qui lui permet de comprendre les autres.,esprit,esprit,"L'esprit est la capacité de penser, de raisonner et de comprendre. C'est aussi l'ensemble des pensées et des sentiments d'une personne.",Du latin « spiritus » signifiant « souffle » ou « âme ».,présent
espèce,Cette _____ de papillon est très rare en Europe.,espèce,espèce,Un groupe d'organismes vivants qui peuvent se reproduire ensemble et produire une descendance fertile. C'est une catégorie fondamentale de classification biologique.,"Du latin species, signifiant 'apparence, forme, sorte'.",présent
espérer,Les enfants _____ que leurs parents reviendront bientôt.,espèrent,espérer,"Désirer vivement que quelque chose se produise, avoir confiance que cela arrivera. C'est attendre quelque chose avec optimisme.","Du latin sperāre, signifiant « attendre, espérer ».",présent
essai,L'écrivain a publié son _____ sur la philosophie moderne.,essai,essai,Un texte court de nature littéraire ou philosophique où l'auteur expose ses idées personnelles sur un sujet. C'est une forme d'expression libre qui permet à l'écrivain de développer une réflexion particulière.,"Du latin tardif exagium (pesée, poids), dérivé du verbe exigere (peser, examiner). Le mot s'est d'abord appliqué à l'action de tester ou d'éprouver, avant de désigner un genre littéraire.",passé composé
essayer,Ma sœur _____ une nouvelle robe pour la fête de dimanche.,va essayer,essayer,Essayer signifie tenter de faire quelque chose ou vérifier si quelque chose convient. C'est aussi mettre un vêtement pour voir s'il va bien.,"Du latin exagium (pesée, essai), formé de ex- (hors de) et agere (faire, peser).",futur proche
essence,La _____ de cette fleur est très agréable.,essence,essence,"Substance liquide ou volatile extraite d'une plante, d'une fleur ou d'un fruit, qui en contient l'odeur ou le goût caractéristique. C'est aussi le principe fondamental ou la nature profonde d'une chose.","Du latin essentia, dérivé de esse (être), désignant ce qui fait qu'une chose est ce qu'elle est.",présent
est-à-dire,"La démocratie, _____, est un système où le peuple participe aux décisions politiques.",c'est-à-dire,est-à-dire,"Expression utilisée pour clarifier, expliquer ou reformuler ce qui vient d'être dit. Elle introduit une explication plus précise ou une définition.","Composition de « c'est » (cela est) et « à dire » (à exprimer), littéralement « c'est à dire ».",présent
estomac,"Après avoir mangé trop de chocolat, elle avait mal à l'_____.",estomac,estomac,"Organe du système digestif situé entre l'œsophage et l'intestin grêle, responsable de la digestion des aliments. C'est un sac musculaire qui produit les sucs gastriques.","Du latin « stomachus », lui-même emprunté au grec « στόμαχος » (stomakhos), dérivé de « στόμα » (stoma, bouche).",imparfait
etait,"Hier, il _____ très fatigué après son long voyage.",était,etait,Verbe être conjugué à l'imparfait. Exprime un état ou une condition dans le passé qui a duré un certain temps.,"Du latin esse, signifiant « être ».",imparfait
ete,"L'année dernière, nous _____ beaucoup de plaisir à la plage pendant les vacances.",avons eu,ete,"Posséder, disposer de quelque chose. Éprouver une sensation ou un sentiment.","Du latin habere (posséder, tenir).",passé composé
ex,Mon _____ a appelé hier pour me dire qu'il venait en ville.,ex,ex,Personne avec qui on a eu une relation amoureuse dans le passé. C'est un nom informel qui désigne un ancien petit ami ou une ancienne petite amie.,"Abréviation de l'adjectif latin « ex » (signifiant « ancien, qui a cessé d'être »), utilisé en anglais et adopté par le français moderne.",passé composé
exact,Le montant est _____.,exact,exact,"Qui est précis, correct et sans erreur. Qui correspond parfaitement à la réalité ou à ce qui est attendu.","Du latin exactus, participe passé d'exigere (exiger, accomplir), composé de ex- (hors) et agere (conduire, faire).",présent
exactement,Tu _____ compris ce que le professeur a expliqué en classe aujourd'hui.,as exactement,exactement,"De manière précise, sans erreur ou inexactitude. Adverbe qui signifie avec précision ou conformité à la réalité.","Du latin exactus, participe passé d'exigere (exiger, accomplir), formé de ex- (hors de) et agere (faire, conduire).",passé composé
examen,Ma sœur a réussi son _____ de mathématiques la semaine dernière.,examen,examen,Épreuve ou test destiné à évaluer les connaissances ou les compétences d'une personne. C'est une vérification officielle des acquis dans un domaine particulier.,"Du latin examen (pesée, examen, action de peser), dérivé de exigere (peser, examiner).",passé composé
excellent,Les élèves ont trouvé que le film était _____.,excellent,excellent,"Qui est de très bonne qualité, supérieur à la moyenne. C'est un adjectif qui exprime l'admiration ou l'approbation.","Du latin excellens, participe présent d'excellere (surpasser, se distinguer), composé de ex- (hors de) et cellere (élever, surpasser).",passé composé
excuse,Elle _____ auprès de son ami pour son retard.,s'excuse,excuse,"Demander pardon, exprimer son regret pour une faute ou un manquement. Se justifier en présentant des raisons pour expliquer son comportement.","From Latin excusāre (ex- 'out' + causāre 'to cause, allege as a reason'), meaning 'to free from blame'.",présent
excuser,Je dois _____ mon retard à la réunion d'hier.,excuser,excuser,"Justifier ou demander pardon pour une faute, une erreur ou un manquement. Présenter des raisons pour atténuer la responsabilité de quelqu'un.","Du latin excusare, composé de ex- (hors de) et causa (cause, raison).",présent
exemple,"Par _____, je peux vous montrer comment utiliser ce logiciel.",exemple,exemple,Un cas particulier qui sert à illustrer ou à clarifier une idée générale. C'est une instance spécifique utilisée pour expliquer ou démontrer quelque chose.,"Du latin exemplum, dérivé de eximere (tirer dehors, extraire).",présent
existence,L'_____ de Dieu est un sujet important dans la philosophie religieuse.,existence,existence,"Le fait d'exister, d'être réel et de vivre. C'est l'état de ce qui existe ou vit.","From Latin existentia, from existere (to exist), from ex- (out) + sistere (to stand, to cause to stand).",présent
exister,Les licornes ne _____ pas dans la réalité.,existent,exister,Avoir une réalité concrète ou abstraite ; être présent dans le monde. C'est le contraire de ne pas être.,"Du latin « existere », composé de « ex- » (hors de) et « sistere » (placer, se tenir), signifiant littéralement « sortir, se manifester ».",présent
expert,Mon oncle est _____ en informatique et il aide souvent ses collègues.,expert,expert,Une personne qui possède des connaissances approfondies et une grande expérience dans un domaine particulier. Quelqu'un qui est reconnu pour son savoir-faire spécialisé.,"From Latin expertus, past participle of experiri (to try, to test), from ex- (out) + periri (to try, to attempt).",présent
explication,Le professeur va donner une _____ détaillée sur les causes de la Révolution française.,explication,explication,"L'explication est l'action d'expliquer quelque chose, de la rendre claire et compréhensible. C'est un énoncé qui clarifie le sens ou les raisons d'un phénomène, d'un concept ou d'un événement.","Du latin explicatio, dérivé de explicare (déplier, développer, expliquer).",futur proche
expliquer,Le professeur _____ les règles de grammaire à ses élèves chaque jour.,explique,expliquer,Faire comprendre quelque chose à quelqu'un en donnant des détails ou des exemples. Rendre clair ce qui était obscur ou difficile à comprendre.,"Du latin explicare, composé de ex- (hors de) et plicare (plier), littéralement 'déplie' ou 'déploie'.",présent
exploser,La bombe _____ dans quelques secondes.,va exploser,exploser,"Exploser signifie se décomposer ou se fragmenter violemment, avec une grande force et souvent un bruit intense. C'est aussi une expression figurée pour décrire une rupture soudaine d'émotion ou de tension.","From Latin explodere (to drive off the stage by clapping, to hiss off), from ex- (out) + plodere (to clap, to strike).",futur proche
explosion,L'_____ de la bombe a été entendue dans tout le quartier.,explosion,explosion,Un phénomène violent et soudain où quelque chose se désagrège rapidement en libérant de l'énergie. C'est l'action de se disperser violemment dans toutes les directions.,"Du latin « explosio », participe passé de « explodere » (ex- + plodere, « frapper »), littéralement « chasser en frappant ».",passé composé
exprès,Elle a fait ce travail _____ pour me montrer qu'elle était fâchée.,exprès,exprès,"De manière intentionnelle, volontaire, en le faisant délibérément. Cela signifie que l'action a été faite intentionnellement et non par hasard.","Du latin ""expressus"", participe passé d'""exprimere"" (exprimer, faire sortir), qui a pris le sens d'« intentionnel » en ancien français.",passé composé
expérience,Marie a gagné beaucoup de confiance grâce à son _____ en tant que professeure.,expérience,expérience,"Connaissance ou compétence acquise par la pratique, par le vécu ou par l'observation. C'est aussi un événement ou une situation qu'on a vécue.","Du latin « experientia » (essai, épreuve, expérience), dérivé du verbe « experiri » (essayer, éprouver).",passé composé
extraordinaire,Ce magicien a réalisé un tour _____.,extraordinaire,extraordinaire,"Qui sort de l'ordinaire, qui est remarquable ou surprenant par son caractère exceptionnel. Cet adjectif qualifie quelque chose d'insolite et impressionnant.","Du latin extraordinarius, composé de extra (« au-delà de ») et ordinarius (« ordinaire »).",passé composé
extérieur,Le jardin _____ de notre maison est très spacieux et rempli de fleurs colorées.,extérieur,extérieur,"Qui se trouve dehors, à l'extérieur d'un lieu ou d'un bâtiment. C'est l'adjectif qui qualifie ce qui est situé au-dehors.","Du latin « exterior », comparatif de « exterus » (« dehors, externe »), dérivé de « ex » (« hors de »).",présent
commencer,Le cours _____ à neuf heures demain matin.,va commencer,commencer,"Débuter, entamer une action ou un processus.","Du latin vulgaire cominitiare, de cum (avec) et initiare (commencer).",futur proche
face,Elle _____ le problème avec courage et détermination.,fait face,face,"Le mot « face » désigne la partie avant de la tête humaine, ou peut signifier « affronter » dans l'expression « faire face ». C'est aussi une surface plane d'un objet.","Du latin « facies » (apparence, aspect, visage).",présent
facile,Ce problème de mathématiques est _____ à résoudre.,facile,facile,"Qui ne présente pas de difficulté, qui est aisé à faire ou à comprendre. Qui demande peu d'effort ou de travail.","Du latin ""facilis"", de ""facere"" (faire).",présent
facilement,Elle peut _____ comprendre les instructions du professeur.,facilement,facilement,"De manière facile, sans difficulté. C'est un adverbe qui modifie un verbe ou un adjectif pour indiquer que quelque chose se fait sans effort.",Du latin facilis (facile) + suffixe -ment formant des adverbes.,présent
fait,Elle _____ un gâteau délicieux pour l'anniversaire de sa mère.,a fait,fait,"Accomplir une action, créer ou produire quelque chose. C'est le verbe le plus courant en français pour exprimer une action ou une création.","Du latin facere (faire, fabriquer)",passé composé
faible,Ma grand-mère a une voix très _____ quand elle chante.,faible,faible,"Qui manque de force, d'intensité ou de puissance. Qui n'est pas vigoureux ou robuste.","Du latin 'flebilis' (digne de pleurer, pitoyable), dérivé de 'flere' (pleurer).",présent
failli,L'entreprise _____ à cause de mauvaises décisions financières.,a failli,failli,"Perdre ses biens, son argent et ne plus pouvoir payer ses dettes. Se dit d'une personne ou d'une entreprise en situation d'insolvabilité.","Du latin « fallere » (tromper, manquer), passé par l'italien « fallire ».",passé composé
faim,Les enfants _____ pendant toute la journée d'école.,ont eu faim,faim,"Sensation physique qui pousse à manger, besoin de nourriture. C'est un état naturel du corps qui demande de l'alimentation.","Du latin « fames » signifiant « faim, disette ».",passé composé
faire,Elle _____ ses devoirs chaque soir avant le dîner.,fait,faire,"Accomplir une action, produire quelque chose. C'est un verbe très général qui peut avoir de nombreux sens selon le contexte.","From Old French faire, from Latin facere.",présent
faisais,"Quand j'étais enfant, je _____ mes devoirs chaque soir avant le dîner.",faisais,faisais,Accomplir une action ou une tâche. Verbe très courant signifiant l'exécution de quelque chose.,"Du latin facere, signifiant 'faire' ou 'agir'.",imparfait
falloir,Il _____ que tu finisses tes devoirs avant de sortir.,faut,falloir,Verbe impersonnel exprimant une nécessité ou une obligation. Il indique ce qui est indispensable ou obligatoire.,"Du latin vulgaire *fallire (tromper, manquer), issu du latin classique fallere.",présent
famille,Ma _____ habite en France depuis dix ans.,famille,famille,"Groupe de personnes liées par le sang ou le mariage, vivant ensemble ou partageant des liens affectifs. C'est l'ensemble des parents proches d'une personne.","From Latin familia, derived from famulus (servant, slave), originally referring to the household and servants of a person.",présent
fantastique,Ce film était absolument _____ et nous avons adoré chaque minute.,fantastique,fantastique,"Qui est extraordinaire, merveilleux ou impressionnant. Qui dépasse l'imagination ou les attentes ordinaires.","Du latin tardif fantasticus, dérivé du grec phantastikos (qui a le pouvoir de faire voir, de l'imagination), lui-même issu de phantazein (montrer, faire apparaître).",imparfait
fantôme,Les enfants avaient peur du _____ qui habitait dans le vieux château.,fantôme,fantôme,Un _____ est l'apparition surnaturelle d'une personne décédée. C'est une entité immatérielle qui hante souvent un lieu particulier.,"Du grec ancien φάντασμα (phantásma), signifiant « apparition » ou « vision », dérivé de φαίνω (phaínō), « montrer » ou « apparaître ».",imparfait
fatigué,"Après avoir travaillé toute la journée, Marie était _____.",fatiguée,fatigué,Qui manque d'énergie physique ou mentale due à l'effort ou au manque de repos. État de lassitude et d'épuisement.,"Du latin « fatigatus », participe passé de « fatigare » (épuiser, fatiguer).",imparfait
faute,Elle a commis une _____ grave en oubliant ses clés à la maison.,faute,faute,Une erreur ou une action répréhensible. C'est un acte blâmable ou une négligence.,"Du latin falta (défaut, manquement), dérivé de fallere (tromper, manquer).",passé composé
faux,Ce document est _____; il ne contient pas d'informations correctes.,faux,faux,Qui ne correspond pas à la vérité ou à la réalité; qui est incorrect ou trompeur. Se dit aussi d'une chose contrefaite ou d'imitation.,"Du latin falsus, participe passé de fallere (tromper).",présent
faveur,Le directeur a accordé une _____ spéciale à Marie pour partir plus tôt.,faveur,faveur,"Un avantage ou un service accordé à quelqu'un, souvent en dehors des règles ordinaires. C'est aussi un geste bienveillant ou une aide accordée par sympathie.","Du latin favor, de favere (être favorable à, favoriser).",passé composé
façon,Elle organise la réunion de _____ très professionnelle et efficace.,façon,façon,Manière de faire quelque chose; mode ou procédé particulier. C'est la façon dont on exécute une action ou on se comporte.,"Du latin 'factio' (action de faire, faction), dérivé de 'facere' (faire).",présent
fbi,Les agents du _____ ont arrêté les suspects hier soir.,FBI,fbi,"Le FBI (Federal Bureau of Investigation) est l'agence fédérale d'enquête des États-Unis, responsable de l'application de la loi fédérale et de la sécurité nationale.",Acronyme anglais : Federal Bureau of Investigation,présent
femme,Ma mère est une _____ très intelligente et travailleuse.,femme,femme,Personne adulte de sexe féminin. Le terme désigne aussi une épouse ou une compagne.,"Du latin « femina », de racine indo-européenne signifiant « allaiter » ou « féminin ».",présent
fenêtre,Elle regarde par la _____ et voit les oiseaux dans le jardin.,fenêtre,fenêtre,"Une ouverture dans un mur ou une paroi, généralement fermée par du verre, qui laisse entrer la lumière et l'air. C'est aussi un élément architectural permettant de voir l'extérieur d'un bâtiment.","Du latin « fenestra » (ouverture), d'origine obscure, possiblement liée à des racines indo-européennes.",présent
faire,Elle _____ un gâteau pour l'anniversaire de sa mère.,va faire,faire,Forme du futur simple du verbe « faire ». Indique une action qui se déroulera dans le futur.,"Du latin « facere » (faire, fabriquer).",futur proche
ferme,La _____ de mon oncle produit du fromage et du lait chaque jour.,ferme,ferme,Une ferme est une exploitation agricole où on élève des animaux et cultive la terre. C'est le lieu de travail des agriculteurs.,"Du latin firmus (fermé, solide), d'où « terre fermée » pour désigner un domaine agricole exploité.",présent
fermer,Les magasins _____ leurs portes à dix-neuf heures le soir.,ferment,fermer,"Fermer signifie rendre quelque chose inaccessible en mettant un verrou, une serrure ou en joignant les deux parties d'une porte, d'une fenêtre, etc. C'est aussi l'action d'arrêter l'activité d'un lieu, comme un magasin ou un bureau.","Du latin « firmare » (fixer, affermir), dérivé de « firmus » (solide, stable).",présent
fesse,Les enfants jouaient dans le parc et se sont assis sur leurs _____.,fesses,fesse,Partie charnue du corps humain située à l'arrière du bassin. Utilisé aussi au pluriel pour désigner les deux parties.,"Du latin ""fissa"", participe passé féminin de ""findere"" (fendre), car cette région du corps est divisée en deux parties.",passé composé
feu,Les pompiers ont éteint le _____ qui menaçait la maison.,feu,feu,Phénomène de combustion produisant de la chaleur et de la lumière. C'est aussi un terme utilisé pour désigner un incendie ou une flamme.,"Du latin focus (foyer, foyer du feu), qui a évolué phonétiquement en ancien français puis en français moderne.",passé composé
fiancé,Ma sœur est _____ depuis deux ans et elle va se marier l'été prochain.,fiancée,fiancé,Personne qui est engagée à marier avec une autre personne. État de celui ou celle qui a promis de se marier.,"Du participe passé du verbe fiancer, issu du latin financiare (mettre en gage, engager).",présent
fiche,Le professeur a distribué une _____ avec les questions de l'examen.,fiche,fiche,"Un petit carton ou papier contenant des informations, des notes ou des instructions. C'est un document de référence utilisé pour étudier ou organiser des données.","Du latin « ficta » (chose faite, chose formée), féminin pluriel de « fictus », participe passé de « fingere » (faire, façonner).",passé composé
fier,Ma mère est _____ de ses enfants qui ont réussi à l'école.,fière,fier,"Fier est un adjectif qui signifie éprouver de la satisfaction, de l'orgueil face à une réussite ou une qualité. C'est aussi un sentiment positif d'avoir accompli quelque chose de méritoire.","Du latin « ferus » (sauvage, farouche), qui a évolué en ancien français « fier » avec le sens de « courageux, brave », avant de prendre le sens de « orgueilleux, satisfait ».",présent
figure,Ma mère _____ souvent sur les photos de famille.,figure,figure,"Apparaître, être présent ou visible quelque part. Le verbe « figurer » signifie aussi faire partie de, être inclus dans une liste ou un ensemble.","Du latin « figurare » (former, façonner), dérivé de « figura » (forme, apparence).",présent
fil,Ma mère utilise un _____ pour coudre la robe.,fil,fil,"Matière fine et longue, généralement faite de fibres tressées, utilisée pour coudre ou tricoter. C'est aussi un conducteur électrique mince.","Du latin filum, signifiant « fil » ou « chaîne ».",présent
file,"Chaque matin, ma mère _____ rapidement vers le marché pour acheter des fruits frais.",file,file,"Se déplacer rapidement, se hâter d'aller quelque part. Le verbe « filer » signifie aussi partir précipitamment ou s'en aller vite.","Du latin filum (fil), par métaphore : filer signifiait à l'origine dérouler un fil, puis par extension rapide, s'en aller vite comme un fil qui se déroulait.",présent
filer,"Hier soir, ma sœur _____ à toute vitesse pour attraper le bus.",a filé,filer,Se déplacer rapidement d'un endroit à un autre. Partir en hâte.,"Du latin filum (fil), par métaphore du mouvement rapide comme un fil qui s'écoule.",passé composé
fille,Ma mère a trois _____ : deux grandes et une petite.,filles,fille,Enfant de sexe féminin par rapport à ses parents. Jeune femme ou femme.,"Du latin « filia », dérivé de « filius » (fils), lui-même d'origine indo-européenne.",présent
film,"Hier soir, j'ai regardé un _____ très intéressant à la télévision.",film,film,Une œuvre cinématographique composée d'une série d'images animées projetées pour raconter une histoire. C'est aussi le moyen de capture ces images.,"Emprunt à l'anglais ""film"", signifiant à l'origine ""pellicule"", du vieil anglais ""filmen"" (membrane).",passé composé
fils,Le père de Marie a trois _____.,fils,fils,Un fils est un enfant de sexe masculin par rapport à ses parents. C'est aussi le masculin singulier du mot désignant un garçon dans une famille.,"Du latin filius, d'origine indo-européenne.",présent
fin,"Le film était passionnant, mais la _____ était trop triste pour moi.",fin,fin,Le moment où quelque chose s'arrête ou se termine. La fin d'une histoire est la dernière partie.,"Du latin « finis » signifiant « limite, frontière, bout ».",imparfait
final,Le match _____ a eu lieu hier soir au stade.,final,final,"Le mot « final » est un adjectif qui désigne quelque chose qui est dernier, qui termine une série ou une compétition. C'est aussi un nom masculin qui peut désigner l'ultime épreuve d'une compétition.","Du latin « finalis », dérivé de « finis » (fin, limite).",passé composé
finalement,"Après avoir réfléchi longtemps, elle _____ décidé de partir en vacances.",a finalement,finalement,"Adverbe qui indique une conclusion, une décision prise après une période d'hésitation ou de réflexion. Il marque la fin d'une situation ou d'un processus de pensée.","Du latin 'finalis' (final), dérivé de 'finis' (fin).",passé composé
fini,Les enfants _____ leurs devoirs avant de jouer dehors.,ont fini,fini,"Terminer quelque chose, arriver au bout d'une action ou d'une tâche. C'est le contraire de commencer.","Du latin « finire » (terminer, limiter), dérivé de « finis » (fin, limite).",passé composé
finir,Les enfants _____ leur devoir avant de sortir jouer.,finissent,finir,"Terminer quelque chose, arriver au bout d'une action ou d'une période. C'est un verbe du deuxième groupe qui signifie arrêter ou conclure.","Du latin finire, dérivé de finis (limite, fin).",présent
fiston,Mon père appelle son _____ pour l'aider avec les devoirs.,fiston,fiston,"Mot familier et affectueux pour désigner un fils ou un jeune garçon. C'est une forme diminutive et tendre, souvent utilisée par les parents ou les figures d'autorité.","Du français « fils » avec le suffixe diminutif « -on », formé au XIXe siècle.",présent
fièvre,"Ma fille avait une _____ très élevée hier soir, alors nous avons appelé le médecin.",fièvre,fièvre,"Élévation anormale de la température du corps, souvent due à une infection ou une maladie. C'est un symptôme courant lors de rhumes, grippe ou autres maladies.","Du latin febris, de même sens.",imparfait
fleur,Ma grand-mère cultive une belle _____ dans son jardin.,fleur,fleur,Une fleur est la partie colorée et parfumée d'une plante qui produit des graines. Elle est souvent utilisée pour décorer ou offrir en cadeau.,"Du latin flos, floris (fleur, bloom).",présent
flic,Mon ami a vu un _____ arrêter le criminel hier soir.,flic,flic,"Un flic est un policier, un agent de la police chargé de maintenir l'ordre et de faire respecter la loi. C'est un terme familier et parfois péjoratif pour désigner un membre de la police.","Origine incertaine, possiblement du verbe « flairir » ou d'une onomatopée, mais l'étymologie exacte n'est pas confirmée avec certitude.",passé composé
flingue,Le gangster _____ son ennemi avec un pistolet.,a flingué,flingue,"Tirer sur quelqu'un avec une arme à feu, généralement pour le tuer. C'est un terme familier ou d'argot pour désigner l'action de tuer quelqu'un par balles.","Dérivé de « flingue » (pistolet), lui-même d'origine argotique, probablement du verlan ou de l'argot français du XIXe siècle.",passé composé
foi,Ma grand-mère a une grande _____ en Dieu et elle prie chaque jour.,foi,foi,"Conviction profonde, confiance absolue en quelque chose ou en quelqu'un. La foi religieuse est la croyance en une divinité ou en les principes d'une religion.","Du latin fides (confiance, fidélité, bonne foi), qui vient d'une racine indo-européenne *bhid- signifiant ""persuader, convaincre"".",présent
folie,"Ma sœur dit que danser toute la nuit était de la _____, mais moi je trouvais ça amusant.",folie,folie,État d'esprit caractérisé par un manque de raison ou de jugement; une action ou une idée déraisonnable ou extravagante.,"Du latin follis (soufflet, puis tête vide), par évolution sémantique vers l'idée d'absence de raison.",imparfait
fonctionner,Ma voiture ne _____ pas bien depuis une semaine.,fonctionne,fonctionner,"Marcher, être en état de service ou d'activité. Se dit d'une machine, d'un appareil ou d'un système qui produit l'effet attendu.","Du latin functio (exécution, accomplissement), dérivé de fungi (s'acquitter de, accomplir).",présent
fond,"Au restaurant, le chef prépare une sauce avec un _____ de viande pour plus de saveur.",fond,fond,"Résidu savoureux laissé au fond d'une casserole après la cuisson de la viande ou du poisson, utilisé pour préparer des sauces. C'est aussi un bouillon concentré utilisé en cuisine.","Du latin fundus, signifiant « fond, base ».",présent
fonds,La bibliothèque municipale a reçu un _____ de livres anciens d'un donateur généreux.,fonds,fonds,"Un ensemble de biens, d'argent ou de collections organisées. Le fonds peut désigner une réserve, une dotation financière ou une collection d'œuvres et de documents.","Du latin fundus (terre, domaine, propriété foncière)",passé composé
foot,Les enfants _____ au foot au parc après l'école.,jouent au foot,foot,Le verbe 'footer' signifie jouer au football ou au foot. C'est une activité sportive très populaire.,"Abréviation de « football », de l'anglais foot (pied) + ball (balle).",présent
football,Mon frère joue au _____ tous les samedis avec ses amis.,football,football,Sport collectif joué entre deux équipes de onze joueurs qui cherchent à faire entrer un ballon dans le but adverse. C'est le sport le plus populaire au monde.,"De l'anglais football, composé de foot (pied) et ball (ballon).",présent
force,Il a soulevé la boîte avec beaucoup de _____.,force,force,"Capacité physique ou morale permettant d'agir, de résister ou de surmonter un obstacle.","Du latin ""fortis"" signifiant ""fort"", à travers le latin vulgate ""fortiare"".",passé composé
forcer,Elle _____ son enfant à manger ses légumes.,va forcer,forcer,Obliger quelqu'un à faire quelque chose contre sa volonté. Faire en sorte que quelque chose se produise par la contrainte ou l'effort.,"Du latin 'fortia' (force), dérivé de 'fortis' (fort).",futur proche
forcément,"Si tu ne travailles pas maintenant, tu _____ échouer à l'examen.",vas forcément,forcément,"De manière inévitable, nécessairement. Adverbe exprimant une conséquence logique ou incontournable.","Du latin ""force"" (ablation de ""vis"", force) + suffixe ""-ment"". Le mot signifie littéralement ""par la force"".",futur proche
forme,La danseuse _____ une belle arabesque sur la scène.,forme,forme,Manière dont quelque chose est façonné ou configuré. Peut aussi signifier l'action de créer ou de donner une structure à quelque chose.,"Du latin forma (forme, figure, configuration).",présent
formidable,Ce restaurant a une cuisine _____.,formidable,formidable,"Qui est extraordinaire, impressionnant ou remarquable. Qui inspire l'admiration ou l'enthousiasme.","From Latin formidabilis, from formidare (to fear), because something formidable is feared or awe-inspiring.",présent
fort,Ce café a une ambiance très _____.,forte,fort,"Qui a beaucoup de puissance, d'intensité ou de solidité. En parlant d'une ambiance ou d'une sensation, cela signifie qu'elle est marquée, intense et impressionnante.","Du latin fortis (fort, vigoureux, brave).",présent
fortune,Mon grand-père a fait _____ en investissant dans l'immobilier.,fortune,fortune,Grande quantité de richesse ou d'argent accumulée. État de prospérité économique d'une personne.,"Du latin fortuna, dérivé de fors (hasard, chance).",passé composé
forêt,Les enfants adorent jouer dans la _____ pendant l'été.,forêt,forêt,Étendue de terrain couverte d'arbres et de végétation dense. C'est un écosystème naturel où vivent de nombreux animaux et plantes.,"Du latin « forestis » (foresta), dérivé de « foris » (dehors), désignant initialement une terre boisée en dehors du domaine urbain.",présent
fou,Mon frère est complètement _____ quand il joue aux jeux vidéo.,fou,fou,Qui a perdu la raison ou qui agit de manière irrationnelle et excessive. Se dit aussi de quelqu'un qui est passionné ou enthousiaste à l'extrême.,"Du latin 'follis' (soufflet, chose vide), passé par le bas latin 'folle' et l'ancien français 'fol'.",présent
foule,"Pendant le concert, une _____ de fans attendait devant la porte du stade.",foule,foule,Un grand nombre de personnes rassemblées dans un même lieu. C'est un groupe important de gens réunis ensemble.,"Du latin 'follis' (soufflet, outre), passé par le latin vulgaire 'follea', évoquant l'idée de quelque chose de gonflé, d'un groupe dense et compact.",imparfait
foyer,Ma mère prépare le dîner dans le _____ chaque soir.,foyer,foyer,"Le foyer est la partie d'une cheminée ou d'une cuisinière où brûle le feu. C'est aussi le centre de la maison, le lieu où la famille se réunit.",Du latin « focus » signifiant « feu » ou « foyer ».,présent
frais,Les enfants ont mangé des fruits _____ à la récréation.,frais,frais,"Qui vient d'être cueilli, préparé ou produit récemment; qui n'est pas ancien ou altéré. Se dit aussi de ce qui est à basse température ou agréablement cool.",Du latin 'fridus' signifiant 'froid'.,passé composé
franchement,Je te le dis _____: ce projet ne va pas fonctionner.,franchement,franchement,"De manière honnête et directe, sans détour ni hésitation. C'est un adverbe qui exprime la sincérité et la franchise dans la parole.","Du moyen français « franchement », dérivé de « franc » (libre, sincère) avec le suffixe adverbial « -ement ».",présent
français,Ma mère parle couramment le _____ depuis son enfance.,français,français,Langue romane parlée en France et dans de nombreux pays du monde. C'est la langue officielle de la France et d'autres nations francophones.,"Du latin francensis (de la langue des Francs), dérivé de Francus (un Franc).",présent
frappe,Le boxeur _____ son adversaire avec force pendant le combat.,frappe,frappe,"Donner un coup à quelqu'un ou quelque chose avec la main, un objet ou une partie du corps. C'est l'action de heurter avec force.","Du latin *flappare, d'origine onomatopéique, imitant le bruit d'un coup.",présent
frapper,Les enfants _____ à la porte pour entrer dans la maison.,frappent,frapper,"Frapper signifie donner des coups avec la main, un objet ou une partie du corps. C'est aussi sonner à une porte ou à une cloche.","Du latin vulgaire *flappare, d'origine onomatopéique, imitant le bruit d'un coup.",présent
fric,Mon frère n'a pas assez de _____ pour acheter une nouvelle voiture.,fric,fric,Fric est un mot familier qui signifie de l'argent. C'est un synonyme informel de « argent » utilisé couramment en français.,"Origine obscure, probablement du verbe fricoter ou d'une déformation de « fric » du latin « frictio ».",présent
froid,"L'hiver dernier, il faisait très _____ et nous avons dû rester à la maison.",froid,froid,Sensation désagréable causée par une température basse ; absence de chaleur. C'est l'antonyme de chaud.,"Du latin frigidus, signifiant « glacé, gelé ».",imparfait
fromage,Ma mère adore acheter du _____ au marché chaque semaine.,fromage,fromage,Aliment solide ou semi-solide obtenu par la fermentation du lait. Le fromage existe en de nombreuses variétés selon sa région d'origine et son mode de fabrication.,"Du latin caseus, emprunté au gaulois *cassu.",présent
front,Elle s'est blessée au _____ en tombant de vélo.,front,front,"La partie avant de la tête, entre les sourcils et les cheveux. C'est la zone supérieure du visage.",Du latin 'frons' signifiant 'front' ou 'façade'.,passé composé
frontière,Les deux pays ont signé un accord pour sécuriser la _____.,frontière,frontière,Ligne de démarcation qui sépare deux pays ou deux régions. C'est une limite territoriale reconnue internationalement.,"Du latin « frontaria » (limite), dérivé de « frons » (front, face).",passé composé
fruit,Marie mange un _____ frais au marché.,fruit,fruit,"Produit comestible issu de la fructification d'une plante, généralement sucré et savoureux. C'est l'organe de la plante qui contient les graines.","Du latin fructus, dérivé de fruor (jouir, profiter de).",présent
frère,Mon _____ est ingénieur et travaille à Paris.,frère,frère,Un frère est un homme ou un garçon qui a les mêmes parents qu'une autre personne. C'est un lien familial de fraternité entre deux personnes du même sexe née des mêmes parents.,"Du latin frater, apparenté aux formes indo-européennes comme le grec phrater et l'allemand Bruder.",présent
fuir,Les prisonniers _____ de la prison pendant la nuit.,se sont enfuis,fuir,"S'enfuir rapidement, partir précipitamment pour échapper à un danger ou à une situation désagréable. C'est quitter un lieu en hâte.","Du latin fugere, signifiant 's'enfuir, se sauver'.",passé composé
fuite,Il y a une _____ d'eau dans la cuisine et nous devons appeler un plombier.,fuite,fuite,Une fuite est l'écoulement accidentel d'un liquide ou d'un gaz à travers une ouverture non intentionnelle. C'est un problème courant dans les tuyauteries et les réservoirs.,"Du latin fugita, participe passé féminin de fugere (s'enfuir, s'écouler).",présent
fumer,Mon grand-père _____ une pipe tous les jours.,fume,fumer,"Inhaler et expirer la fumée d'une substance brûlée, généralement du tabac. C'est un acte habituel ou récréatif pour certaines personnes.","Du latin fumare, signifiant « produire de la fumée ».",présent
fumée,La _____ blanche sortait de la cheminée pendant toute la soirée.,fumée,fumée,Gaz visible produit par la combustion d'une matière. Ensemble de particules et de vapeurs qui s'échappent d'un feu.,"Du latin fumus (smoke, steam).",imparfait
fusil,Le soldat chargeait son _____ avant la bataille.,fusil,fusil,"Arme à feu portative, longue et rayée, utilisée principalement par les soldats d'infanterie. C'est un instrument de combat qui tire des balles.","De l'italien 'fucile', issu du latin 'focus' (foyer, feu), par analogie avec l'arme qui produit du feu.",imparfait
futur,Le manager nous a parlé du _____ de l'entreprise lors de la réunion hier.,futur,futur,Le futur est la période de temps qui suivra le présent. C'est aussi l'ensemble des événements qui se produiront après maintenant.,"Du latin « futurus », participe futur du verbe « esse » (être), signifiant « qui doit être ».",passé composé
félicitation,Mes amis m'ont présenté leurs _____ pour mon succès à l'examen.,félicitations,félicitation,Expression de joie et d'approbation adressée à quelqu'un pour le féliciter d'une réussite ou d'un accomplissement. C'est un geste de reconnaissance et de bienveillance.,"Du latin felicitatio, dérivé de felicitas (bonheur, chance), lui-même de felix (heureux).",passé composé
fête,Nous _____ le mariage de notre cousine samedi prochain.,allons fêter,fête,Fêter signifie célébrer un événement important avec joie et entourage. C'est aussi honorer une personne ou une occasion spéciale.,"Du latin festum (fête, jour de fête), substantif neutre dérivé de festus (de fête, joyeux).",futur proche
gaffe,Marie a commis une _____ en oubliant l'anniversaire de sa mère.,gaffe,gaffe,"Une gaffe est une maladresse, une erreur ou une bévue, particulièrement une action ou une parole maladroite qui cause de l'embarras. C'est aussi un instrument de pêche constitué d'une perche avec un crochet.","De l'italien « gaffe » (crochet), qui vient du germanique « gaf » (fourchette, crochet).",passé composé
gagner,Elle _____ une compétition de natation le mois dernier.,a gagné,gagner,Obtenir la victoire dans une compétition ou un jeu. Recevoir quelque chose comme prix ou résultat d'un effort.,"Du latin populaire *guadagnare, issu du germanique *waidanjan (gagner, obtenir).",passé composé
gamin,Le _____ jouait dans la rue avec ses copains.,gamin,gamin,Un gamin est un jeune enfant ou un garçon. Le mot est souvent utilisé de manière familière ou affectueuse pour désigner un enfant espiègle ou malicieux.,"Origine incertaine, possiblement du patois ou de l'argot provincial.",imparfait
gang,Les policiers ont arrêté les membres du _____ qui terrorisaient le quartier.,gang,gang,"Un groupe de personnes, souvent des jeunes, qui se réunissent pour commettre des actes délictueux ou criminels. Le terme désigne aussi plus largement un groupe d'amis ou de collègues.","Emprunt à l'anglais gang (lui-même d'origine scandinave, apparenté au vieil islandais gangr signifiant « marche, allure »). Le mot est entré en français au cours du XXe siècle.",passé composé
garage,Ma voiture est stationnée dans le _____ depuis ce matin.,garage,garage,Un garage est un bâtiment ou un local couvert destiné à abriter et à protéger les véhicules automobiles. C'est aussi un lieu où on peut faire réparer ou entretenir sa voiture.,"From French garage, from garer (to shelter, to park) + -age (suffix forming nouns from verbs), ultimately from Germanic *waron (to protect).",présent
garde,Ma mère _____ toujours les clés de la maison sur la table de l'entrée.,garde,garde,"Garder signifie conserver quelque chose avec soi ou en sa possession, ou surveiller quelque chose pour qu'il ne soit pas perdu ou endommagé.","Du germanique *wardōn (surveiller, protéger), via le latin *wardāre.",présent
garder,Ma mère _____ toujours les clés de la maison dans un endroit sûr.,garde,garder,"Conserver quelque chose avec soin, maintenir en sa possession. Protéger ou surveiller quelqu'un ou quelque chose.","Du latin wardōn (d'origine germanique), passé par le francique *wardon.",présent
gardien,Le _____ du musée a ouvert les portes ce matin.,gardien,gardien,Personne chargée de surveiller et de protéger un lieu ou des biens. Le gardien assure la sécurité et l'ordre dans son domaine de responsabilité.,"Du latin médiéval 'gardianus', dérivé du germanique 'ward-' (garder, surveiller).",passé composé
gare,Je vais t'attendre à la _____.,gare,gare,Lieu où s'arrêtent les trains pour prendre et laisser les voyageurs.,"Du latin « wardôn » (via le germanique), apparenté à « garde ».",futur proche
gars,Les _____ jouent au football dans le parc tous les samedis.,gars,gars,Un gars est un jeune homme ou un garçon. C'est un mot familier et courant pour désigner un homme de jeune âge.,"Du latin ""garcio"" (valet, serviteur), passé par l'ancien français.",présent
garçon,Le _____ apporte les verres à la table.,garçon,garçon,"Un garçon est un jeune homme ou un enfant de sexe masculin. Dans un restaurant, c'est aussi la personne qui sert les clients.","Du latin *garcio*, d'origine germanique, apparenté à l'ancien bas francique *garzio*.",présent
gauche,Elle a levé la main _____ pour poser une question en classe.,gauche,gauche,Qui est situé du côté opposé à la droite. C'est aussi une direction ou une orientation dans l'espace.,"Du latin vulgaire *galcia, probablement d'origine germanique, apparenté à l'ancien haut allemand walh.",passé composé
gay,Mon ami est _____ et il est très heureux dans sa relation.,gay,gay,"Adjectif désignant une personne homosexuelle, généralement un homme attiré romantiquement et sexuellement par d'autres hommes. Ce terme est couramment utilisé pour décrire l'orientation sexuelle.","Emprunté de l'anglais « gay » (XIIe siècle en anglais, signifiant d'abord « joyeux, gai »), lui-même issu du vieux français « gai ».",présent
gaz,L'usine produit du _____ pour chauffer les maisons en hiver.,gaz,gaz,"Fluide sans forme ni volume défini, qui occupe tout l'espace disponible. Substance à l'état gazeux utilisée comme combustible ou pour d'autres usages industriels.","From Dutch 'gas', coined by Jan Baptist van Helmont in the 17th century, derived from Greek 'chaos' (χάος) meaning 'void' or 'chasm'.",présent
genou,Elle s'est blessée au _____ en tombant de l'escalier.,genou,genou,Articulation du membre inférieur située entre la cuisse et la jambe. C'est la partie du corps où la jambe se plie.,"Du latin genu, d'origine indo-européenne.",passé composé
genre,"Elle aime beaucoup ce _____ de musique, particulièrement le jazz.",genre,genre,"Une catégorie ou une classification d'œuvres artistiques, littéraires ou musicales partageant des caractéristiques communes. Par exemple, le roman policier, la comédie ou le hip-hop sont des genres distincts.","Du latin genus (genre, espèce, race), apparenté à gignere (engendrer). Le mot s'est développé en ancien français et a pris le sens moderne de catégorie artistique au XVIe siècle.",présent
gentil,Ma grand-mère est toujours _____ avec les enfants.,gentille,gentil,"Qui a de la bonté, de la bienveillance envers les autres. Qui est aimable et attentionné.","Du latin gentilis (de la même gens, de la même famille), évoluant vers le sens de « bien disposé » au Moyen Âge.",présent
gentille,Ma grand-mère est très _____ avec les enfants.,gentille,gentille,"Qui a de la bonté, de la douceur et de l'amabilité envers les autres. Qui est agréable et bienveillant.","From Old French gentil, from Latin gentilis (of the same clan, well-born), from gens (clan, race).",présent
geste,Elle a fait un _____ de la main pour nous saluer.,geste,geste,"Un mouvement du corps, particulièrement des mains ou du bras, pour exprimer quelque chose ou communiquer une intention. C'est une forme de communication non-verbale.","Du latin gestus, participe passé de gerere (porter, accomplir).",passé composé
glace,"En hiver, les enfants adorent patiner sur la _____ du lac gelé.",glace,glace,Substance solide et transparente formée par la congélation de l'eau. C'est aussi une crème froide sucrée que l'on mange comme dessert.,"Du latin glacies, signifiant « glace, glaçon ».",présent
gloire,Les athlètes rêvent de remporter la _____ olympique.,gloire,gloire,"L'honneur, la célébrité et l'estime que l'on obtient par des exploits remarquables. C'est aussi l'état de splendeur et de prestige qu'une personne ou une nation acquiert par ses réalisations.","Latin gloria, d'origine incertaine, peut-être liée à une racine indo-européenne signifiant « briller » ou « éclat ».",présent
golf,Mon oncle adore jouer au _____ le week-end.,golf,golf,Sport de plein air où l'on doit frapper une balle avec un club pour la faire entrer dans un trou en aussi peu de coups que possible. Le golf se pratique généralement sur un terrain spécialisé appelé parcours.,"Emprunté à l'anglais golf, qui provient probablement du mot écossais gowf, lui-même d'origine néerlandaise (kolf, signifiant bâton ou club).",présent
gorge,Elle a mal à la _____ après avoir crié toute la journée.,gorge,gorge,"La partie antérieure du cou, située entre la bouche et la poitrine, où passent l'air et les aliments. C'est aussi le conduit par lequel on avale.","Du latin gurges (gouffre, abîme), par métaphore anatomique.",passé composé
gosse,Ma voisine a trois _____ qui jouent dans le parc tous les jours.,gosses,gosse,"Enfant, garçon ou fille, généralement jeune. Mot familier et affectueux pour désigner un enfant.","Origine incertaine, probablement du romani 'gos' (enfant) ou du germanique ancien.",présent
gouvernement,Le _____ français a décidé de nouvelles politiques économiques cette année.,gouvernement,gouvernement,L'ensemble des ministres et du chef de l'État qui exercent le pouvoir exécutif et dirigent l'administration d'un pays. C'est l'institution responsable de la gestion des affaires publiques et de l'application des lois.,"Du latin médiéval « gubernamentum », dérivé de « gubernare » (gouverner, diriger un navire).",présent
gouverneur,Le _____ de la province a annoncé les nouvelles mesures économiques hier soir.,gouverneur,gouverneur,"Le gouverneur est un haut fonctionnaire qui administre une région, une province ou un territoire au nom du pouvoir central. C'est une personne chargée de gouverner et de représenter l'autorité de l'État dans une zone géographique déterminée.","Du latin ""gubernator"", dérivé de ""gubernare"" (diriger, gouverner).",passé composé
goût,Elle a toujours eu un _____ pour les voyages exotiques.,goût,goût,Le goût est la préférence ou l'inclination pour quelque chose. C'est aussi la capacité à apprécier la beauté ou la qualité.,"Du latin gustus (sensation de saveur, appréciation).",passé composé
grand,Ma _____ sœur habite à Paris avec sa famille.,grande,grand,"Qui a une taille, une dimension ou une importance considérable. Qui dépasse la moyenne en étendue ou en intensité.","Du latin ""grandis"" (grand, large).",présent
grand-chose,"Je n'ai pas _____ à faire ce weekend, donc je vais rester à la maison.",grand-chose,grand-chose,« Grand-chose » signifie quelque chose d'important ou d'intéressant. Elle s'utilise généralement dans des phrases négatives pour exprimer qu'il n'y a rien de particulier à faire ou à dire.,"Composé de « grand » (adjectif) et « chose » (nom féminin), littéralement « grande chose ».",présent
grand-mère,Ma _____ habite à Lyon et elle aime beaucoup cuisiner.,grand-mère,grand-mère,La mère du père ou de la mère d'une personne. C'est un membre de la famille d'une génération antérieure aux parents.,"Du latin « grandis » (grand) et « mater » (mère), composé formé au Moyen Âge pour distinguer la mère de la mère (grand-mère) de la mère simple.",présent
grand-père,Mon _____ me raconte des histoires du passé chaque dimanche.,grand-père,grand-père,Le père du père ou de la mère d'une personne ; l'ascendant masculin de la deuxième génération.,"Du latin populaire *grandis pater, composé de grandis (grand) et pater (père).",présent
grandi,Ma fille _____ de dix centimètres cette année.,a grandi,grandi,"Augmenter en taille ou en hauteur, devenir plus grand. Le verbe grandi décrit le processus de croissance physique d'une personne ou d'une plante.","Du latin grandis (grand, de grande taille).",passé composé
grave,Cette situation est _____ et nous devons agir rapidement.,grave,grave,"Qui est sérieux, important et préoccupant. Un adjectif décrivant quelque chose de gravité ou de conséquence.","Latin gravis (lourd, pesant, sérieux)",présent
gros,Ma mère a acheté un _____ gâteau pour l'anniversaire de ma sœur.,gros,gros,"Qui a une grande taille, un grand volume ou une grande dimension. Qui est important en quantité ou en intensité.","Du latin grossus (épais, volumineux).",passé composé
groupe,Les musiciens forment un _____ pour jouer ensemble à la salle de concert.,groupe,groupe,Un ensemble de personnes réunies par un intérêt commun ou pour accomplir une tâche ensemble. C'est aussi un collectif de musiciens ou d'artistes qui travaillent en collaboration.,"Du italien 'gruppo', lui-même issu du germanique 'kruppa' (tas, amas).",présent
guerre,La _____ entre les deux pays a duré plusieurs années.,guerre,guerre,Un conflit armé entre deux ou plusieurs nations ou groupes. C'est un état d'hostilité et de violence organisée.,"Du latin « guerra » (querelle, conflit), qui provient du germanique « werra ».",passé composé
gâcher,Elle ne veut pas _____ sa chance en arrivant en retard à l'entretien.,gâcher,gâcher,Détruire ou abîmer quelque chose de manière irréparable ou irresponsable. Faire un mauvais usage de quelque chose de précieux.,"Du latin *vassare* (fouler aux pieds), passant par le latin populaire *vassicum*, influencé par le germanique *waskjan* (laver).",présent
gâteau,Ma mère a préparé un délicieux _____ pour mon anniversaire hier.,gâteau,gâteau,"Un gâteau est un dessert sucré préparé à partir de farine, d'œufs, de sucre et d'autres ingrédients, cuit au four. C'est un aliment festif souvent servi lors de célébrations.","Du latin « gâtum », participe passé de « gâter » (gâcher, abîmer), qui s'est appliqué à une préparation culinaire.",passé composé
génial,Cette idée que tu as proposée était vraiment _____!,géniale,génial,"Qui montre de l'ingéniosité, de la créativité ou une intelligence exceptionnelle. Qui est remarquable et impressionnant par son originalité.","From Latin 'genialis', derived from 'genius' meaning 'tutelary spirit' or 'innate ability'.",imparfait
génie,Mon frère a toujours rêvé de devenir un _____ en informatique.,génie,génie,Personne dotée d'une intelligence exceptionnelle et d'une grande capacité créative. C'est aussi un talent naturel ou une aptitude remarquable dans un domaine particulier.,"Du latin « genius » (génie tutélaire, esprit), dérivé de « gignere » (engendrer, produire).",passé composé
général,Le _____ de l'armée a pris une décision importante hier.,général,général,Un officier militaire de haut rang qui commande les forces armées ou une grande unité militaire. C'est aussi un adjectif signifiant qui concerne l'ensemble ou la majorité.,"Du latin ""generalis"" (qui concerne le genre, l'ensemble), dérivé de ""genus"" (genre, espèce).",passé composé
gérer,Ma mère _____ le budget familial depuis dix ans.,gère,gérer,"Gérer signifie administrer, organiser et contrôler quelque chose (un budget, une entreprise, une situation). C'est assurer le bon fonctionnement et la gestion efficace de ressources ou de responsabilités.","Du latin gerere (porter, conduire, mener), passé par l'ancien français gerer.",présent
gên,Ma sœur a une _____ avec ses devoirs de mathématiques.,gêne,gên,"La gêne est un sentiment d'inconfort, d'embarras ou de malaise. C'est aussi une situation qui cause de la difficulté ou de l'inconvénient.","Du latin « gena » signifiant « joue », évoluant vers le sens d'embarras ou d'inconfort social.",présent
ha,Elle _____ un talent remarquable pour la musique.,a,ha,Verbe avoir à la troisième personne du singulier au présent. Il exprime la possession ou l'existence de quelque chose.,"Du latin habere, signifiant posséder ou tenir.",présent
habiter,Ma grand-mère _____ dans un petit village en Provence depuis quarante ans.,habite,habiter,"Habiter signifie résider, vivre dans un lieu donné. C'est occuper un espace comme demeure permanente ou temporaire.","From Latin habitare, frequentative of habere (to have, hold), originally meaning to hold or occupy a space.",présent
habitude,Ma grand-mère a la _____ de boire du café chaque matin.,habitude,habitude,"Une _____ est une façon d'agir, de se comporter qui s'est répétée régulièrement au point de devenir naturelle. C'est une pratique devenue automatique par la répétition.","Du latin habitude, dérivé de habitus (état, condition), participe passé de habere (avoir).",présent
haine,La _____ entre les deux voisins a commencé il y a plusieurs années.,haine,haine,Sentiment d'hostilité intense et durable envers une personne ou une chose. C'est l'opposé de l'amour et de l'affection.,"Du latin « odium » (hostilité, aversion), passé par le gallo-roman et l'ancien français « haïne ».",présent
hall,Les visiteurs attendent dans le _____ de l'hôtel.,hall,hall,"Un espace intérieur large et ouvert, généralement situé à l'entrée d'un bâtiment public comme un hôtel, une gare ou un musée. C'est un lieu de passage ou d'attente pour les personnes.","Emprunté de l'anglais « hall », lui-même dérivé du vieil anglais « heall », apparenté à l'allemand « Halle ».",présent
hasard,J'ai trouvé mon portefeuille par _____ dans la rue ce matin.,hasard,hasard,Événement ou circonstance qui se produit sans cause apparente ou sans être prévu. C'est ce qui arrive sans qu'on l'ait planifié.,"Du moyen français hasard, de l'arabe az-zahr (dé, jeu de dés), transmis via l'espagnol azar.",passé composé
haut,La montagne est très _____ et difficile à escalader.,haute,haut,"Qui a une grande dimension verticale, qui s'élève beaucoup au-dessus du sol. Se dit d'une chose qui atteint une grande altitude ou une grande élévation.","Du latin altus, signifiant élevé, profond.",présent
hein,"Tu viens à la fête ce soir, _____?",hein,hein,Interjection interrogative employée pour demander une confirmation ou pour exprimer la surprise. Elle est très familière et se place souvent à la fin d'une phrase.,"Origine onomatopéique, variante de « eh » avec la nasale « n », attestée depuis le XVIe siècle.",présent
herbe,"Le matin, ma grand-mère coupait l'_____ de son jardin avec des ciseaux.",herbe,herbe,"Plante herbacée de petite taille, généralement verte, qui pousse sur le sol. L'herbe couvre les pelouses et les prairies.","Du latin herba, signifiant « plante verte, végétation ».",imparfait
hésiter,Nous _____ longtemps avant de prendre une décision.,avons hésité,hésiter,"Hésiter signifie être indécis, avoir du mal à prendre une décision ou à agir. C'est montrer de l'incertitude ou de la réticence face à quelque chose.","Du latin « haesitare », signifiant « rester attaché, être coincé ».",passé composé
heure,Ma mère se réveille tous les jours à sept _____.,heures,heure,Unité de temps égale à 60 minutes. C'est aussi le moment du jour où l'on indique l'heure sur une montre ou une horloge.,"Du latin « hora », signifiant « saison » ou « heure du jour ».",présent
heureusement,Nous _____ trouvé un taxi sous la pluie.,avons heureusement,heureusement,De manière fortunée ou favorable ; par chance. Adverbe qui exprime la satisfaction face à un événement positif ou à l'absence d'un événement négatif.,"Du latin médiéval « fortunosus » (chanceux), dérivé de « fortuna » (chance, destin).",passé composé
heureux,Ma grand-mère était _____ quand elle a reçu des nouvelles de sa famille.,heureuse,heureux,"Qui éprouve de la joie, du contentement, de la satisfaction. C'est un état émotionnel positif.","Du latin 'hora' (heure) via l'ancien français 'eur' (chance, fortune), devenu 'heureux' au sens de 'qui a de la chance' puis 'qui éprouve de la joie'.",imparfait
histoire,Ma grand-mère nous a raconté une _____ fascinante sur nos ancêtres.,histoire,histoire,Un récit d'événements réels ou imaginaires qui se sont produits dans le passé ou qui sont inventés pour divertir. C'est aussi l'étude scientifique des événements passés de l'humanité.,"Du latin historia, emprunté au grec ἱστορία (historia), dérivé de ἵστωρ (histōr) signifiant « celui qui voit » ou « témoin ».",passé composé
hiver,"Pendant l'_____, il neige beaucoup dans les montagnes.",hiver,hiver,"La saison froide de l'année, qui va généralement de décembre à février dans l'hémisphère nord. C'est la période caractérisée par les températures basses et souvent par la neige.","Du latin hibernum (tempus), dérivé de hibernus signifiant « hivernal ».",présent
homme,Mon père est un _____ très intelligent qui travaille comme ingénieur.,homme,homme,"Un être humain de sexe masculin, adulte. C'est un individu mâle de l'espèce humaine.","Du latin homo (homme, être humain), de la racine indo-européenne *dhghem- (terre, terrestre).",présent
honneur,C'est un grand _____ pour notre famille que tu aies réussi tes examens.,honneur,honneur,"Dignité, respect et considération qu'on reçoit ou qu'on se fait. Qualité de celui qui agit avec probité et intégrité.","From Old French honour, from Latin honor, -oris.",présent
honnête,Mon grand-père était un homme très _____. Il ne mentait jamais à personne.,honnête,honnête,"Qui agit avec sincérité et rectitude, qui ne trompe pas. Qualité de celui qui dit la vérité et respecte les règles morales.","From Old French honeste, from Latin honestus (honorable, respectable), related to honos (honor).",imparfait
honnêtement,"Je dois te dire _____, je n'ai pas aimé ce film.",honnêtement,honnêtement,"De manière franche et sincère, sans mensonge ni détour. C'est un adverbe qui exprime la vérité ou l'absence de tromperie.","Du latin « honestus » (honorable, digne), qui a donné le français « honnête ». L'adverbe « honnêtement » est formé par l'ajout du suffixe « -ment ».",présent
honte,Elle _____ de dire la vérité à sa mère.,a eu honte,honte,Sentiment désagréable provoqué par la conscience d'avoir fait quelque chose de mal ou d'indigne. C'est un malaise face au jugement d'autrui ou de soi-même.,"Du latin populaire *exmagnitatem, formé de ex- et magnus (grand), passant par l'ancien français honte avec évolution phonétique.",passé composé
horreur,Les enfants ont une _____ des araignées depuis leur enfance.,horreur,horreur,Sentiment intense de peur et de répulsion face à quelque chose. C'est une réaction très forte d'aversion ou de dégoût.,"Du latin ""horror"" (frisson, tremblement, horreur), dérivé du verbe ""horrere"" (se hérisser, frissonner).",présent
horrible,Ce film était vraiment _____ et j'ai dû quitter la salle.,horrible,horrible,"Qui provoque de l'horreur, qui est extrêmement désagréable ou mauvais. Qui inspire de la répulsion ou de la frayeur.","Du latin ""horribilis"", de ""horrere"" (se hérisser, frissonner de peur).",imparfait
hors,"Ce restaurant est _____ de la ville, donc il faut prendre la voiture pour y aller.",hors,hors,Hors est une préposition qui signifie « en dehors de » ou « à l'extérieur de ». Elle indique une situation ou une position en dehors d'un lieu ou d'une catégorie donnée.,"Du latin « foris » (dehors, au-dehors).",présent
humain,Les scientifiques étudient le comportement _____ pour mieux comprendre la nature.,humain,humain,"Qui appartient à l'homme, qui caractérise l'espèce humaine. Adjectif qualifiant ce qui est relatif aux êtres humains.","Du latin humanus, dérivé de homo (homme), lui-même peut-être lié à humus (terre, sol).",présent
humaine,La compassion est une qualité _____ très importante dans notre société.,humaine,humaine,"Qui appartient à l'être humain, qui est propre à l'humanité. Qui manifeste les caractéristiques naturelles et les sentiments typiques des êtres humains.","Du latin humanus, dérivé de homo (homme), lui-même peut-être issu d'une racine indo-européenne signifiant « terre » ou « sol ».",présent
humanité,L'_____ a toujours été au cœur des préoccupations des philosophes.,humanité,humanité,L'ensemble des êtres humains considérés collectivement. C'est aussi la qualité de compassion et de bienveillance envers les autres.,"Du latin humanitas, dérivé de humanus (humain), lui-même issu de homo (homme).",présent
humeur,Ma mère était de bonne _____ ce matin.,humeur,humeur,"L'humeur est l'état d'esprit ou le mood d'une personne à un moment donné. Elle peut être bonne, mauvaise, joyeuse ou triste.","Du latin humor (liquide, humidité), puis par extension l'état physiologique et psychologique d'une personne.",imparfait
hâte,Elle a _____ de partir en vacances avec sa famille.,hâte,hâte,"Désir pressant de faire quelque chose rapidement, impatience. État d'urgence ou de précipitation.","Du latin hastia, signifiant « lance » ou « arme », avec une évolution sémantique vers l'idée de précipitation et d'urgence en ancien français.",présent
hé,_____ ! Viens ici tout de suite !,Hé,hé,Interjection servant à attirer l'attention de quelqu'un ou à exprimer la surprise. C'est un cri pour interpeller une personne.,"Interjection d'origine onomatopéique, attestée dès l'ancien français.",présent
héros,Les enfants admirent le _____ qui a sauvé la ville du danger.,héros,héros,"Un héros est une personne admirée pour son courage, sa bravoure ou ses actions exceptionnelles. C'est quelqu'un qui fait preuve de dévouement et de sacrifice pour le bien des autres.","Du latin ""heros"", emprunté au grec ancien ""ἥρως"" (hêrôs), désignant à l'origine un demi-dieu ou un guerrier illustre dans la mythologie.",passé composé
hôpital,Ma grand-mère a passé trois semaines à l'_____.,hôpital,hôpital,"Établissement médical où les patients reçoivent des soins et des traitements pour leurs maladies ou blessures. Les hôpitaux disposent de médecins, d'infirmiers et d'équipements spécialisés.","Du latin « hospitale » (maison pour les hôtes), dérivé de « hospes » (hôte, étranger).",passé composé
hôtel,Nous allons passer la nuit à l'_____.,hôtel,hôtel,Un établissement commercial qui propose des chambres meublées et des services aux voyageurs pour une courte durée. C'est un lieu d'hébergement où les clients paient pour dormir et bénéficier de différentes commodités.,"Du moyen français hostel, emprunté au latin hospitale (maison d'hôte), dérivé de hospes (hôte, ami).",futur proche
avoir,"Quand elle était jeune, elle _____ peur des orages.",avait,avoir,Verbe avoir à la troisième personne du singulier à l'imparfait. Exprime la possession ou l'état dans le passé.,"Du latin habere (tenir, posséder).",imparfait
identifier,Les policiers _____ le suspect grâce aux empreintes digitales.,vont identifier,identifier,Reconnaître quelqu'un ou quelque chose en déterminant son identité ou ses caractéristiques distinctives. Établir qui ou quoi est une personne ou une chose.,"Du latin médiéval identificare, formé de identicus (identique) et facere (faire).",futur proche
identité,"Pour voyager à l'étranger, tu dois présenter ton _____ à la douane.",identité,identité,L'ensemble des caractéristiques qui distinguent une personne ou une chose des autres. C'est aussi le document officiel qui prouve qui vous êtes.,"Du latin identitas, dérivé de idem (le même).",présent
idiot,Mon frère pense que je suis _____ parce que je n'aime pas les mathématiques.,idiot,idiot,Personne qui manque d'intelligence ou de jugement. Un adjectif ou nom utilisé pour décrire quelqu'un de peu intelligent ou qui agit sans réfléchir.,"Du latin 'idiota', emprunté au grec 'idiōtēs' (ἰδιώτης), signifiant « homme privé, personne sans instruction ».",présent
idéal,"Pour réussir ce projet, nous avons besoin d'une solution _____.",idéale,idéal,Qui correspond parfaitement à ce qu'on souhaite ou à ce qui est le mieux possible. C'est l'adjectif qui décrit quelque chose de parfait ou d'optimal.,"Du latin idealis, dérivé de idea (idée, forme), emprunté au grec idea (forme, apparence).",présent
idée,Marie a eu une bonne _____ pour organiser la fête d'anniversaire.,idée,idée,"Une idée est une pensée, une conception ou une suggestion qui vient à l'esprit. C'est la représentation mentale d'une chose, d'un concept ou d'une solution.","Du latin « idea », emprunté au grec « ἰδέα » (idea), signifiant « forme » ou « apparence ».",passé composé
faire,Ma sœur _____ un gâteau délicieux pour l'anniversaire de notre grand-mère.,a fait,faire,Accomplir une action ou créer quelque chose. Verbe d'action très courant qui signifie réaliser ou produire.,"Du latin facere (faire, réaliser).",passé composé
ignorer,Mes amies _____ souvent les règles de la classe.,ignorent,ignorer,Ne pas connaître ou refuser de prendre en compte quelque chose. C'est aussi faire semblant de ne pas voir ou entendre quelqu'un.,"Du latin « ignorare », composé de « in- » (négation) et « gnarus » (connaissant).",présent
il,"Demain, _____ aller au cinéma avec ses amis.",il va,il,Pronom personnel sujet de la troisième personne du singulier masculin. Il désigne une personne masculine ou une chose.,"Du latin ille (celui-là), qui a également donné les formes elle, ils, elles.",futur proche
image,Elle va regarder la _____ du film sur son téléphone.,image,image,"Représentation visuelle d'une personne, d'un objet ou d'une scène, obtenue par la photographie, le dessin ou d'autres moyens. C'est ce qu'on voit à l'écran ou sur une surface.","Du latin « imago » signifiant « représentation, portrait, apparence ».",futur proche
imaginer,Les enfants _____ une maison magique dans la forêt.,imaginent,imaginer,"Se représenter mentalement quelque chose qui n'existe pas ou qui n'a pas été vu. Créer une image mentale d'une situation, d'un objet ou d'une idée.","Du latin imaginari, dérivé de imago (image).",présent
imbécile,Mon frère pense que je suis _____ parce que je ne comprends pas ses explications compliquées.,imbécile,imbécile,Personne stupide ou dénuée d'intelligence. C'est aussi un adjectif pour qualifier quelqu'un de bête ou de sot.,"Du latin imbecillis, signifiant « faible, infirme », composé de in- (négatif) et bacillum (bâton), par extension « sans force ».",présent
immeuble,Ma grand-mère habite dans un _____ au centre-ville depuis vingt ans.,immeuble,immeuble,Un immeuble est un bâtiment de plusieurs étages destiné à l'habitation ou au commerce. C'est une construction immobilière composée de plusieurs appartements ou bureaux.,"Du latin « immobilis » (immobile), car un immeuble est une propriété immobilière qui ne peut pas être déplacée.",présent
immédiatement,"Quand je suis arrivé à la gare, j' _____ pris un taxi pour aller à l'hôtel.",ai immédiatement,immédiatement,"De manière instantanée, sans délai, dans le moment présent. C'est un adverbe qui indique que quelque chose se produit tout de suite.","Du latin « immediatus », composé de « in- » (négatif) et « mediatus » (qui a un intermédiaire), signifiant littéralement « sans intermédiaire ».",passé composé
impliquer,Cette décision _____ tous les membres de l'équipe.,va impliquer,impliquer,"Signifier, entraîner comme conséquence; faire participer quelqu'un à quelque chose.","Du latin implicare (enlacer, envelopper), composé de in- (dans) et plicare (plier).",futur proche
importance,La _____ de l'éducation est reconnue par tous les parents.,importance,importance,"Le caractère de ce qui est important, de ce qui a de la valeur ou de l'intérêt. C'est la qualité d'être significatif ou nécessaire.","De l'ancien français ""importance"", du latin ""importantia"", de ""importare"" (importer, avoir de la conséquence).",présent
important,Il est _____ que tu fasses tes devoirs avant de sortir.,important,important,"Qui a beaucoup de valeur, de poids ou de conséquence. Se dit de ce qui mérite attention ou considération.","Du latin ""importans"", participe présent de ""importare"" (importer, avoir de la conséquence).",présent
importer,Peu _____ ce que les autres pensent de toi.,importe,importer,"Avoir de l'importance, compter pour quelqu'un. Ce verbe signifie que quelque chose a de la valeur ou de l'impact.","From Middle French importer, from Old French, from Latin importāre (to bring in, to concern), from in- + portāre (to carry).",présent
impossible,Il est _____ de résoudre ce problème mathématique sans calculatrice.,impossible,impossible,"Qui ne peut pas être fait, réalisé ou existé. Contraire de possible.","Latin impossibilis, composé de im- (préfixe négatif) et possibilis (possible).",présent
impression,J'ai eu une bonne _____ après avoir visité ce musée magnifique.,impression,impression,"Sensation ou sentiment qu'une personne éprouve face à quelque chose ou quelqu'un. C'est l'effet produit sur l'esprit par une expérience, une observation ou une rencontre.","Du latin impressio, dérivé de imprimere (imprimer, presser dans), formé de in- (dans) et premere (presser).",passé composé
impressionnant,Les performances de cette athlète sont vraiment _____.,impressionnantes,impressionnant,Qui provoque de l'admiration ou de l'étonnement par son caractère remarquable ou extraordinaire. Qualifie quelque chose qui frappe l'esprit par son ampleur ou sa qualité.,"From French impressionner (to impress), derived from impression (impression), from Latin impressio, from imprimere (to press into, imprint).",présent
incendie,Les pompiers ont combattu l'_____ toute la nuit.,incendie,incendie,Un feu violent et destructeur qui se propage rapidement. C'est un sinistre qui détruit les bâtiments et les forêts.,"Du latin incendium, dérivé de incendere (mettre le feu), composé de in- (dans) et candere (brûler).",passé composé
incident,Un _____ s'est produit à l'école hier matin.,incident,incident,Un événement désagréable ou inattendu qui survient et cause du trouble. C'est un problème ou un conflit mineur.,"Du latin incidere (tomber sur, survenir), composé de in- (sur) et cadere (tomber).",passé composé
inconnu,Cet auteur était complètement _____ avant de publier son premier roman.,inconnu,inconnu,"Qui n'est pas connu, qui n'a pas de renommée ou de célébrité. Se dit d'une personne ou d'une chose dont on ignore l'identité ou l'existence.","From Old French inconnu, from in- (not) + connu (known), past participle of connaître.",imparfait
incroyable,Les acrobates ont fait une performance _____.,incroyable,incroyable,Qui est difficile ou impossible à croire ; qui surprend beaucoup par son caractère extraordinaire ou impressionnant.,"Du latin in- (négatif) + credibilis (digne de croyance), du verbe credere (croire).",passé composé
infirmier,Ma mère va devenir _____ dans deux ans.,infirmière,infirmier,Personne diplômée qui soigne les malades et s'occupe des patients dans un hôpital ou à domicile. C'est un professionnel de la santé qui travaille sous la supervision d'un médecin.,"Du latin « infirmus » (faible, malade) + suffixe « -ier »",futur proche
info,Je dois vérifier les _____ avant de publier l'article.,infos,info,"Information ou nouvelle, généralement au pluriel dans le contexte journalistique ou médiatique. C'est un terme courant pour désigner des données ou des renseignements.","Abréviation de « information », du latin « informatio ».",présent
information,Je dois vérifier les _____ avant de prendre une décision importante.,informations,information,"Les informations sont des données, des faits ou des nouvelles communiqués ou reçus. Elles permettent de connaître ou de comprendre quelque chose.","Du latin « informatio » (action de former, de façonner), dérivé de « informare » (former, façonner, instruire).",présent
innocent,L'accusé prétend être _____ des crimes dont on l'accuse.,innocent,innocent,Qui n'a pas commis l'acte répréhensible dont on l'accuse. Une personne innocente est exempte de culpabilité.,"Du latin innocens, composé de in- (négation) et nocens (nuisant, coupable), dérivé de nocere (nuire).",présent
inquiet,Ma mère est _____ parce que mon frère n'a pas appelé depuis une semaine.,inquiète,inquiet,"Inquiet signifie être préoccupé, mal à l'aise ou anxieux à propos de quelque chose. C'est un état d'esprit caractérisé par la crainte ou l'incertitude.","From Latin inquietus, composed of in- (not) + quietus (quiet, at rest).",présent
inquiéter,Ma mère _____ toujours quand je rentre tard à la maison.,s'inquiète,inquiéter,Ressentir de l'anxiété ou de la préoccupation à propos de quelque chose. C'est un sentiment de crainte face à une situation incertaine ou potentiellement problématique.,"Du latin inquietare, composé de in- (préfixe négatif) et quietare (calmer), dérivé de quietus (calme, tranquille).",présent
inspecteur,L'_____ a examiné les documents de l'école hier matin.,inspecteur,inspecteur,"Un inspecteur est un fonctionnaire chargé de vérifier et de contrôler le respect des règles et des normes dans un domaine spécifique, comme l'éducation ou la police. Il effectue des inspections pour s'assurer que tout fonctionne correctement.","From Old French and Latin inspectare, meaning 'to look at, examine' (in- + spectare 'to look')",passé composé
installer,"Demain, nous _____ une nouvelle cuisine dans notre maison.",allons installer,installer,"Mettre en place, fixer ou monter quelque chose dans un lieu. Placer quelqu'un dans une position ou une fonction.","From Latin installare, from in- + stallum (stall, position), related to Old French estaller.",futur proche
instant,"À cet _____, je ne sais pas si je vais réussir l'examen.",instant,instant,"Un moment très court, un laps de temps très bref. C'est un point précis dans le temps, souvent employé pour désigner le présent ou un moment particulier.","Du latin instantia, dérivé de instans (qui se tient proche, qui presse), participe présent de instare (se tenir auprès, presser).",présent
intelligent,Ma sœur est très _____ en mathématiques et elle aide souvent ses camarades.,intelligente,intelligent,"Qui a la capacité à comprendre, à apprendre et à résoudre des problèmes rapidement. C'est une qualité de celui qui possède une bonne intelligence.","Du latin intelligens, participe présent de intelligere (« comprendre, discerner »), composé de inter- (« entre ») et legere (« lire, choisir »).",présent
intention,Elle a expliqué son _____ de partir en vacances avec sa famille.,intention,intention,Un but ou un projet qu'on se propose de réaliser. C'est la volonté de faire quelque chose.,"Du latin intentio, dérivé de intendere (tendre vers, diriger vers).",passé composé
interdire,Le directeur _____ l'accès à la bibliothèque aux élèves qui n'ont pas leur carte.,interdit,interdire,"Interdire signifie défendre quelque chose à quelqu'un, lui ordonner de ne pas faire ou d'avoir quelque chose. C'est l'action d'empêcher officiellement ou autoritairement une activité ou un accès.","Du latin interdīcere (inter- « entre » + dīcere « dire »), littéralement « dire entre » ou « s'opposer à ».",présent
internet,Ma sœur utilise _____ pour faire ses devoirs tous les jours.,internet,internet,Réseau mondial de communication permettant l'accès à des informations et des services en ligne. C'est un système décentralisé qui connecte des ordinateurs et des appareils électroniques à travers le monde.,"From English ""Internet"", a blend of ""interconnected"" and ""network"", popularized in the 1980s–1990s.",présent
interroger,Le détective _____ le suspect sur les événements de la nuit dernière.,va interroger,interroger,Poser des questions à quelqu'un pour obtenir des informations ou vérifier ses connaissances. C'est examiner quelqu'un par des questions précises.,"Du latin interrogare, composé de inter- (entre) et rogare (demander).",futur proche
intéressant,Les enfants trouvent le film très _____.,intéressant,intéressant,"Qui retient l'attention, qui suscite de la curiosité ou de l'intérêt. Un sujet intéressant est celui qui mérite qu'on s'y arrête.","Du latin médiéval interessare, dérivé du latin classique interesse (« importer », littéralement « être entre »), composé de inter- (« entre ») et esse (« être »).",présent
intéresser,Les nouvelles technologies _____ beaucoup les jeunes générations.,intéressent,intéresser,"Intéresser signifie susciter la curiosité ou l'attention de quelqu'un pour quelque chose. C'est attirer l'intérêt d'une personne envers un sujet, une activité ou un objet.","From Latin interesse (to be between, to concern), from inter- (between) + esse (to be).",présent
intéressé,Les enfants _____ par ce nouveau jeu vidéo sont restés devant l'écran toute la journée.,intéressés,intéressé,"Qui a de l'intérêt pour quelque chose, qui porte attention à quelque chose. L'adjectif « intéressé » décrit une personne qui trouve quelque chose attrayant ou qui y prête de l'attention.","Du verbe « intéresser », emprunté au latin médiéval « interessare », formé de « inter- » (entre) et « esse » (être).",présent
intérieur,L'_____ de la maison est très confortable avec ses grandes fenêtres.,intérieur,intérieur,"La partie qui se trouve dedans, à l'opposé de l'extérieur. C'est l'espace situé dans les limites d'un lieu ou d'un objet.","Du latin interior, comparatif de interus (interne, du dedans).",présent
intérêt,Marie a beaucoup d'_____ pour les sciences naturelles et elle étudie très sérieusement.,intérêt,intérêt,Le sentiment de curiosité ou d'attention qu'on porte à quelque chose ou à quelqu'un. C'est aussi l'avantage ou le bénéfice qu'on peut en tirer.,"Du latin « interesse » (importer, concerner), composé de « inter- » (entre) et « esse » (être).",présent
inutile,Ses efforts pour convaincre le professeur étaient _____.,inutiles,inutile,"Qui ne sert à rien, qui n'a pas d'utilité ou d'effet. C'est quelque chose qui est dépourvu de valeur ou d'intérêt pratique.","Du latin inutilis, composé de in- (négatif) et utilis (utile).",imparfait
inventer,Les enfants _____ des histoires fantastiques pendant les vacances.,inventent,inventer,"Créer quelque chose de nouveau, de l'imagination ou de la réalité. Imaginer ou concevoir une chose qui n'existait pas avant.","From Latin inventus, past participle of invenire (to come upon, find, discover), from in- (in) + venire (to come).",présent
invite,Ma mère _____ ses amies à dîner chaque samedi.,invite,invite,Le verbe inviter signifie demander à quelqu'un de venir à un événement ou à un lieu. C'est aussi proposer à quelqu'un de participer à une activité.,"From Latin invitare, of uncertain origin, possibly from in- + vitare or related to vis (force).",présent
inviter,Ma mère _____ ses amis à dîner ce samedi soir.,va inviter,inviter,Demander poliment à quelqu'un de venir à un événement ou dans un lieu. C'est l'action de convier quelqu'un à participer à une activité.,"Du latin invitare, de in- (vers) et vitare (appeler, convier).",futur proche
invité,Les _____ sont arrivés à la fête hier soir.,invités,invité,"Personne qui a été conviée à un événement, une réunion ou un repas. Le mot désigne quelqu'un d'accueilli chez quelqu'un d'autre ou à un événement spécifique.","Du latin invitatus, participe passé du verbe invitare (convier).",passé composé
jaloux,Ma sœur est devenue _____ quand elle a découvert que son petit ami parlait avec son ex.,jalouse,jaloux,"Jaloux signifie éprouver de la jalousie, c'est-à-dire ressentir de l'envie ou de la peur de perdre quelque chose ou quelqu'un qu'on aime au profit d'une autre personne.","Du latin ""zelotypia"", du grec ""zelos"" (zèle, ardeur) et ""typos"" (coup, frappé).",passé composé
jambe,Le cycliste s'est cassé la _____ en tombant de son vélo.,jambe,jambe,Membre du corps humain qui s'étend de la hanche au pied et permet de marcher. C'est l'une des deux extrémités inférieures du corps.,"Du latin gamba, emprunté au grec kampe signifiant « courbure », « articulation ».",passé composé
japonais,Ma cousine adore lire des mangas et regarder des films _____.,japonais,japonais,Qui provient du Japon ou qui est relatif au Japon. C'est un adjectif qui décrit l'origine ou la nature de quelque chose.,"Du français « Japon » (du néerlandais « Iapan », lui-même du portugais « Japão », du japonais « Nihon »)",présent
jardin,Ma grand-mère cultive des tomates et des fleurs dans son _____.,jardin,jardin,"Un espace de terre, généralement près d'une maison, où l'on cultive des plantes, des fleurs ou des légumes. C'est un lieu de nature et de détente.","Du latin gardinus, du francique *gard- (enclos), avec influence du germanique.",présent
jaune,La voiture de ma mère est _____ et très spacieuse.,jaune,jaune,"Couleur qui se situe entre l'orange et le vert dans le spectre lumineux. C'est la couleur du soleil, du citron ou de l'or.","Du latin galbinus, dérivé de galbus (jaunâtre).",présent
je,_____ vais à l'école tous les jours.,Je,je,"Pronom personnel sujet de première personne du singulier, utilisé pour désigner la personne qui parle.","Du latin ego, qui signifie « moi ».",futur proche
jeter,Elle _____ ses vieilles lettres à la poubelle hier soir.,a jeté,jeter,"Jeter signifie propulser quelque chose loin de soi avec force, généralement dans une direction précise. C'est aussi se débarrasser de quelque chose en le mettant à la poubelle ou en l'abandonnant.","Du latin jectare, fréquentatif de jacere (jeter, lancer).",passé composé
jeu,Les enfants adorent jouer à un _____ de société le weekend.,jeu,jeu,"Activité de loisir soumise à des règles, pratiquée pour le plaisir ou la compétition. Ensemble de règles et d'éléments matériels permettant de jouer.","Du latin ludus (jeu, spectacle, école).",présent
jeudi,Nous allons au marché _____ pour acheter des légumes frais.,jeudi,jeudi,"Jeudi est le quatrième jour de la semaine, qui vient après mercredi et avant vendredi. C'est un nom masculin invariable qui désigne ce jour spécifique du calendrier.","Du latin « Jovis dies » (jour de Jupiter), transformé en ancien français « jeudi ».",futur proche
jeune,Ma sœur est _____ et elle adore jouer avec ses amis.,jeune,jeune,"Qui n'a pas beaucoup d'âge, qui est dans les premières années de la vie. L'antonyme est « vieux ».","Latin iuvenis (jeune, adolescent), d'origine indo-européenne.",présent
joie,Les enfants ont exprimé leur _____ en sautant et en riant dans le parc.,joie,joie,Sentiment de bonheur intense et de satisfaction. État émotionnel positif éprouvé face à quelque chose de plaisant ou d'agréable.,"Du latin gaudium, dérivé de gaudere (se réjouir).",passé composé
joindre,Nous _____ les documents importants à l'email.,joignons,joindre,"Joindre signifie attacher ou ajouter quelque chose à quelque chose d'autre, notamment en envoyant des fichiers avec un message. Cela peut aussi signifier mettre en contact deux personnes ou réunir des éléments.","Du latin iungere (joindre, unir), via le vieux français joindre.",présent
joli,Ma sœur a acheté une _____ robe pour la fête de ce soir.,jolie,joli,"Qui est agréable à regarder, qui plaît à l'œil. Se dit de quelque chose d'esthétique et attrayant.","Du latin populaire *gauditus, participe passé de gaudere (se réjouir), avec influence possible du germanique.",passé composé
joue,Ma fille _____ au piano depuis trois ans.,joue,joue,Faire de la musique en produisant des sons avec un instrument. Participer à un jeu ou une activité récréative.,"Du latin *iocāre*, de *iocus* (jeu, plaisanterie).",présent
jouer,Mes amies _____ au tennis chaque samedi après-midi.,jouent,jouer,"Pratiquer un jeu, un sport ou un instrument de musique pour le plaisir ou en compétition. C'est une activité récréative ou professionnelle.","From Old French jouer, from Latin iocari 'to joke, jest', from iocus 'joke, jest'.",présent
joueur,Mon frère est un excellent _____ de football qui joue pour notre équipe locale.,joueur,joueur,Personne qui joue à un jeu ou à un sport. C'est quelqu'un qui participe à une activité ludique ou sportive.,"Du verbe jouer (du latin populaire jocare, variante de iocari, signifiant 'plaisanter, se moquer'). Le suffixe -eur forme des noms d'agents.",présent
jour,"Demain, nous allons passer une belle _____ à la plage.",journée,jour,"Un _____ est une période de vingt-quatre heures, ou plus couramment, la période comprise entre le lever et le coucher du soleil. C'est aussi une période d'activité ou d'événements marquants.","Du latin diurnus (« de jour »), dérivé de dies (« jour »).",futur proche
journal,Elle lit le _____ chaque matin avant de partir au travail.,journal,journal,"Un journal est une publication quotidienne ou périodique qui contient des informations sur l'actualité, des articles et des annonces. C'est aussi un cahier personnel où l'on écrit ses pensées et ses expériences.","Du latin diurnalis, signifiant « quotidien » (de diurnus, « du jour »)",présent
journaliste,Ma mère est _____ et elle travaille pour un grand journal.,journaliste,journaliste,"Une journaliste est une personne qui collecte, rédige et diffuse des informations d'actualité pour les médias. Elle rapporte les faits et enquête sur les événements importants.","From French journal + -iste; journal from Old French jornal, from Medieval Latin diurnalis (daily), from Latin diurnus (daily).",présent
journée,"Hier, j'ai passé une très longue _____ au bureau.",journée,journée,"Une journée est la période d'une journée (24 heures) ou, plus couramment, la période entre le lever et le coucher du soleil. C'est aussi l'expression du temps consacré à une activité ou à un événement particulier.","Du latin « diurnata », dérivé de « diurnus » (relatif au jour), lui-même issu de « dies » (jour).",passé composé
joyeux,Les enfants sont _____ d'aller à la fête ce soir.,joyeux,joyeux,"Qui éprouve ou exprime de la joie, du bonheur. État émotionnel positif caractérisé par la satisfaction et le plaisir.","Du latin gaudiosus, dérivé de gaudium (joie).",présent
juge,Le _____ a décidé que l'accusé était innocent.,juge,juge,Personne investie d'une autorité judiciaire pour rendre des jugements et appliquer la loi. C'est un magistrat qui préside les procès et prononce des sentences.,"Du latin iudex, iudicis (juge, arbitre), dérivé de iudicare (juger), lui-même formé de ius (droit) et de dicare (dire, montrer).",passé composé
jugement,Le _____ du tribunal a décidé que l'accusé était innocent.,jugement,jugement,Décision rendue par un tribunal ou un juge à la suite d'un procès. C'est aussi l'action de juger ou d'évaluer quelque chose.,"Du latin « iudicium », dérivé de « iudex » (juge).",passé composé
juger,Le professeur _____ les devoirs de ses élèves ce soir.,va juger,juger,Évaluer ou donner son opinion sur quelque chose ou quelqu'un. Faire une appréciation critique.,"Du latin iudicare, composé de iudex (juge).",futur proche
jurer,Elle _____ sur la Bible qu'elle dit toujours la vérité.,jure,jurer,"Faire un serment solennel, promettre quelque chose avec solennité. C'est aussi utiliser des paroles grossières ou des jurons.","Du latin iūrāre, signifiant 'faire serment', dérivé de iūs (le droit, la loi).",présent
jury,Le _____ a décidé que l'accusé était innocent.,jury,jury,Un groupe de citoyens qui évalue les preuves et rend un jugement dans un procès. Le jury est responsable de déterminer la culpabilité ou l'innocence d'un accusé.,"From Old French 'juré', past participle of 'jurer' (to swear), from Latin 'iurare'. The word entered English and French legal terminology in the 13th century.",passé composé
jus,Le garçon boit un verre de _____ d'orange frais le matin.,jus,jus,Liquide obtenu en pressant ou en cuisant des fruits ou des légumes. C'est une boisson couramment consommée au petit-déjeuner.,"Du latin iūs, signifiant « bouillon » ou « sauce ».",présent
jusqu,Nous avons marché _____ à la gare pour prendre notre train.,jusqu',jusqu,"Préposition indiquant une limite dans l'espace ou le temps, marquant le point terminal d'une action ou d'un mouvement. Elle introduit le terme final d'une période ou d'une distance.","Du latin 'jusque' (jusqu'à), composé de 'jus' (droit, justice) et 'que' (jusque).",passé composé
justement,Tu arrives _____ quand je te l'ai demandé.,justement,justement,Adverbe signifiant « à point nommé » ou « précisément » ; il indique une coïncidence heureuse ou une exactitude temporelle. Il peut aussi renforcer une affirmation ou exprimer une correction.,"Du latin « iustum » (juste), passé par « justement » formé avec le suffixe adverbial « -ment ».",présent
justice,Le gouvernement a promis de rendre _____ à tous les citoyens.,la justice,justice,La justice est le principe d'équité et de respect des droits de chacun. C'est aussi l'ensemble des institutions chargées d'appliquer la loi.,"Du latin iustitia, dérivé de iustus (juste).",passé composé
kilomètre,"Pour aller au travail, je dois parcourir cinq _____ chaque matin.",kilomètres,kilomètre,Unité de mesure de distance égale à mille mètres. C'est une mesure couramment utilisée pour exprimer les distances terrestres.,"Du grec ancien 'khílioi' (mille) et du français 'mètre' (du grec 'métron', mesure).",présent
labo,"Demain, ma sœur va travailler au _____ pour faire des expériences de chimie.",labo,labo,"Le labo est un laboratoire, un lieu équipé pour réaliser des expériences scientifiques et des analyses. C'est un espace de travail pour les chercheurs et les étudiants en sciences.","Abbreviation of laboratoire, from Latin laboratorium (a place for work), derived from laborare (to work).",futur proche
lac,"Le week-end dernier, ma famille et moi sommes allés nager dans le _____ près de notre maison.",lac,lac,Étendue d'eau douce ou salée entourée de terre. C'est un plan d'eau plus grand qu'un étang.,"Du latin lacus, signifiant « étang, lac ».",passé composé
laisse,Elle _____ son enfant jouer au parc sans surveillance.,laisse,laisse,Permet à quelqu'un de faire quelque chose ; ne pas retenir ou empêcher. Laisser signifie autoriser ou permettre une action.,"Du latin laxare, signifiant relâcher ou desserrer.",présent
laisser,Elle _____ ses enfants jouer au parc chaque après-midi.,laisse,laisser,Permettre à quelqu'un de faire quelque chose ; ne pas empêcher une action. C'est aussi abandonner ou quitter quelque chose.,"Du latin laxare, signifiant « relâcher, desserrer ».",présent
lait,"Le matin, je bois un verre de _____ avec mes céréales.",lait,lait,"Liquide blanc nutritif produit par les glandes mammaires des mammifères, notamment des vaches, utilisé comme boisson ou ingrédient culinaire. C'est une source importante de calcium et de protéines.","Du latin classique lac, lactis, de l'indo-européen *h₂elǵ- (traire).",présent
lance,Elle _____ le ballon vers son coéquipier pendant le match.,lance,lance,"Projeter quelque chose avec force à travers l'air, généralement avec la main. C'est aussi une arme pointue utilisée historiquement à la guerre.","Du latin lanceae, pluriel de lancea (lance, javelot).",présent
lancer,"Demain, je _____ une nouvelle entreprise avec mon associé.",vais lancer,lancer,"Commencer quelque chose de nouveau, particulièrement une entreprise, un produit ou un projet. C'est aussi l'action de jeter quelque chose avec force.","Du latin lanceare, dérivé de lancea (lance). Le sens s'est étendu de « jeter avec une lance » à « jeter » puis « commencer ».",futur proche
langue,Ma mère parle trois _____ couramment.,langues,langue,"Système de communication composé de sons, de mots et de règles grammaticales utilisé par un groupe de personnes. C'est aussi l'organe musculaire situé dans la bouche.","Du latin lingua, signifiant à la fois la langue (organe) et la langue (système de communication).",présent
lapin,Mon fils a vu un _____ blanc dans le jardin hier.,lapin,lapin,"Petit mammifère rongeur avec de longues oreilles, une queue courte et blanche, et des pattes postérieures puissantes. C'est un animal herbivore souvent élevé pour sa viande ou sa fourrure.","Du latin « lepus » (lièvre), par évolution phonétique du français ancien « liepin ».",passé composé
larme,"Quand elle a reçu la mauvaise nouvelle, une _____ a coulé sur sa joue.",larme,larme,"Goutte de liquide salé qui s'écoule de l'œil, généralement causée par une émotion forte comme la tristesse ou la joie. Elle peut aussi être produite naturellement pour protéger l'œil.","Du latin lacrima, dérivé d'une racine indo-européenne *dakru- signifiant 'pleurer'.",passé composé
laver,"Demain, je _____ ma voiture avant de partir en vacances.",vais laver,laver,Nettoyer quelque chose avec de l'eau et du savon. Action de rendre propre en utilisant de l'eau.,"Du latin lavare, signifiant « laver, baigner ».",futur proche
lendemain,Marie a rangé sa chambre le _____ matin avant de partir à l'école.,lendemain,lendemain,Le jour qui suit immédiatement un autre jour. C'est le jour après aujourd'hui ou après un jour mentionné.,"Du latin « linguam diem » devenu « le lendemain », composé de « le » (l'article défini) et de « demain ».",passé composé
lentement,Elle marche _____ dans le parc chaque matin.,lentement,lentement,"De manière lente, sans précipitation, à vitesse réduite. C'est un adverbe qui modifie l'action pour indiquer qu'elle se fait progressivement.","Du latin lentus (souple, flexible, lent) + -ment (suffixe adverbial)",présent
lequel,"J'ai plusieurs stylos dans mon sac, mais je ne sais pas _____ est le mien.",lequel,lequel,Pronom interrogatif ou relatif qui demande ou indique lequel parmi plusieurs personnes ou choses. Il s'accorde en genre et en nombre avec le nom auquel il se rapporte.,"Du latin classique « qui » (qui) et « ille » (celui-ci), formant « qui ille ».",présent
lettre,Ma grand-mère a reçu une _____ de son amie qui habite en Suisse.,lettre,lettre,Un message écrit envoyé par la poste ou remis en main propre. C'est une forme de communication écrite entre deux personnes.,"Du latin « littera » signifiant « caractère d'écriture », issu de l'étrusque.",passé composé
leur,Je _____ mes amis demain pour célébrer leur anniversaire.,vais leur rendre visite,leur,"Pronom personnel indirect de la troisième personne du pluriel, utilisé pour désigner les personnes qui reçoivent l'action du verbe.","Du latin illorum (de ille, celui-ci)",futur proche
lever,"Demain, je _____ les stores pour laisser entrer la lumière du soleil.",vais lever,lever,"Soulever quelque chose vers le haut, le faire monter. C'est aussi l'action de se dresser ou de se relever.","Du latin levare, signifiant « soulever, élever ».",futur proche
leçon,Ma professeure m'a expliqué que cette _____ était très importante pour l'examen.,leçon,leçon,Une leçon est une période d'enseignement durant laquelle un professeur explique un sujet à des élèves. C'est aussi l'ensemble des connaissances ou des principes qu'on doit apprendre.,"Du latin lectio (action de lire, lecture), dérivé du verbe legere (lire).",passé composé
liaison,Ma mère a une _____ avec son collègue depuis trois ans.,liaison,liaison,"Une relation amoureuse ou sentimentale entre deux personnes, souvent secrète ou en dehors du cadre officiel. C'est aussi une connexion ou un lien entre deux choses.","Du latin « ligatio » (action de lier), dérivé de « ligare » (lier).",présent
liberté,Les citoyens ont combattu pour défendre leur _____.,liberté,liberté,"État de celui qui n'est pas soumis à une contrainte, qui peut agir selon sa volonté. Droit fondamental reconnu à chaque personne de penser, s'exprimer et vivre selon ses convictions.","Du latin libertas, dérivé de liber (libre).",passé composé
libre,Elle est _____ de faire ce qu'elle veut ce weekend.,libre,libre,Qui n'est pas soumis à une obligation ou une contrainte ; qui peut agir selon sa volonté.,"From Latin liber, from Proto-Indo-European *leudh- (to grow, to increase), related to Old English lēod (people).",présent
libérer,Les prisonniers ont été _____ après la signature du traité de paix.,libérés,libérer,"Libérer signifie mettre quelqu'un en liberté, le délivrer d'une captivité ou d'une contrainte. C'est aussi rendre libre ou dégager de quelque chose qui retient.","Du latin liberāre, dérivé de liber (libre).",passé composé
lien,Ma mère a toujours eu un _____ très fort avec sa grand-mère.,lien,lien,"Une connexion ou une relation entre deux personnes, deux choses ou deux idées. C'est ce qui unit ou rattache.","Du latin ligamen, dérivé de ligare (lier, attacher).",passé composé
lieu,La réunion aura _____ demain à 14 heures au bureau.,lieu,lieu,"Un endroit, une place où quelque chose se produit ou existe. C'est aussi le moment ou l'occasion où un événement se déroule.","Du latin locus (place, endroit).",futur proche
lieutenant,Le _____ commande une compagnie de soldats dans l'armée.,lieutenant,lieutenant,"Un officier militaire de grade intermédiaire, situé entre le sous-lieutenant et le capitaine. C'est un rang qui désigne une personne responsable d'une unité de combat.","Du latin « locum tenens » (tenant la place), composé de « locus » (lieu) et « tenens » (tenant). Le terme désigne celui qui tient le lieu ou remplace l'officier supérieur.",présent
ligne,Je dois attendre à la _____ pour prendre le bus.,ligne,ligne,Une suite de points ou de choses arrangées dans une direction. Un trajet régulier de transport en commun.,"From Old French ligne, from Latin linea (thread, line), from linum (flax).",présent
limite,La vitesse est _____ à 90 km/h sur cette route.,limitée,limite,"La limite est un point, une ligne ou une valeur qui ne doit pas être dépassée. C'est aussi une restriction ou une frontière qui marque l'extrémité de quelque chose.","Du latin limitus, participe passé de limere (border, limit)",présent
liquide,L'eau est un _____ transparent qui couvre la plupart de la surface terrestre.,liquide,liquide,"Une substance qui s'écoule librement et prend la forme du récipient qui la contient, comme l'eau ou l'huile. C'est un état de la matière entre le solide et le gaz.","Du latin « liquidus », dérivé de « liquere » signifiant « être fluide ».",présent
lire,Ma mère _____ un roman chaque semaine.,lit,lire,"Lire signifie parcourir un texte écrit et en comprendre le sens. C'est l'action de découvrir et d'interpréter les mots d'un livre, d'un journal ou d'un document.","Du latin legere (cueillir, recueillir, puis lire).",présent
liste,Ma mère a préparé une _____ de courses pour aller au marché.,liste,liste,"Une énumération écrite d'éléments, de noms ou d'objets généralement ordonnés. C'est un document qui recense les choses à faire, à acheter ou à mémoriser.","Du latin médiéval lista (bande de papier, lisière), d'origine germanique.",passé composé
lire,Elle _____ un livre intéressant hier soir avant de dormir.,a lu,lire,"Le verbe « lire » signifie parcourir et comprendre un texte écrit. C'est l'action de déchiffrer des lettres, des mots et des phrases pour en saisir le sens.","Latin legere (choisir, cueillir, puis lire)",passé composé
elle,Elle _____ à Paris depuis trois ans.,habite,elle,"Verbe signifiant résider, demeurer dans un lieu. C'est le lieu où une personne vit régulièrement.","From Latin habitāre, frequentative of habēre (to have, to hold).",présent
logique,Sa réponse était très _____ et m'a convaincue immédiatement.,logique,logique,"Qui suit les règles de la raison et de la cohérence. Qui est conforme à la logique, au bon sens.","Du grec ancien λογική (logikḗ), féminin de λογικός (logikós, « relatif à la raison »), dérivé de λόγος (lógos, « raison, parole »).",imparfait
loi,Le gouvernement a voté une nouvelle _____ pour protéger l'environnement.,loi,loi,Une règle officielle établie par le gouvernement ou le parlement qu'on doit respecter. C'est une norme juridique qui s'applique à tous les citoyens.,"From Latin lex, legis (law, statute), from Proto-Indo-European *leǵ- (to collect, gather, speak).",passé composé
loin,"Ma grand-mère habite très _____ de la ville, dans une petite maison à la campagne.",loin,loin,À une grande distance dans l'espace. Cela signifie que quelque chose est éloigné ou distant.,"Du latin longe (à distance, loin), adverbe de locus (lieu).",présent
long,Ce fleuve est très _____ et traverse plusieurs régions du pays.,long,long,Qui a une grande étendue d'un bout à l'autre. Se dit de quelque chose qui mesure beaucoup de distance ou de temps.,"From Latin longus, of uncertain origin, possibly related to Proto-Indo-European *dlonghos.",présent
longtemps,Elle a attendu _____ avant de recevoir sa réponse.,longtemps,longtemps,Une période de temps considérée comme importante ou prolongée. Cela indique une durée étendue.,"From Old French « lonc temps », from Latin « longus tempus » (long time).",passé composé
lors,C'était un moment important _____ de la cérémonie.,lors,lors,Préposition ou conjonction signifiant « au moment de » ou « au cours de ». Elle introduit généralement un moment ou une circonstance temporelle précise.,"Du latin « illōrum » (de ceux-là), qui s'est contracté en ancien français « lors ».",imparfait
lorsqu,"_____ j'ai terminé mes devoirs, j'ai pu regarder la télévision.",Lorsque,lorsqu,Conjonction de subordination qui introduit une proposition temporelle indiquant le moment où se produit l'action principale. Elle exprime la simultanéité ou la succession immédiate de deux événements.,"Du latin 'lorsque', composé de 'lors' (à ce moment) et de 'que' (conjonction), issu du latin 'illac hora'.",passé composé
lorsque,"_____ j'arrive à la gare, le train partait déjà.",Lorsque,lorsque,Conjonction de subordination qui introduit une proposition temporelle indiquant le moment où se produit l'action principale. Elle signifie 'au moment où' ou 'quand'.,"Du latin 'dum' (pendant que) combiné avec 'lors' (alors), formant « lors que » qui s'est contracté en « lorsque ».",imparfait
loup,Le _____ hurle dans la forêt la nuit.,loup,loup,"Animal sauvage carnivore de la famille des canidés, qui vit en meute et est connu pour son hurlement caractéristique. C'est un prédateur intelligent et social.","From Latin lupus, from Proto-Indo-European *h₁lukʷ-os.",présent
lourd,Cette valise est _____ à porter.,lourde,lourd,"Qui a un poids considérable, difficile à soulever ou à transporter. Au sens figuré, qui pèse sur l'esprit ou cause de la fatigue.","Du latin populaire *lourdus, issu du latin classique *lordus (maladroit, pesant).",présent
lui,Je _____ un cadeau pour son anniversaire.,vais lui offrir,lui,Donner quelque chose à quelqu'un. Le pronom indirect « lui » représente la personne qui reçoit l'action.,"Du latin « lui » (lui, dative/locative of ille), évolution du pronom personnel latin.",futur proche
lui-même,Le président a décidé _____ de réformer le système éducatif sans l'aide de ses conseillers.,lui-même,lui-même,"Pronom réfléchi renforcé qui insiste sur l'identité de la personne et signifie que cette personne agit seule, sans aide extérieure. Il s'utilise pour mettre l'accent sur l'autonomie ou l'importance de la personne.","Composé de 'lui' (pronom personnel objet indirect du 3e personne singulier) et 'même' (adjectif indéfini signifiant 'identique' ou 'propre'), formé au Moyen Français.",passé composé
luire,La lune _____ doucement à travers les nuages cette nuit.,luira,luire,"Luire signifie briller ou émettre de la lumière, souvent de manière douce ou intermittente. C'est un verbe qui décrit l'action d'un objet qui produit ou reflète la lumière.","Du latin lucere (briller, être lumineux)",futur proche
lumière,La _____ du soleil entre par la fenêtre et illumine toute la pièce.,lumière,lumière,"Rayonnement électromagnétique visible à l'œil humain, produit par une source comme le soleil ou une ampoule. C'est ce qui permet de voir les objets et de percevoir les couleurs.","Du latin lux, lucis (lumière, clarté), apparenté à lucere (briller).",présent
lundi,"Je dois finir mon travail avant _____, car c'est un jour important pour moi.",lundi,lundi,"Lundi est le deuxième jour de la semaine, qui vient après dimanche et avant mardi. C'est généralement le premier jour de la semaine de travail.","Du latin lunae dies, littéralement « jour de la lune ».",présent
lune,La _____ brille magnifiquement dans le ciel nocturne.,lune,lune,Astre naturel qui orbite autour de la Terre et qui réfléchit la lumière du Soleil. Elle éclaire le ciel pendant la nuit.,"Du latin luna, de même sens, apparenté au grec ancien λύκος (lukos).",présent
lunette,Elle porte des _____ de soleil pour protéger ses yeux.,lunettes,lunette,"Accessoire optique composé de deux verres montés dans une monture, porté devant les yeux pour corriger la vision ou se protéger du soleil. Peut aussi désigner un petit objet circulaire ou une ouverture ronde.","Du latin « luneta », diminutif de « luna » (lune), en référence à la forme circulaire des verres.",présent
lutte,Les athlètes _____ contre la discrimination dans le sport depuis des années.,luttent,lutte,La lutte est une action de résistance ou d'opposition contre quelque chose ou quelqu'un. C'est aussi un sport de combat où deux adversaires s'affrontent en essayant de se renverser.,"Du latin « luctari » signifiant « combattre, lutter ».",présent
lycée,Ma sœur va entrer au _____ l'année prochaine pour préparer son baccalauréat.,lycée,lycée,"Établissement d'enseignement secondaire où les élèves poursuivent leurs études après le collège, généralement de la classe de seconde à la terminale. C'est le dernier cycle de l'enseignement secondaire en France.","Du grec λύκειον (lykeion), nom du gymnase d'Athènes fondé par Aristote.",futur proche
là,Les enfants jouent _____ dans le parc près de la maison.,là,là,"Adverbe de lieu qui indique un endroit spécifique, souvent utilisé pour désigner un place proche ou déjà mentionnée. Il peut aussi renforcer une démonstration ou une indication.","Du latin 'illac' (par là), formé de 'ille' (ce, cela) et de l'adverbe de direction '-ac'.",présent
lâche,Le héros n'était pas _____ face au danger.,lâche,lâche,"Qui manque de courage, qui a peur d'affronter le danger ou la difficulté. Peut aussi signifier qui abandonne facilement une tâche ou une responsabilité.","Du latin « laxus » (relâché, mou), passé par l'ancien français « lasche ».",imparfait
lâcher,Les enfants _____ leurs ballons dans le parc cet après-midi.,vont lâcher,lâcher,"Lâcher signifie relâcher, libérer quelque chose ou quelqu'un qu'on tenait. C'est aussi abandonner ou cesser de tenir.","Du latin populaire *laxicare, dérivé de laxus (relâché, mou).",futur proche
lève,"Chaque matin, elle _____ les yeux et regarde par la fenêtre.",lève,lève,"Le verbe « lever » signifie soulever vers le haut ou ouvrir. Ici, il s'agit d'ouvrir les yeux après le sommeil.","Du latin levare (soulever, lever).",présent
lèvre,Elle s'est mordu la _____ en mangeant une pomme.,lèvre,lèvre,Partie charnue qui forme le bord de la bouche. C'est l'une des deux structures mobiles qui entourent l'ouverture buccale.,"Du latin labium, signifiant « lèvre ».",passé composé
légende,Les enfants écoutaient la _____ du chevalier courageux avec beaucoup d'attention.,légende,légende,"Un récit traditionnel ou populaire souvent merveilleux, transmis de génération en génération. Une histoire ou un mythe associé à un personnage ou un lieu.","Du latin legenda (« choses à lire »), participe futur passif de legere (« lire »).",imparfait
machine,Ma grand-mère utilise une vieille _____ pour laver le linge.,machine,machine,Appareil mécanique ou électrique conçu pour accomplir une tâche spécifique. Une machine à laver est un équipement ménager qui nettoie les vêtements automatiquement.,"Du latin machina, emprunté au grec μηχανή (mēkhanḗ), signifiant « engin, appareil ».",présent
madame,Bonjour _____! Comment allez-vous aujourd'hui?,Madame,madame,Titre de politesse utilisé pour s'adresser à une femme mariée ou d'un certain âge. C'est une forme respectueuse et formelle de interpellation.,"Du latin médiéval 'ma dame' (littéralement 'ma dame'), composé de 'mea' (ma) et 'domina' (dame, maîtresse).",présent
mademoiselle,La _____ a commandé un café au bar ce matin.,mademoiselle,mademoiselle,Titre de politesse utilisé pour s'adresser à une jeune femme non mariée. C'est l'équivalent féminin de « monsieur ».,"Du français « ma demoiselle », composé de « ma » (mon, ma) et « demoiselle » (jeune femme de condition noble), du latin « dominicella » (diminutif de « domina », maîtresse).",passé composé
magasin,Ma mère va au _____ pour acheter du pain et du lait.,magasin,magasin,Un lieu commercial où l'on vend des produits et des marchandises. C'est un endroit où les clients peuvent faire leurs achats.,"From Italian magazzino, from Arabic makhāzin (plural of makhzan, storehouse)",futur proche
magie,Les enfants regardaient le magicien faire de la _____ sur la scène.,magie,magie,Art de produire des effets extraordinaires et apparemment impossibles par des moyens secrets ou surnaturels. C'est un ensemble de techniques et de tours destinés à surprendre et à émerveiller le public.,"Du latin « magia », emprunté au grec « μαγεία » (mageia), lui-même d'origine perse (« magus » désignant les prêtres zoroastriens).",imparfait
magique,Les enfants trouvent le spectacle de l'illusionniste vraiment _____.,magique,magique,"Qui relève de la magie, qui semble produit par la magie ou qui a des propriétés extraordinaires et merveilleuses.","Du latin magicus, emprunté au grec μαγικός (magikos), dérivé de μάγος (magos, magicien).",présent
magnifique,Les vacances à la montagne étaient vraiment _____.,magnifiques,magnifique,"Qui est très beau, splendide et impressionnant. Qui provoque l'admiration par sa grandeur ou sa beauté.","From Latin magnificus, composed of magnus (great) and facere (to make), literally meaning 'making great'.",imparfait
main,Elle lève sa _____ pour saluer ses amis.,main,main,"Partie du corps humain située au bout du bras, comprenant la paume, les doigts et le poignet. C'est l'organe principal de préhension et de manipulation.","Du latin manus (main), de la racine indo-européenne *man- (signifiant main ou pouvoir).",présent
maire,Le _____ de notre village a décidé d'organiser une fête communale ce week-end.,maire,maire,Le maire est l'élu local qui dirige une commune et représente l'administration municipale. Il est responsable de l'organisation des services publics et de la gestion des affaires de la ville ou du village.,"Du latin maior (comparatif de magnus, « grand »), passé par le latin médiéval maior qui désignait le chef d'une administration.",présent
maison,Ma grand-mère a vendu sa _____ l'année dernière.,maison,maison,Un bâtiment destiné à servir d'habitation pour une ou plusieurs familles. C'est le lieu où l'on vit quotidiennement.,"Du latin mansio (demeure, gîte), dérivé de manere (rester, demeurer).",passé composé
majesté,Le roi a gouverné son royaume avec beaucoup de _____.,majesté,majesté,"Dignité, grandeur et autorité impressionnante d'une personne de haut rang, particulièrement d'un monarque. C'est aussi un titre honorifique utilisé pour s'adresser à un roi ou à une reine.","Du latin majestas (grandeur, dignité), dérivé de maior (plus grand).",passé composé
majeur,Le projet _____ de l'entreprise était d'augmenter la production cette année.,majeure,majeur,"Qui est de grande importance, principal ou considérable. L'adjectif majeur décrit quelque chose qui a un rôle ou une importance prépondérante.","Du latin maior, comparatif de magnus (grand).",imparfait
malade,"Ma grand-mère est _____ depuis une semaine, donc elle ne peut pas venir à la fête.",malade,malade,"Qui souffre d'une maladie, qui n'est pas en bonne santé. Personne atteinte d'une affection physique ou mentale.",Du latin malus (mauvais) + -ade (suffixe formant des substantifs et adjectifs).,présent
maladie,Ma grand-mère a eu une _____ grave l'année dernière et a dû rester à l'hôpital.,maladie,maladie,Un état pathologique du corps ou de l'esprit qui altère le fonctionnement normal d'une personne. C'est une condition médicale nécessitant généralement des soins.,"Du latin « male habitus » (mal disposé), formé de « male » (mal) et « habitus » (disposé, état).",passé composé
malgré,Elle a réussi son examen _____ la difficulté du sujet.,malgré,malgré,"Préposition qui exprime une opposition ou une concession, signifiant « en dépit de » ou « nonobstant ». Elle introduit un obstacle ou une difficulté qui n'a pas empêché la réalisation d'une action.","Du latin « malum » (mal) et « gratia » (grâce, faveur), littéralement « malgré la grâce ».",passé composé
malheur,Quel _____ que cette tempête arrive juste avant les vacances!,malheur,malheur,"Événement ou circonstance fâcheux qui cause de la peine, de la déception ou de la souffrance. C'est le contraire de la chance ou du bonheur.","Du latin « malus » (mauvais) et « forum » (sort, destinée), littéralement « mauvais sort ».",présent
malheureusement,"_____, je n'ai pas pu finir mon projet à temps.",Malheureusement,malheureusement,D'une manière regrettable ou fâcheuse; avec malheur ou infortune. Adverbe qui exprime la déception ou le regret face à une situation.,"Du moyen français « malheureux » (composé de « mal » et « heureux »), avec le suffixe adverbial « -ment ».",présent
malin,Ma sœur est très _____ ; elle trouve toujours des solutions à nos problèmes.,maligne,malin,"Qui a de l'intelligence, de la ruse ou de la vivacité d'esprit. Qui est capable de trouver des solutions ingénieuses.","Du latin malus (mauvais), évoluant vers le sens de « difficile à manier » puis « intelligent, rusé ».",présent
maman,Ma _____ m'a préparé un gâteau pour mon anniversaire hier.,maman,maman,Femme qui a mis au monde un enfant ou qui élève un enfant ; mère. C'est un terme affectueux et familier pour désigner sa mère.,"Réduplication enfantine du radical 'ma-' (du latin mamma, sein). Le mot est attesté en français dès le XIIe siècle.",passé composé
manier,Elle _____ le dossier avec beaucoup de soin hier.,a manié,manier,"Manier signifie tenir et utiliser quelque chose avec les mains, ou aussi diriger et contrôler une situation. C'est manipuler un objet ou gérer une affaire avec habileté.","Du latin « manus » (main), avec le suffixe « -ier ».",passé composé
mandat,Le directeur a reçu un _____ pour superviser le projet pendant six mois.,mandat,mandat,Un mandat est une mission ou une responsabilité confiée à quelqu'un pour accomplir une tâche particulière. C'est aussi une autorisation donnée à une personne pour agir au nom d'une autre.,"Du latin mandatum, participe passé de mandare (confier, charger de).",passé composé
mange,Ma fille _____ une pomme tous les matins avant l'école.,mange,mange,Consommer de la nourriture en la mâchant et en l'avalant. C'est l'action de prendre un repas ou une collation.,"Du latin manducare, signifiant « mâcher ».",présent
manger,Les enfants _____ des fruits et des légumes à l'école.,mangent,manger,Consommer de la nourriture en la mâchant et en l'avalant. C'est l'action de prendre un repas ou une collation.,"Du latin manducare, lui-même probablement d'origine onomatopéique ou germanique.",présent
manière,Elle a expliqué ses idées de la _____ la plus claire possible.,manière,manière,La manière est la façon ou le mode selon lequel quelque chose est fait ou réalisé. C'est la méthode ou le style particulier d'accomplir une action.,"Du latin « manuaria » (geste de la main), dérivé de « manus » (main).",passé composé
manqu,Elle _____ son train ce matin et elle était très frustrée.,a manqué,manqu,Ne pas réussir à prendre ou à attraper quelque chose à temps. Faire défaut ou ne pas être présent quand on était attendu.,"Du latin « mancus » signifiant « mutilé, défectueux », passé par l'ancien français « manque ».",passé composé
manquer,Elle _____ son meilleur ami pendant les vacances.,manque,manquer,Ressentir l'absence de quelqu'un ou de quelque chose ; avoir besoin de la présence ou de l'existence de quelqu'un ou quelque chose.,"Du latin vulgaire *manca* (main mutilée, défaut), dérivé du latin *mancus* (manchot, incomplet).",présent
manteau,"En hiver, ma mère porte toujours un _____ chaud pour sortir de la maison.",manteau,manteau,"Vêtement ample qui couvre le corps, porté par-dessus les autres vêtements pour se protéger du froid ou de la pluie. C'est un habit d'extérieur sans manches ou avec des manches longues.","Du latin mantellum, signifiant « couverture, cape ».",présent
marche,"Chaque matin, ma grand-mère _____ au marché pour acheter des fruits frais.",marche,marche,Se déplacer à pied d'un endroit à un autre. C'est aussi l'action de mettre un pied devant l'autre de manière régulière.,"Du latin marcare (tracer une limite), influencé par la marque des pas.",présent
marcher,Les enfants _____ dans le parc chaque samedi.,marchent,marcher,Se déplacer à pied en mettant un pied devant l'autre de manière régulière. C'est le mouvement de base de la locomotion humaine.,"Du latin marcāre, d'origine germanique (francique *markōn).",présent
marché,Elle va aller au _____ pour acheter des fruits et des légumes.,marché,marché,"Un lieu public où se vendent des produits, notamment des fruits, des légumes et d'autres biens. C'est aussi un ensemble de conditions économiques relatives à l'offre et la demande.","Du latin mercatus, dérivé de merx (marchandise).",futur proche
mardi,Tous les _____ je vais à la piscine avec mes amis.,mardis,mardi,"Le mardi est le troisième jour de la semaine, situé entre le lundi et le mercredi. C'est un jour de la semaine dans le calendrier grégorien.","Du latin martis dies, littéralement « jour de Mars » (le dieu romain de la guerre).",futur proche
mari,Ma mère a présenté son _____ à la famille lors du dîner.,mari,mari,Homme marié à une femme. C'est le conjoint masculin dans un mariage.,"Du latin maritus, signifiant « marié » ou « époux », dérivé de mare « marier ».",passé composé
mariage,Le _____ de ma sœur aura lieu en juin prochain.,mariage,mariage,L'union légale et officielle de deux personnes qui deviennent époux. C'est aussi la cérémonie et la fête qui célèbrent cette union.,"Du latin médiéval 'mariage', dérivé de 'maritus' (mari) avec le suffixe '-age'.",futur proche
marier,Marie _____ son petit ami l'été prochain.,va marier,marier,"Unir deux personnes par le mariage, les rendre époux. C'est un acte civil ou religieux qui crée un lien matrimonial entre deux individus.","Du latin médiéval 'mariare', dérivé de 'maritus' (mari, époux).",futur proche
marine,Mon père travaille dans la _____ depuis vingt ans.,marine,marine,"La marine est l'ensemble des forces navales d'un État, ou l'art et la science de naviguer sur la mer. Elle peut aussi désigner l'industrie de la pêche et du transport maritime.","Du latin marinus, dérivé de mare (mer).",présent
marié,Ma sœur est _____ depuis deux ans et elle est très heureuse.,mariée,marié,Personne qui a contracté le mariage avec une autre personne. État de deux personnes unies par le mariage.,"Du latin « maritus » (mari) et « marita » (femme mariée), dérivé de « mas » (mâle).",présent
marque,Cette _____ de voiture est très populaire en France.,marque,marque,Une marque est le nom d'une entreprise ou d'un produit qui le distingue des autres. C'est aussi un signe ou une trace qui indique l'origine ou l'appartenance d'un objet.,"Du verbe latin ""marcare"" signifiant ""frapper avec un marteau"", dérivé de ""marcus"" (marteau). Le mot s'est développé pour désigner à la fois une trace laissée et, par extension, une désignation commerciale.",présent
marre,Je suis vraiment _____ de cette situation qui dure depuis des mois.,marre,marre,"Être marre signifie être extrêmement fatigué, ennuyé ou excédé par quelque chose. C'est une expression familière qui exprime le ras-le-bol.","Origine incertaine, possiblement du verbe se marrir (s'ennuyer) en ancien français.",présent
mars,"En _____, les jours commencent à s'allonger dans l'hémisphère nord.",mars,mars,"Mars est le troisième mois de l'année calendaire, qui suit février et précède avril. C'est généralement le mois du printemps dans l'hémisphère nord.","Du latin Martius (mensis), « mois de Mars », dieu romain de la guerre.",présent
masque,"Pendant la pandémie, elle portait un _____ à l'école.",masque,masque,"Objet qui couvre le visage pour protéger, cacher ou déguiser.","De l'italien maschera, possiblement de l'arabe maskhara (bouffon, moquerie).",imparfait
match,"Demain, nous _____ un match contre l'équipe rivale.",allons jouer un match,match,"Jouer un match, une rencontre sportive. C'est un verbe qui signifie participer à une compétition ou un affrontement sportif.","De l'anglais match (compétition), lui-même du vieil anglais mæcca (compagnon, égal).",futur proche
matin,Je me réveille toujours tôt le _____.,matin,matin,"Le matin est la première partie de la journée, du lever du soleil jusqu'à midi environ. C'est le moment où on commence généralement sa journée.","Du latin « matutinus », qui signifie « du matin », lui-même dérivé de « Matuta », déesse romaine de l'aube.",présent
matériel,L'école a besoin de _____ scolaire pour les classes de informatique.,matériel,matériel,"Ensemble d'objets, d'équipements ou d'outils nécessaires pour accomplir une tâche ou une activité. Peut désigner aussi ce qui est relatif aux choses matérielles, physiques, par opposition à ce qui est spirituel ou moral.","Du latin médiéval « materialis », dérivé de « materia » (matière, substance).",présent
maudire,Les villageois _____ le sorcier qui avait empoisonné leur récolte.,maudissaient,maudire,"Souhaiter du mal à quelqu'un, le condamner avec colère et ressentiment. Prononcer une malédiction contre une personne ou une chose.","Du latin maledicere, composé de male (mal) et dicere (dire).",imparfait
mauvais,Elle a eu une _____ note à son examen de mathématiques.,mauvaise,mauvais,"Qui est de faible qualité, qui ne convient pas ou qui est désagréable. Antonyme de bon.","Du latin vulgaris 'malvais' (composé de 'mal-' et 'vais', du latin 'vassus'). Évolution phonétique du bas latin 'malivus'.",passé composé
max,Le athlète _____ ses efforts pour remporter la médaille d'or.,a maximisé,max,"Augmenter au maximum, porter à son plus haut niveau. C'est chercher à obtenir le meilleur résultat possible.","Du latin maximus (le plus grand), avec le suffixe verbal -iser.",passé composé
maximum,"Pour cette compétition, les athlètes doivent courir un _____ de 100 mètres.",maximum,maximum,"La plus grande quantité, la valeur la plus élevée qu'on ne peut pas dépasser. C'est l'opposé du minimum.","Du latin « maximum », superlatif neutre de « magnus » (grand).",présent
maître,Le _____ de l'école a félicité tous les élèves pour leurs excellents résultats.,maître,maître,"Personne qui enseigne, qui a autorité dans un domaine ou une institution. Le maître est responsable de l'instruction et de l'éducation de ses élèves.","Du latin magister (maître, chef), dérivé de magis (plus), comparatif de magnus (grand).",présent
maîtresse,La _____ de mon fils est très patiente avec les enfants.,maîtresse,maîtresse,Une femme qui enseigne dans une école primaire ou maternelle. Le terme peut aussi désigner une femme qui a une relation amoureuse avec un homme marié.,"Du latin magistra, féminin de magister (maître).",présent
mec,"Mon ami est un vrai _____, il est toujours là pour m'aider.",mec,mec,"Un homme, un garçon ou un copain. C'est un mot familier et informel pour désigner une personne de sexe masculin.","Origine inconnue avec certitude, probablement du verlan ou de l'argot parisien du XXe siècle.",présent
meilleur,Cette pâtisserie fait les _____ croissants de toute la ville.,meilleurs,meilleur,"Superlatif de bon, désignant ce qui est supérieur à tous les autres en qualité ou en excellence. C'est l'adjectif utilisé pour exprimer le plus haut degré de bonté ou de supériorité.","Du latin melior (meilleur, plus bon), comparatif de bonus (bon).",présent
membre,Les _____ de notre club de tennis se réunissent chaque semaine pour discuter des règlements.,membres,membre,"Une personne qui fait partie d'un groupe, d'une organisation ou d'une association. C'est aussi chacune des parties du corps comme les bras et les jambes.","Du latin membrum, signifiant « partie du corps ».",présent
mener,Les enfants _____ leurs jouets dans le parc hier après-midi.,ont mené,mener,"Le verbe mener signifie conduire, guider ou diriger quelqu'un ou quelque chose vers un endroit ou un objectif. C'est aussi transporter ou apporter quelque chose avec soi.","Du latin menare (conduire un animal), lui-même d'origine incertaine, possiblement du celtique.",passé composé
menace,La tempête _____ les côtes de la région.,menace,menace,Une menace est un danger imminent ou un risque que quelque chose de mauvais se produise. C'est aussi l'action de menacer quelqu'un ou quelque chose.,"Du latin ""minacia"" (menaces), dérivé de ""minari"" (menacer).",présent
mener,Les policiers _____ l'enquête avec beaucoup de sérieux.,mènent,mener,"Mener signifie diriger, conduire ou être à la tête de quelque chose. C'est aussi guider une personne ou un groupe vers un objectif.","Du latin menare, variante de minare (menacer, conduire).",présent
mensonge,Elle a découvert que son ami avait raconté un _____ sur ses origines.,mensonge,mensonge,Une affirmation contraire à la vérité faite intentionnellement pour tromper quelqu'un. C'est l'action de mentir ou le résultat de cette action.,"Du latin médiéval ""mentisonja"", dérivé de ""mentire"" (mentir), avec le suffixe péjoratif ""-sonja"".",passé composé
ment,Elle _____ à son ami que le projet était difficile.,ment,ment,Dire intentionnellement quelque chose de faux pour tromper quelqu'un. Action de ne pas dire la vérité.,"Du latin mentiri (tromper, mentir).",présent
menteur,Mon frère est un _____ qui ne dit jamais la vérité.,menteur,menteur,"Personne qui ment habituellement, qui dit des mensonges. C'est quelqu'un qui n'est pas honnête et qui trompe les autres.","Du latin 'mentiri' (mentir), avec le suffixe agent '-eur'.",présent
mentir,Elle _____ à ses parents sur ses notes à l'école.,a menti,mentir,Dire quelque chose de faux volontairement pour tromper quelqu'un. C'est l'action de ne pas dire la vérité.,"Du latin mentiri (tromper, mentir), d'origine incertaine mais probablement lié à la racine indo-européenne *men- (esprit, pensée).",passé composé
mer,Les enfants adorent jouer à la _____ pendant les vacances d'été.,mer,mer,Grande étendue d'eau salée qui couvre une grande partie de la surface terrestre. C'est aussi l'espace maritime bordant les côtes d'un continent ou d'une île.,"Du latin mare, de même sens.",présent
merveilleux,Les enfants trouvent ce film absolument _____.,merveilleux,merveilleux,"Qui provoque l'admiration, qui est extraordinaire et magnifique. Qui inspire de l'émerveillement.","Du latin ""mirabilis"" (digne d'admiration), formé de ""mirari"" (admirer, s'étonner).",présent
message,J'ai reçu un _____ important de mon patron ce matin.,message,message,Un message est une communication écrite ou orale transmise d'une personne à une autre. C'est l'information ou le contenu qu'on souhaite faire connaître à quelqu'un.,"Du latin médiéval ""messagium"", dérivé de ""missus"" (envoyé), participe passé de ""mittere"" (envoyer).",passé composé
mesure,Le médecin _____ la tension artérielle du patient avec soin.,a mesuré,mesure,"Mesurer signifie déterminer la dimension, la quantité ou l'intensité de quelque chose en utilisant un instrument ou une unité de référence. C'est aussi évaluer ou juger quelque chose.","Du latin mensura (action de mesurer, dimension), dérivé de metiri (mesurer).",passé composé
mettre,Elle _____ son manteau avant de sortir ce matin.,a mis,mettre,"Mettre signifie placer quelque chose sur soi ou sur un objet, ou faire en sorte que quelque chose soit dans une certaine position. C'est un verbe très courant qui peut avoir plusieurs sens selon le contexte.","Du latin mittere (envoyer, lancer).",passé composé
bavard,Ma grand-mère est très _____ et elle adore raconter des histoires.,bavarde,bavard,"Qui parle beaucoup, qui aime converser et échanger. Se dit d'une personne qui communique volontiers.","Du moyen français baver (bavarder), avec le suffixe péjoratif -ard.",présent
meurtre,La police enquête sur le _____ qui a eu lieu hier soir dans le quartier.,meurtre,meurtre,L'acte de tuer intentionnellement une personne. C'est un crime grave puni par la loi.,"Du latin ""mors"" (mort) via le latin médiéval ""murdrum"", emprunté au germanique.",présent
meurtrier,La police a arrêté le _____ qui avait commis trois crimes dans la ville.,meurtrier,meurtrier,Personne qui a tué intentionnellement une autre personne. C'est un crime grave puni par la loi.,"Du latin médiéval 'murdrum' (meurtre), dérivé du germanique 'mord-' signifiant meurtre.",passé composé
midi,Nous mangeons toujours ensemble à _____.,midi,midi,"Le moment du jour situé entre le matin et l'après-midi, généralement autour de 12 heures. C'est aussi le sud géographique.","Du latin ""medius dies"" (jour du milieu), composé de ""medius"" (du milieu) et ""dies"" (jour).",présent
miel,Ma grand-mère ajoute du _____ dans son thé chaque matin.,miel,miel,Substance sucrée produite par les abeilles à partir du nectar des fleurs. Le miel est utilisé comme édulcorant naturel et possède des propriétés bénéfiques pour la santé.,"Du latin mel, mellis, apparenté au grec ancien μέλι (méli)",présent
mien,Ce livre _____ ; je l'ai acheté hier à la bibliothèque.,est mien,mien,Adjectif possessif qui indique l'appartenance à la première personne du singulier. Il s'accorde en genre et en nombre avec le nom qu'il qualifie.,"Du latin médiéval 'meus' (mon, mien), forme tonique de l'adjectif possessif latin.",passé composé
mienne,Cette maison est _____. Elle m'appartient depuis dix ans.,la mienne,mienne,Pronom possessif féminin singulier qui désigne quelque chose appartenant à la personne qui parle. Il remplace un nom précédé de l'adjectif possessif « ma ».,"Du latin « meus » (mon, ma) avec le suffixe possessif ancien français « -ienne ».",présent
mignon,Ma petite sœur a un chat très _____.,mignon,mignon,"Qui est joli, adorable et attrayant, particulièrement quand il s'agit de quelque chose de petit ou d'enfantin. Cet adjectif exprime tendresse et affection envers ce qui est doux ou charmant.","Du latin vulgaire *minio (« vermillon, couleur rouge »), évoluant pour désigner ce qui est gracieux ou joli. La forme française « mignon » apparaît au XIIIe siècle avec le sens de « délicat » ou « petit et joli ».",présent
milieu,"Au _____ du 20ème siècle, la technologie a transformé la société française.",milieu,milieu,Le milieu est le point central ou la période qui divise quelque chose en deux parties égales. C'est aussi l'environnement ou le contexte social dans lequel vit une personne.,"Du latin 'medius' signifiant 'du milieu', formé de 'medio' (au milieu) et du suffixe '-ium'.",présent
militaire,Mon oncle est _____ depuis vingt ans et il adore son métier.,militaire,militaire,Personne qui appartient à l'armée et qui exerce une profession dans les forces armées. On peut aussi dire qu'une chose est militaire si elle concerne l'armée ou la défense d'un pays.,"Du latin militaris, dérivé de miles (soldat).",présent
millier,Il y a plus d'un _____ de personnes qui ont assisté au concert hier soir.,millier,millier,Un millier est un nombre égal à mille ou approximativement mille. C'est une unité de mesure pour compter les grandes quantités.,"Du latin « milliarium » (pierre milliaire), dérivé de « mille » (mille).",présent
millimètre,La précision de ce dessin technique demande une mesure exacte au _____.,millimètre,millimètre,"Unité de mesure de longueur égale à un millième de mètre, soit 0,001 m. C'est une très petite unité utilisée pour mesurer des objets ou des distances précises.","Du français « mille » (thousand) + « mètre », calqué sur le système métrique décimal établi en 1790.",présent
million,La loterie nationale a distribué trois _____ d'euros aux gagnants cette année.,millions,million,Un million est le nombre égal à mille mille (1 000 000). C'est une unité de numération très grande utilisée pour compter des quantités importantes.,"Du latin médiéval « milion », dérivé de « mille » (mille) avec le suffixe augmentatif « -ion », signifiant littéralement « grand mille ».",passé composé
mettre,Elle _____ ses affaires dans le sac à dos avant de partir en randonnée.,met,mettre,"Placer quelque chose quelque part, positionner un objet dans un endroit. Verbe régulier du troisième groupe utilisé pour indiquer l'action de placer ou de ranger.","Du latin mittere (envoyer, placer).",présent
mince,Cette crêpe est trop _____ pour moi.,mince,mince,"Qui a peu d'épaisseur, qui n'est pas épais. Se dit aussi d'une personne ou d'un animal qui n'est pas gros.","Du latin vulgaire *minca, probablement d'origine gauloise.",présent
mine,Ma grand-mère a une vieille _____ d'or dans sa collection.,mine,mine,"Une mine est une excavation souterraine d'où on extrait des minéraux, des métaux ou d'autres ressources. C'est aussi un gisement de minéraux ou de métaux.","Du latin mina, emprunté au grec μνᾶ (mna), qui signifiait à l'origine une unité de poids ou de valeur.",passé composé
ministre,Le _____ de l'Éducation nationale a annoncé les nouvelles réformes scolaires hier.,ministre,ministre,"Personne qui dirige un ministère, c'est-à-dire un département gouvernemental responsable d'un domaine particulier comme l'éducation, la santé ou la défense. Le ministre exerce le pouvoir exécutif dans son domaine.","Du latin « minister » signifiant « serviteur, assistant », dérivé de « minus » (moins).",présent
minuit,Le train arrive à _____ et tous les passagers descendent.,minuit,minuit,"Minuit est l'heure qui marque le début d'une nouvelle journée, correspondant à 00h00 sur une montre. C'est le moment où la nuit est à son milieu.","Du latin 'medius nox' (mi-nuit, milieu de la nuit), composé de 'medius' (milieu) et 'nox' (nuit).",présent
minute,"Attends une _____, s'il te plaît, je vais chercher mon téléphone.",minute,minute,Unité de temps égale à soixante secondes. C'est aussi une période de temps très courte.,"Du latin médiéval 'minuta' (partie divisée), féminin de 'minutus' (menu, petit), dérivé de 'minuere' (diminuer).",présent
miracle,Nous avons besoin d'un _____ pour sauver cette situation difficile.,miracle,miracle,Un événement extraordinaire qui semble impossible ou inexplicable selon les lois de la nature. C'est quelque chose d'extraordinaire qui dépasse l'entendement humain.,"Du latin miraculum, dérivé de mirari (admirer, s'étonner).",présent
miroir,Elle se regarde dans le _____ chaque matin avant de partir.,miroir,miroir,Objet ou surface qui reflète l'image des objets placés devant lui. C'est un ustensile courant dans les salles de bain et les chambres.,"Du latin médiéval 'miroir', dérivé du latin 'mirari' (regarder, s'étonner), avec suffixe '-orium'.",présent
mise,La _____ en place de cette nouvelle politique a commencé hier.,mise,mise,"Action de mettre quelque chose en place ou en fonctionnement. C'est le résultat ou l'acte de placer, d'installer ou de commencer quelque chose.","Du verbe mettre, participe passé féminin singulier.",présent
mission,L'astronaute a complété sa _____ dans l'espace avec succès.,mission,mission,Une tâche ou un objectif spécifique qu'une personne ou une organisation doit accomplir. C'est souvent une responsabilité importante assignée à quelqu'un.,"Du latin « missio » (action d'envoyer), dérivé du verbe « mittere » (envoyer).",passé composé
mlle,_____ Dupont est une excellente avocate qui travaille dans notre cabinet depuis cinq ans.,Mlle,mlle,"Abréviation de Mademoiselle, un titre de civilité pour les femmes. Note : Mademoiselle tombe en désuétude en France. Madame est maintenant le terme standard et respectueux pour toutes les femmes adultes, indépendamment de leur statut marital.","Du français ancien « ma demoiselle », contraction de « ma » et « demoiselle » (jeune fille de condition noble). Le terme « demoiselle » vient du latin « domicella », diminutif de « domina ».",présent
mobile,Mon _____ est tombé par terre ce matin.,mobile,mobile,Appareil de communication portable permettant de passer des appels et d'envoyer des messages. C'est un téléphone sans fil que l'on peut emporter partout avec soi.,"From English 'mobile phone', itself from Latin 'mobilis' (movable, from movere 'to move')",présent
mode,Cette _____ de robe est très populaire cette saison.,mode,mode,La mode est l'ensemble des tendances et des styles vestimentaires ou artistiques qui sont populaires à une époque donnée. C'est aussi la manière particulière de s'habiller ou de vivre adoptée par un groupe social.,"Du latin modus, signifiant « manière, mesure, mode ».",présent
modèle,Cette designer a créé un _____ révolutionnaire pour la nouvelle collection de vêtements.,modèle,modèle,Un modèle est un exemple ou une représentation qui sert de référence ou d'inspiration. C'est aussi une personne ou une chose qui incarne les qualités qu'on souhaite imiter.,"From Italian modello, from Latin modulus (small measure, diminutive of modus).",passé composé
moi,Tu penses toujours à _____ quand tu es seul.,moi,moi,"Pronom personnel tonique de première personne du singulier, utilisé après une préposition ou pour l'emphase. Il désigne la personne qui parle.","Du latin ""me"" (accusatif de ""ego""), qui s'est transformé en ""moi"" en ancien français.",présent
moindre,Ce problème est _____ difficile que je ne l'imaginais.,moindre,moindre,"Qui est plus petit en quantité, en importance ou en intensité. Adjectif indiquant une comparaison de faible degré.","Du latin minor (plus petit), comparatif de parvus.",présent
moins,Elle _____ d'argent pour acheter une nouvelle voiture.,a moins,moins,Moins est un adverbe de quantité qui indique une petite quantité ou une réduction. Il s'oppose à plus et exprime une comparaison ou une insuffisance.,"Du latin minus, comparatif de parvus (petit).",passé composé
mois,Je vais partir en vacances pendant trois _____.,mois,mois,"Période de temps correspondant à environ trente jours, ou l'une des douze divisions du calendrier. C'est l'intervalle entre deux dates de même quantième.","Du latin mensis (mois), lui-même issu d'une racine indo-européenne *me- signifiant « mesurer ».",futur proche
moitié,J'ai mangé la _____ de la pizza hier soir.,moitié,moitié,La moitié est la division d'une chose en deux parties égales. C'est l'une de ces deux parties.,"Du latin médiéval « medietate », dérivé du latin « medius » (milieu).",passé composé
moment,"En ce _____, je suis très occupé avec mes études.",moment,moment,"Un espace de temps, une période courte ou une occasion particulière. C'est un instant ou une circonstance spécifique.","Du latin momentum, dérivé de movimentum (mouvement), signifiant initialement « mouvement » puis « instant ».",présent
monnaie,Je vais à la boulangerie et je demande de la _____ pour payer mon pain.,monnaie,monnaie,Pièces de métal de faible valeur utilisées pour payer ou pour recevoir un rendu après un achat. C'est aussi l'ensemble des pièces et des billets d'un pays.,"Du latin « moneta », dérivé du nom de la déesse Junon Moneta, dans le temple de laquelle se trouvait l'atelier monétaire romain.",futur proche
monsieur,Le _____ attend son rendez-vous à la gare.,monsieur,monsieur,"Un homme adulte, particulièrement utilisé comme titre de politesse ou de respect envers un homme. C'est aussi un substantif désignant un gentleman ou un homme de bonne société.","Du latin 'meus senior' (mon aîné), contracté en 'mon sieur' puis 'monsieur'. Le terme signifiait originellement 'mon seigneur' et a évolué pour devenir une forme de politesse générale.",présent
monstre,Les enfants ont eu peur quand ils ont vu le _____ dans le film d'horreur.,monstre,monstre,"Créature imaginaire ou réelle, généralement grande et effrayante. Personne ou chose qui inspire de la peur ou du dégoût.","Du latin monstrum, dérivé de monere (avertir), car les monstres étaient considérés comme des présages ou des avertissements.",passé composé
montagne,Les randonneurs ont grimpé la _____ pendant deux heures.,montagne,montagne,"Élévation naturelle du terrain, beaucoup plus haute qu'une colline. C'est une formation géographique imposante couverte souvent de roches et de végétation.","Du latin montanea (terra), de montanus (de la montagne), dérivé de mons (montagne).",passé composé
monte,Elle _____ l'escalier pour atteindre le deuxième étage.,monte,monte,"Le verbe monter signifie se déplacer vers le haut, gravir un endroit situé à une altitude supérieure. C'est l'action de grimper ou d'aller vers le sommet.","Du latin montare, dérivé de mons (montagne).",présent
montre,Ma grand-mère regarde l'heure sur sa vieille _____ en or.,montre,montre,"Objet portatif qui indique l'heure, généralement porté au poignet ou gardé en poche. C'est un instrument de mesure du temps.","Du latin médiéval monstra, du latin classique monstrare (montrer), car la montre montre l'heure.",présent
montrer,Ma professeure _____ les différentes techniques de peinture à ses étudiants.,montre,montrer,"Montrer signifie faire voir quelque chose à quelqu'un, présenter ou exposer quelque chose pour qu'on le voie. C'est aussi enseigner ou démontrer comment faire quelque chose.","Du latin vulgaire *monstrāre, dérivé du latin classique monstrāre (indiquer, signaler), lui-même lié à mōnstrum (prodige, signe).",présent
se moquer,Les enfants _____ leur professeur quand il raconte ses histoires drôles.,se moquent,se moquer,"Se moquer signifie rire de quelqu'un ou de quelque chose de manière moqueur, souvent pour le ridiculiser. C'est faire preuve d'ironie ou de dérision envers une personne ou une situation.","Du latin populaire *moccare, d'origine onomatopéique, imitant un bruit de moquerie.",présent
morceau,Elle a mangé un _____ de gâteau après le déjeuner.,morceau,morceau,Une partie d'une chose divisée ou cassée. C'est aussi une petite quantité de quelque chose de comestible.,"Du latin vulgaire *morsellum, diminutif de *morsus (action de mordre), dérivé de mordere (mordre).",passé composé
mort,Ma grand-mère _____ il y a deux ans.,est morte,mort,État final de la vie ; cessation complète des fonctions vitales d'un être vivant. Peut aussi être utilisé comme adjectif pour décrire une personne ou un être qui n'est plus en vie.,"Du latin mors, mortis, apparenté au sanskrit mṛ- (mourir).",passé composé
mot,Elle cherche le _____ juste pour exprimer son idée.,mot,mot,"Unité de langage ayant un sens, composée d'une ou plusieurs lettres. C'est l'élément de base du vocabulaire et de la communication écrite ou orale.","Du latin vulgaire muttum, issu du latin mutīre (murmurer, grogner).",présent
moteur,La voiture ne démarre pas parce que le _____ est cassé.,moteur,moteur,"Machine qui transforme l'énergie (électrique, thermique, etc.) en mouvement mécanique. C'est le cœur fonctionnel d'une voiture, d'un appareil ou d'une machine.","Du latin motor, dérivé de movere (mouvoir).",présent
moto,Ma sœur va acheter une _____ rouge ce weekend.,moto,moto,Un véhicule à deux roues propulsé par un moteur à essence. C'est un moyen de transport plus rapide qu'une bicyclette et plus maniable qu'une voiture.,"Abréviation de « motocyclette », lui-même formé de « moteur » (du latin « motor ») et « cycle » (du grec « kyklos »).",futur proche
mourir,Ma grand-mère _____ l'année dernière à l'âge de 90 ans.,est morte,mourir,"Cesser de vivre, perdre la vie. C'est la fin de l'existence biologique d'une personne ou d'un être vivant.","Du latin moriri, de même sens.",passé composé
mouvement,Le _____ de la danse était très gracieux et fluide.,mouvement,mouvement,"Action ou manière de se déplacer, de changer de position ou de lieu. C'est aussi l'ensemble des gestes et des déplacements d'une personne ou d'un objet.","Du latin movimentum, dérivé de movere (bouger, déplacer).",présent
moyen,Elle a trouvé un _____ pour résoudre ce problème difficile.,moyen,moyen,"Un moyen est une méthode, un procédé ou un instrument permettant d'atteindre un objectif. C'est aussi une ressource ou un outil utilisé pour accomplir quelque chose.","Du latin medianus (du milieu), dérivé de medius (milieu).",passé composé
mur,Les enfants ont dessiné un _____ bleu sur le papier.,mur,mur,"Une surface verticale qui entoure ou divise un espace, généralement construite en pierre, brique ou béton. C'est un élément structural d'un bâtiment ou d'une clôture.","Du latin murus, signifiant « mur, fortification ».",passé composé
musique,Ma sœur adore jouer de la _____ depuis qu'elle est petite.,musique,musique,Art combinant sons et rythmes pour créer une expression artistique. C'est l'ensemble des sons organisés de manière harmonieuse.,"From Latin musica, from Ancient Greek mousikē (tekhnē) 'art of the Muses', from mousa 'muse'.",présent
musée,Nous sommes allés au _____ hier pour voir les tableaux impressionnistes.,musée,musée,"Un bâtiment public où sont conservées et exposées des collections d'objets d'art, d'histoire ou de science. Les visiteurs peuvent y admirer des œuvres et en apprendre davantage sur différents domaines.","Du grec mouseion (μουσεῖον), signifiant « temple des Muses », dérivé de mousa (μοῦσα) « Muse ».",passé composé
aller,"Mon ami et moi, nous _____ au cinéma ce soir.",allons aller,aller,Se déplacer d'un lieu à un autre. Verbe de mouvement très courant en français.,"Du latin vadere, signifiant « marcher, aller ».",futur proche
mystère,Le _____ de cette vieille maison fascine tous les touristes qui la visitent.,mystère,mystère,"Quelque chose d'inconnu, d'inexpliqué ou de caché qui suscite la curiosité. C'est un fait ou une situation dont on ignore l'explication ou les causes.","Du latin mysterium, emprunté au grec mysterion, relatif aux mystères religieux antiques.",présent
mètre,La salle de classe mesure dix _____ de long.,mètres,mètre,Unité de mesure de longueur équivalente à 100 centimètres. C'est l'unité de base du système métrique international.,Du grec ancien métron (μέτρον) signifiant « mesure ».,présent
méchant,Ce garçon _____ a volé le jouet de sa sœur hier.,méchant,méchant,Qui a de mauvaises intentions ou qui cause du mal à autrui. Caractère ou comportement cruel ou malveillant.,"Du latin vulgaire *malcantus, dérivé de malus (mauvais) et cantus (chant), ou plus probablement du latin malus associé à un suffixe péjoratif",présent
médecin,Ma mère va consulter un _____ demain matin pour sa douleur au dos.,médecin,médecin,Professionnel de santé diplômé qui diagnostique et traite les maladies des patients. Le médecin exerce la médecine et peut être généraliste ou spécialiste.,"Du latin « medicus » (qui soigne), dérivé de « mederi » (guérir).",futur proche
médecine,Ma sœur étudie la _____ à l'université depuis trois ans.,médecine,médecine,"La médecine est la science et la pratique qui visent à prévenir, diagnostiquer et traiter les maladies chez les êtres humains. C'est aussi l'ensemble des connaissances et des techniques médicales.","Du latin medicina, dérivé de medicus (médecin), lui-même issu de mederi (guérir).",présent
médical,Les examens _____ sont importants pour diagnostiquer les maladies.,médicaux,médical,"Qui se rapporte à la médecine, au traitement des maladies ou à la pratique des médecins. L'adjectif médical qualifie ce qui est lié à la science et à la pratique de la médecine.","Du latin médiéval 'medicalis', dérivé de 'medicus' (médecin), lui-même emprunté au grec 'medikos'.",présent
médicament,Le docteur m'a prescrit un _____ pour soigner ma toux.,médicament,médicament,"Substance ou préparation destinée à prévenir, guérir ou soulager une maladie. Le médicament est administré selon une posologie précise.","Du latin médicamentum, dérivé de medicari (soigner), lui-même issu de medicus (médecin).",passé composé
mémoire,Elle a écrit sa _____ pour son diplôme universitaire.,mémoire,mémoire,"Un travail écrit présenté à l'université pour compléter un cursus d'études, notamment à la fin d'un master. C'est un document qui expose les recherches et les conclusions personnelles de l'étudiant.","Du latin memoria (mémoire, souvenir), passé par le français ancien.",passé composé
ménage,Ma mère fait le _____ tous les samedis matin.,ménage,ménage,"L'ensemble des travaux d'entretien d'une maison, comme le nettoyage et l'organisation des pièces. C'est aussi l'ensemble des personnes qui vivent ensemble dans une habitation.","Du moyen français « ménage », dérivé de « mesnage », lui-même issu du latin « mansionaticum » (relatif à la maison, de « mansio » = demeure).",présent
mérite,Elle _____ une promotion après des années de travail acharné.,a mérité,mérite,"Mériter signifie être digne de quelque chose, avoir droit à quelque chose en raison de ses actions ou de ses qualités. C'est recevoir ce qu'on a justement gagné par son comportement ou ses efforts.","Du latin méritare, dérivé de merere (gagner, acquérir), lui-même probablement lié à merx (marchandise).",passé composé
métier,Ma mère exerce un _____ très intéressant dans le domaine de la médecine.,métier,métier,Une profession ou un travail que l'on pratique régulièrement pour gagner sa vie. C'est l'activité professionnelle d'une personne.,"Du latin « ministerium » (service, fonction), passé par l'ancien français « mestier ».",présent
même,Elle _____ oublié son parapluie à la gare.,a même,même,"Le mot « même » est un adverbe d'intensité qui signifie « jusqu'à, y compris ». Il renforce l'idée exprimée dans la phrase en ajoutant une nuance de surprise ou d'insistance.","Du latin « medianus » (du milieu), qui a évolué en ancien français « meïsme », puis en français moderne « même ».",passé composé
naissance,Ma grand-mère me racontait souvent des histoires sur sa _____ en Provence.,naissance,naissance,L'événement par lequel un enfant vient au monde ; le moment où une personne commence à exister. C'est aussi le commencement ou l'origine de quelque chose.,"Du latin ""nascentia"", dérivé de ""nasci"" (naître).",imparfait
national,La fête _____ est célébrée dans tout le pays le 14 juillet.,nationale,national,"Qui appartient à une nation, qui concerne l'ensemble d'un pays. L'adjectif national décrit ce qui est propre à un État ou qui représente tous ses citoyens.","Du latin 'nationalis', dérivé de 'natio' (naissance, nation), lui-même de 'nasci' (naître).",présent
nature,La _____ de cet animal est très intéressante à étudier.,nature,nature,"Ensemble des caractéristiques essentielles et innées d'une personne, d'une chose ou d'un être vivant. C'est aussi l'ensemble du monde physique et des êtres vivants qui ne sont pas créés par l'homme.","Du latin natura, dérivé de nasci (naître), signifiant originellement « essence, qualité innée ».",présent
naturel,Cette couleur est très _____.,naturelle,naturel,"Qui existe dans la nature, qui n'est pas artificiellement créé ou modifié. Qui est conforme à la nature, spontané et sans affectation.","Du latin naturalis, dérivé de natura (nature).",présent
navire,Le capitaine a commandé le _____ qui traversait l'océan Atlantique.,navire,navire,"Un navire est un grand bateau capable de naviguer en mer, généralement utilisé pour le transport de marchandises ou de passagers. C'est un véhicule maritime de taille importante.","Du latin navis (bateau, navire), qui provient d'une racine indo-européenne commune aux termes désignant les navires dans plusieurs langues.",imparfait
navré,Je suis vraiment _____ de ne pas pouvoir venir à ta fête samedi.,navré,navré,"Qui éprouve du regret, de la désolation ou du chagrin face à une situation. Se dit de quelqu'un qui est désolé ou contrarié par quelque chose.","Du latin 'navratus', participe passé de 'navrare' (blesser), formé de 'navra' (blessure).",présent
naître,Ma grand-mère _____ en 1945 pendant la Seconde Guerre mondiale.,est née,naître,"Venir à l'existence, commencer à vivre. C'est le moment où une personne ou un animal commence sa vie.","Du latin nascī, de la racine indo-européenne *gn̥- (produire, engendrer).",passé composé
neige,"Demain, il _____ toute la journée dans les Alpes.",va neiger,neige,Tomber du ciel sous forme de flocons blancs et froids. C'est un phénomène météorologique qui se produit quand la température est très basse.,"Du latin « nivem » (accusatif de « nix »), signifiant neige.",futur proche
nerveux,Ma mère était très _____ avant son entretien d'embauche hier.,nerveuse,nerveux,État d'agitation ou d'anxiété face à une situation stressante. Qui manque de calme ou de maîtrise de soi.,"Du latin nervosus, dérivé de nervus (nerf).",imparfait
nettoyer,Ma mère _____ la maison chaque samedi matin.,nettoie,nettoyer,"Rendre quelque chose propre en enlevant la saleté, la poussière ou les taches. C'est une action domestique courante.","Du latin nitidus (brillant, propre) avec le suffixe -oyer.",présent
neuf,Ma sœur a acheté une robe _____ pour la fête de samedi.,neuve,neuf,Qui n'a jamais été utilisé ou qui vient d'être fait récemment. Qui est en bon état et n'est pas vieux.,"Du latin novus, signifiant « nouveau ».",passé composé
nouveau,Ma mère a acheté une _____ robe pour la fête de mariage.,nouvelle,nouveau,"Qui vient d'être créé, acquis ou découvert; qui n'existait pas avant ou qui remplace quelque chose d'ancien.","Du latin novellus, diminutif de novus (nouveau).",passé composé
nez,Ma sœur a un très joli _____ avec des taches de rousseur.,nez,nez,"Partie saillante du visage située entre les yeux et au-dessus de la bouche, qui sert à respirer et à sentir les odeurs.","Du latin nasus, apparenté au sanskrit nāsā.",présent
ni,Je n'aime _____ le café _____ le thé le matin.,ni,ni,Conjonction de coordination utilisée pour relier deux éléments négatifs dans une phrase. Elle signifie que ni l'un ni l'autre des deux éléments n'est concerné.,"Du latin ""nec"" (et ne...pas), combiné avec ""i"" (lui). La forme actuelle vient de l'évolution phonétique du latin ""nec ille"".",présent
niveau,Les étudiants de cette classe ont un _____ très avancé en mathématiques.,niveau,niveau,"Le niveau est le degré de compétence, de connaissance ou de développement atteint par une personne ou un groupe. C'est aussi la hauteur ou la position d'une chose par rapport à une référence.","Du latin «libella» (petit niveau, règle), qui a donné l'italien «livello» et le français «niveau».",présent
noir,Le ciel était _____ avant l'orage hier soir.,noir,noir,"La couleur noir est l'absence de lumière visible, l'une des couleurs les plus sombres. C'est la couleur opposée au blanc.","Du latin niger, signifiant « noir » ou « sombre ».",imparfait
nom,Quel est le _____ de cette petite fille ?,nom,nom,"Le nom est le mot par lequel on désigne une personne, un animal ou une chose. C'est l'identité ou la dénomination d'une entité.","Du latin ""nomen"" (nom, appellation).",présent
nombre,Il y a un grand _____ d'étudiants à l'université cette année.,nombre,nombre,Une quantité de personnes ou de choses. Le mot « nombre » désigne la totalité des unités qui composent un ensemble.,"Latin numerus, de même origine indo-européenne que « numéraire » et « numéral ».",présent
nombreux,Il y a _____ personnes à la conférence aujourd'hui.,nombreuses,nombreux,"Qui existe en grand nombre, en grande quantité. Se dit de choses ou de personnes présentes en abondance.","Du latin numerosus, dérivé de numerus (nombre).",présent
nommer,Le directeur _____ un nouveau responsable pour cette équipe.,va nommer,nommer,Donner un nom à quelqu'un ou quelque chose ; désigner quelqu'un pour occuper une fonction ou un poste.,"Du latin nominare, dérivé de nomen (nom).",futur proche
nord,"La capitale de la France est Paris, qui se trouve dans la partie _____ du pays.",nord,nord,"Le nord est la direction opposée au sud, l'une des quatre directions cardinales. C'est aussi la région située dans cette direction.","Du latin 'nordus', emprunté au germanique ancien 'nord'.",présent
normal,C'est _____ que tu arrives toujours en retard à tes cours.,normal,normal,"Qui correspond à ce qui est habituel, ordinaire ou conforme à la règle. Ce qui ne présente rien d'étrange ou d'exceptionnel.","From Latin normalis, derived from norma (rule, pattern, carpenter's square).",présent
normalement,Les élèves arrivent _____ à l'école à 8 heures du matin.,normalement,normalement,"De manière habituelle, ordinaire ou conforme à la règle. C'est ce qui se passe généralement ou dans des conditions standard.","Du latin tardif normalis, dérivé de norma (équerre, règle).",présent
note,Le professeur _____ les devoirs de ses étudiants avec attention.,note,note,"La note est une marque, un symbole ou un chiffre qu'on attribue pour évaluer le travail ou la performance de quelqu'un. C'est aussi un court message écrit ou une annotation.","Du latin notare, signifiant « marquer » ou « désigner ».",présent
notre,_____ maison est très grande et se trouve près de la montagne.,Notre,notre,Adjectif possessif de la première personne du pluriel qui indique que quelque chose appartient à nous ou nous concerne collectivement.,"Du latin noster, nostre, signifiant « notre, nos ».",présent
nourrir,Les parents _____ leurs enfants avec des aliments sains et nutritifs.,nourrissent,nourrir,Fournir de la nourriture à quelqu'un ou à un animal pour assurer sa subsistance et sa santé. C'est l'action d'alimenter régulièrement.,"Du latin nutrire, signifiant « nourrir, alimenter ».",présent
nourriture,Ma mère prépare une délicieuse _____ pour le dîner ce soir.,nourriture,nourriture,Ensemble des aliments et des boissons que consomme un être vivant pour se nourrir et maintenir son énergie. C'est aussi l'action de manger ou ce qui est mangé.,"Du latin 'nutritura', dérivé de 'nutrire' (nourrir).",présent
nous,"Demain, _____ allons visiter le musée avec nos amis.",nous,nous,"Pronom personnel de la première personne du pluriel, désignant le locuteur et une ou plusieurs autres personnes. Il peut être sujet, complément d'objet direct, complément d'objet indirect ou complément de préposition.","Du latin nosotros, formé de nos (nous) et du suffixe -otros.",futur proche
noël,Nous avons décoré la maison pour _____ avec des guirlandes et des lumières.,Noël,noël,"Noël est la fête chrétienne célébrant la naissance de Jésus Christ, célébrée le 25 décembre. C'est aussi une période de l'année associée aux traditions familiales, aux cadeaux et à la décoration.","Du latin 'natalis' (relatif à la naissance), via le latin chrétien 'dies natalis' (jour de naissance).",passé composé
nu,"Elle se promenait dans le jardin, les pieds _____.",nus,nu,Qui n'est pas couvert de vêtements ou de chaussures. État de nudité partielle ou totale.,"Du latin nudus (nu, dénudé).",imparfait
nuit,"Pendant la _____, les étoiles brillaient dans le ciel.",nuit,nuit,"La période de vingt-quatre heures comprise entre le coucher et le lever du soleil, caractérisée par l'obscurité. C'est le moment où la plupart des gens dorment.","Du latin 'nox, noctis', de l'indo-européen *nokw-ts, apparenté au grec 'nyx' et au sanskrit 'naktam'.",imparfait
nul,Son argument était complètement _____ et ne convaincait personne.,nul,nul,"Qui n'a aucune valeur, aucun effet ou aucune validité. Se dit aussi de quelque chose de très mauvais ou sans intérêt.","Du latin nullus, signifiant « aucun », composé de ne (ne) et ullus (aucun).",imparfait
numéro,Je dois appeler le service client et donner mon _____ de compte.,numéro,numéro,"Un nombre qui identifie ou classe quelque chose, comme un code ou une série de chiffres. Le numéro sert à distinguer un élément parmi d'autres du même type.","Du latin numerus, signifiant « nombre » ou « quantité ».",présent
nécessaire,Il est _____ de boire beaucoup d'eau chaque jour pour rester en bonne santé.,nécessaire,nécessaire,"Qui est indispensable, essentiel ou obligatoire pour accomplir quelque chose. C'est quelque chose dont on ne peut pas se passer.","Du latin necesse, signifiant 'inévitable, indispensable', dérivé de nec ('pas') et cedere ('céder').",présent
nôtre,Cette maison est _____. Elle appartient à notre famille depuis vingt ans.,nôtre,nôtre,"Adjectif possessif qui indique l'appartenance à nous, au groupe dont je fais partie. Il s'utilise pour marquer que quelque chose nous appartient ou nous concerne.","Du latin nostrum, accusatif singulier de noster (notre).",présent
objet,Elle a trouvé un _____ intéressant dans le musée hier.,objet,objet,"Une chose matérielle, concrète ou abstraite, qui peut être perçue ou utilisée. C'est un nom désignant tout ce qui existe en dehors de l'esprit.","Du latin objectus, participe passé d'objicere (jeter contre, mettre devant), composé de ob- (contre) et jacere (jeter).",passé composé
obliger,Le professeur _____ les étudiants à finir leurs devoirs avant demain.,va obliger,obliger,Contraindre quelqu'un à faire quelque chose ; imposer une obligation à quelqu'un.,"Latin obligare, composé de ob- (vers) et ligare (lier).",futur proche
obtenir,Elle _____ son diplôme après trois années d'études intensives.,a obtenu,obtenir,Obtenir signifie réussir à avoir ou à recevoir quelque chose qu'on désirait. C'est l'action de parvenir à posséder ou à atteindre un objectif.,"Du latin obtinere (ob- « contre » + tenere « tenir »), signifiant « tenir devant soi, occuper ».",passé composé
occasion,Elle a saisi cette _____ pour voyager en Italie.,occasion,occasion,Un moment ou une circonstance favorable pour faire quelque chose. C'est une opportunité qui se présente.,"From Latin occasio, from occidere (to fall down, to happen), from ob- (against) + cadere (to fall).",passé composé
occuper,Mes enfants _____ leur chambre avec leurs jouets et leurs livres.,occupent,occuper,"Remplir un espace, y prendre place ou y mettre des choses. Utiliser ou consommer du temps, de l'énergie ou de l'espace.","Du latin occupare (prendre possession de, s'emparer de), composé de ob- (vers) et capere (prendre).",présent
océan,Les enfants adorent nager dans l'_____ pendant l'été.,océan,océan,Vaste étendue d'eau salée qui couvre la majorité de la surface terrestre. L'océan est divisé en plusieurs bassins et contient une grande variété de vie marine.,"Du latin oceanus, emprunté au grec ὠκεανός (ôkeanos), lui-même d'origine probable indo-européenne.",présent
odeur,La _____ des fleurs dans le jardin était très agréable ce matin.,odeur,odeur,Sensation olfactive perçue par le nez. Qualité d'une substance qui se dégage et est perceptible par l'odorat.,"Du latin odor, -oris, de odorare « sentir ».",imparfait
oeil,Mon frère a un _____ bleu et l'autre marron.,oeil,oeil,Organe de la vue situé dans l'orbite du crâne. C'est la partie du corps qui permet de voir le monde qui nous entoure.,"Du latin oculus, apparenté au grec okhelos.",présent
officier,Le _____ de police a interrogé les témoins de l'accident.,officier,officier,"Personne qui occupe un poste de responsabilité dans l'administration, l'armée ou la police. Un officier est un grade intermédiaire entre les sous-officiers et les généraux.","Du latin officium, signifiant « devoir, charge, fonction ».",présent
offrir,"Pour son anniversaire, je _____ un cadeau à ma meilleure amie.",vais offrir,offrir,"Donner quelque chose à quelqu'un sans attendre de contrepartie, généralement pour lui faire plaisir. C'est un acte de générosité ou de politesse.","Du latin offerre, composé de ob- (vers) et ferre (porter, apporter).",futur proche
oiseau,"Le matin, nous observons un _____ qui chante sur la branche.",oiseau,oiseau,"Animal vertébré ovipare avec des plumes, des ailes et un bec, capable de voler. Les oiseaux respirent par des poumons et sont généralement équipés de pattes adaptées à la vie aérienne ou aquatique.","From Old French oisel, from Latin avicellus, diminutive of avis (bird).",présent
d'accord,"Mon ami m'a dit que tout allait bien, donc j'ai répondu '_____'.",d'accord,d'accord,Expression d'assentiment ou d'approbation utilisée pour dire qu'on est d'accord avec quelque chose. C'est une façon courante de confirmer son consentement ou son acceptation.,"From French ""d'accord"" (in agreement), composed of ""de"" (of) + ""accord"" (agreement), from Old French ""acorder"" (to agree).",passé composé
ombre,"Le soir, la grande maison projette une longue _____ sur le jardin.",ombre,ombre,"Zone sombre créée par l'absence de lumière, généralement produite par l'interposition d'un objet entre une source lumineuse et une surface. C'est aussi une figure ou une silhouette vague et indistincte.","Du latin umbra, signifiant « ombre », « obscurité ».",présent
on,"Demain, on _____ au cinéma pour voir le nouveau film.",va,on,Verbe aller à la première personne du pluriel au futur proche. Indique une action que nous avons l'intention de faire dans un avenir proche.,"Du latin ambulare (marcher, aller)",futur proche
oncle,Mon _____ habite à Lyon et il nous visite chaque été.,oncle,oncle,Le frère du père ou de la mère d'une personne. C'est un membre de la famille au premier degré de parenté.,"Du latin avunculus, diminutif de avus (grand-père).",présent
opinion,Ma mère a toujours une _____ très forte sur les questions politiques.,opinion,opinion,"Un avis, un jugement personnel qu'on se forme sur quelque chose. C'est ce qu'on pense à propos d'une personne ou d'une situation.","Du latin opinari, signifiant « penser, croire ».",présent
opportunité,Cette _____ de travailler à l'étranger est très excitante pour ma carrière.,opportunité,opportunité,"Une occasion favorable, une circonstance qui se présente et qui permet de faire quelque chose d'avantageux. C'est un moment propice pour saisir une chance ou réaliser un projet.","Du latin « opportunitas », dérivé de « opportunus » (convenable, favorable), lui-même composé de « ob- » (vers) et « portus » (port), littéralement « qui arrive au port ».",présent
opération,Le chirurgien va effectuer une _____ importante demain matin à l'hôpital.,opération,opération,"Une opération est une action ou un ensemble d'actions entreprises pour accomplir un objectif précis. Dans le contexte médical, c'est une intervention chirurgicale effectuée par un médecin.","Du latin operatio, dérivé de operari (travailler, accomplir).",futur proche
or,Le pirate a découvert un coffre rempli d'_____.,or,or,"Métal précieux de couleur jaune brillante, très rare et très coûteux, utilisé pour fabriquer des bijoux et des pièces de monnaie. C'est un élément chimique avec le symbole Au.","Latin aureus, from PIE root *h₂u- (to shine, glow)",passé composé
ordinateur,Mon frère utilise son _____ pour faire ses devoirs tous les jours.,ordinateur,ordinateur,"Machine électronique capable de traiter des données et d'exécuter des programmes informatiques. C'est un appareil indispensable pour le travail, l'études et les loisirs modernes.","Du latin « ordinarius » (ordinaire, régulier), formé par préfixe « ord- » et suffixe « -ateur », créé en français dans les années 1950 pour traduire l'anglais « computer ».",présent
ordre,Le professeur a donné un _____ à ses étudiants avant l'examen.,ordre,ordre,Un ordre est une instruction ou un commandement qu'une personne autorisée donne à une autre pour qu'elle fasse quelque chose. C'est aussi l'arrangement ou l'organisation des choses selon un certain système.,"Du latin « ordo, ordinis » signifiant « arrangement, rangée, ordre ».",passé composé
oreille,Elle s'est bouchée l'_____ avec du coton pour ne pas entendre le bruit.,oreille,oreille,Partie du corps humain ou animal qui sert à l'audition et à l'équilibre. C'est l'organe sensoriel qui permet d'entendre les sons.,"Du latin aurīcula, diminutif de auris (oreille).",passé composé
organisation,L'_____ de cet événement a nécessité plusieurs mois de préparation.,organisation,organisation,"L'organisation est l'action de mettre en ordre, de structurer ou de préparer quelque chose de manière méthodique. C'est aussi un groupe de personnes réunies dans un but commun.","Du latin médiéval « organisatio », dérivé du verbe « organizare » (organiser), lui-même issu du grec « organon » (instrument, outil).",présent
organiser,Nous _____ une fête pour l'anniversaire de Marie samedi prochain.,allons organiser,organiser,"Mettre en place, arranger les éléments nécessaires pour que quelque chose se déroule correctement. Préparer et coordonner les détails d'un événement ou d'une activité.","Du latin tardif organisare, dérivé de organum (instrument, outil).",futur proche
origine,Les chercheurs ont découvert l'_____ de cette maladie rare lors de leurs études.,origine,origine,"Le point de départ, la source ou la provenance de quelque chose. C'est ce qui est à l'origine d'une situation ou d'un phénomène.","Du latin « origo, originis » signifiant « commencement, source, naissance ».",passé composé
os,Le chien a rongé _____ toute la journée.,l'os,os,Partie dure du squelette d'un animal vertébré. C'est une structure rigide qui soutient le corps et protège les organes internes.,"From Latin osteum, from Proto-Indo-European *h₃est- (bone).",passé composé
ouest,La Bretagne se trouve à l'_____ de la France.,ouest,ouest,"Direction cardinale située entre le nord et le sud, où le soleil se couche. C'est l'une des quatre directions principales de la boussole.","Du latin 'occasus' (coucher du soleil), dérivé de 'occidere' (tomber, périr).",présent
ours,L'enfant a vu un _____ dans la forêt pendant sa promenade.,ours,ours,"Mammifère carnivore de grande taille, avec un corps massif, une fourrure épaisse et des griffes puissantes. L'ours vit généralement en forêt ou en montagne.","Du latin ursus, lui-même d'origine indo-européenne.",passé composé
ouvert,La porte du musée est _____ tous les jours de 9h à 17h.,ouverte,ouvert,"Qui n'est pas fermé, qui permet l'accès ou le passage. État de quelque chose qui a été déverrouillé ou dont l'accès est possible.","Du latin apertus, participe passé d'aperire (ouvrir).",présent
ouvrir,"Demain, nous _____ les portes du musée à neuf heures du matin.",allons ouvrir,ouvrir,"Faire passer une porte, une fenêtre ou un objet de l'état fermé à l'état ouvert. Donner accès à un lieu ou à un espace.","Du latin aperire, signifiant « ouvrir, découvrir ».",futur proche
page,Elle a lu la première _____ du roman hier soir.,page,page,Feuille de papier dans un livre ou un cahier. Surface écrite ou imprimée d'un document.,"From Old French 'page', from Latin 'pagina', meaning a leaf of papyrus or a written sheet.",passé composé
pain,"Le matin, je vais acheter du _____ à la boulangerie.",pain,pain,"Aliment préparé à base de farine, d'eau et de levain, cuit au four. C'est un élément fondamental de l'alimentation quotidienne dans de nombreuses cultures.","Du latin panis, signifiant nourriture ou pain.",futur proche
paire,J'ai acheté une _____ de chaussures neuves hier.,paire,paire,"Un ensemble de deux objets identiques ou complémentaires. Par exemple, une paire de chaussures est composée de deux chaussures, une pour chaque pied.","Du latin 'paria' (choses égales), neutre pluriel de 'par' (égal).",passé composé
paix,"Après des années de guerre, les deux pays ont finalement signé un traité de _____.",paix,paix,"État d'absence de conflit, de guerre ou de violence entre des personnes, des groupes ou des nations. C'est aussi une situation de calme et de tranquillité.","Du latin ""pax, pacis"" (paix, accord), apparenté à ""pangere"" (fixer, établir un accord).",passé composé
palais,Le roi visite le _____ chaque semaine pour tenir ses réunions officielles.,palais,palais,"Un édifice majestueux et très grand, habituellement la résidence d'un souverain ou d'un personnage important. Le palais est aussi le siège du pouvoir politique dans certains pays.","Du latin palatium, nom de la colline romaine où demeuraient les empereurs romains.",présent
panique,"Quand l'alarme a sonné, les employés sont entrés en _____.",panique,panique,État de peur intense et soudaine qui provoque une réaction irrationnelle. La panique est une émotion forte qui pousse les gens à agir sans réfléchir.,"Du grec ancien πανικός (panikós, « du dieu Pan »), car Pan était censé inspirer une peur soudaine et irrationnelle.",passé composé
pantalon,Marie a acheté un nouveau _____ bleu au centre commercial.,pantalon,pantalon,"Vêtement qui couvre les deux jambes, du taille aux chevilles. C'est un élément essentiel de la garde-robe.","From Italian 'pantalone', a stock character from commedia dell'arte known for wearing tight breeches, from Venetian 'Pantalone' (Saint Pantaleone).",passé composé
papa,Mon _____ m'a acheté un vélo pour mon anniversaire.,papa,papa,"Le père d'une personne, généralement utilisé de manière affectueuse ou familière. C'est un terme courant dans le langage parlé pour désigner le parent masculin.","Du latin 'pappa', d'origine onomatopéique, imitative du bruit que fait un bébé.",présent
papier,Je dois acheter du _____ pour imprimer mon document.,papier,papier,"Matière faite de fibres végétales comprimées, utilisée pour écrire, imprimer ou emballer. C'est un support couramment utilisé dans la vie quotidienne pour de nombreuses applications.","Du latin papyrus, emprunté au grec papyros, lui-même d'origine égyptienne.",présent
paquet,J'ai acheté un _____ de cigarettes à la pharmacie hier.,paquet,paquet,"Un petit emballage contenant plusieurs objets identiques groupés ensemble. Par exemple, un paquet de biscuits ou un paquet de lettres.","From Old French paquet, from Dutch pak, related to pakken (to pack).",passé composé
par,Le livre a été écrit _____ un auteur français très célèbre.,par,par,Préposition indiquant l'agent d'une action passive ou le moyen par lequel quelque chose est fait. Elle exprime aussi le passage ou la traversée d'un lieu.,"Du latin 'per' signifiant 'à travers, par le moyen de'.",passé composé
paradis,Mes grands-parents rêvent d'aller au _____ pour leurs vacances.,paradis,paradis,"Un lieu idéal de bonheur et de paix, souvent associé à la perfection ou à une destination magnifique. Dans les religions, c'est le séjour des bienheureux après la mort.","Du latin « paradisus », emprunté au grec « parádeisos », lui-même emprunté au persan « pairidaeza » signifiant « enclos, jardin ».",futur proche
paraître,Cette nouvelle loi _____ très importante pour l'avenir du pays.,paraît,paraître,"Sembler, avoir l'apparence de quelque chose. Donner l'impression d'être ou de posséder une certaine qualité.","Du latin parere (être visible, apparaître), lui-même dérivé de paratus (préparé, visible).",présent
parc,Les enfants jouent dans le _____ pendant les vacances d'été.,parc,parc,"Un espace public aménagé avec des arbres, des pelouses et des équipements de loisir où les gens peuvent se promener ou se détendre. C'est un lieu ouvert destiné à la récréation et au repos.","Du latin 'parricus' signifiant 'enclos', emprunté au germanique 'parra' (barrière, enclos).",présent
pardon,Je lui ai demandé _____ après avoir dit quelque chose de blessant.,pardon,pardon,Demande de cessation d'une offense ou d'une faute commise envers quelqu'un. C'est l'acte de demander l'excuse ou la clémence.,"Du latin médiéval 'perdonare', composé de 'per-' (complètement) et 'donare' (donner), signifiant littéralement 'donner complètement' ou 'pardonner'.",passé composé
pardonner,Je dois _____ mon ami pour l'avoir offensé hier.,pardonner,pardonner,"Accorder son pardon à quelqu'un, cesser de lui en vouloir pour une faute ou une offense. C'est renoncer à la rancune et accepter les excuses d'une personne.","Du latin ecclésiastique 'perdonare', composé de 'per-' (complètement) et 'donare' (donner).",présent
pareil,"Ma sœur porte une robe _____, tout comme moi.",pareille,pareil,"Qui est identique, semblable ou de même nature. Se dit de deux ou plusieurs choses qui ont les mêmes caractéristiques.","Du latin « par » signifiant « égal », avec le suffixe « -eil ».",présent
parent,Mes _____ habitent en Normandie depuis vingt ans.,parents,parent,Les parents sont les personnes qui ont donné naissance à un enfant ou qui l'ont adopté. Ce sont généralement le père et la mère.,"Du latin parentem, accusatif de parens (père, parent), participe présent du verbe parere (engendrer, mettre au monde).",présent
parfait,Ce gâteau est absolument _____.,parfait,parfait,"Qui ne présente aucun défaut, qui est excellent et sans faille. Peut aussi désigner un temps verbal utilisé pour exprimer une action achevée.","Du latin perfectus, participe passé de perficere (accomplir, terminer), composé de per- (complètement) et facere (faire).",présent
parfaitement,Elle parle français _____.,parfaitement,parfaitement,"D'une manière complète, sans défaut, de façon absolue. Adverbe qui modifie un verbe ou un adjectif pour exprimer la perfection.","Du latin « perfecte », adverbe signifiant « complètement », dérivé de « perfectus » (parfait).",présent
parfois,"Je _____ au cinéma le weekend, mais pas toujours.",vais parfois,parfois,"Adverbe signifiant « de temps en temps » ou « quelquefois ». Il indique que quelque chose se produit occasionnellement, sans régularité.","Du latin « par » (par) + « fois » (issu du latin « vice », signifiant « tour »). Littéralement « par fois » ou « par tours ».",futur proche
parier,Mes amis _____ que notre équipe gagnera le match de football demain.,parient,parier,"Parier signifie faire un pari, c'est-à-dire miser de l'argent ou quelque chose de valeur sur le résultat incertain d'un événement. C'est aussi exprimer une conviction forte sur quelque chose.","Du latin vulgaire *paraticum, de paratus (préparé, arrangé), influencé par le francoprovençal pari.",présent
parking,Je dois trouver un _____ près du centre-ville pour ma voiture.,parking,parking,"Un espace aménagé où l'on peut garer son véhicule. C'est un lieu de stationnement, généralement payant ou gratuit, destiné aux automobiles.","Emprunté de l'anglais parking, dérivé du verbe to park (garer).",présent
parler,"Demain, je _____ avec mes amis au café.",vais parler,parler,"Exprimer sa pensée par la parole, communiquer verbalement avec quelqu'un. C'est l'action de dire des mots et des phrases.","From Latin parabola, from Greek parabolē (comparison, parable), originally meaning ""to throw beside"" or ""to compare.""",futur proche
parmi,Elle a trouvé son ami _____ tous les autres étudiants de la classe.,parmi,parmi,"Préposition indiquant qu'une personne ou une chose fait partie d'un groupe, se trouve au milieu d'autres. Elle exprime la situation d'un élément au sein d'une collectivité.","Du latin « per medium » (par le milieu), contracté en « parmi ».",passé composé
parole,Le politicien a donné une _____ importante devant les journalistes.,parole,parole,"Parole désigne l'acte de prendre la parole, c'est-à-dire de s'exprimer oralement. C'est aussi un énoncé ou un discours prononcé par quelqu'un.","Du latin populaire *parabola, dérivé du latin classique parabola (comparaison, similitude), emprunté au grec parabolē (mise à côté, comparaison).",passé composé
part,Elle _____ en vacances demain matin avec sa famille.,va partir,part,Le verbe partir signifie quitter un lieu ou commencer un voyage. C'est un verbe pronominal qui indique le déplacement d'une personne d'un endroit à un autre.,"Du latin partiri, signifiant diviser ou partager, évoluant vers le sens de se diviser du groupe, donc partir.",futur proche
partage,Les enfants _____ leurs jouets avec leurs amis à l'école.,partagent,partage,Partage signifie diviser quelque chose entre plusieurs personnes ou utiliser quelque chose ensemble. C'est aussi l'action de donner une partie de ce qu'on possède à d'autres.,"Du latin populaire *particum, dérivé de pars (partie). Le verbe s'est formé avec le suffixe -age.",présent
partager,Mes amies _____ une pizza ce soir.,vont partager,partager,Diviser quelque chose en parties et en donner à plusieurs personnes. C'est aussi l'action de vivre ou d'éprouver quelque chose en commun avec d'autres.,"Du latin populaire *particulāre, dérivé de pars (partie).",futur proche
partenaire,"Ma _____ et moi, nous travaillons ensemble sur ce projet depuis deux ans.",partenaire,partenaire,"Une personne avec qui on collabore, on partage une activité, une entreprise ou une relation. C'est quelqu'un avec qui on s'associe pour atteindre un objectif commun.","Du latin médiéval 'partionarius', dérivé de 'partio' (partage), formé à partir de 'pars' (partie).",présent
parti,Les manifestants _____ à la gare pour protester contre la nouvelle loi.,sont partis,parti,Le verbe partir signifie quitter un lieu ou commencer un voyage. C'est un verbe d'action qui indique le déplacement ou le départ.,"Du latin partire (diviser, partager), qui a évolué vers le sens de « s'en aller ».",passé composé
particulier,Elle a des goûts très _____ en matière de musique.,particuliers,particulier,"Qui se distingue des autres, qui est spécifique ou unique. Qui ne ressemble pas à la généralité.","From Latin particularis, from particula (small part), diminutive of pars (part).",présent
partir,Nous _____ en vacances demain matin.,allons partir,partir,"Partir signifie quitter un lieu, s'en aller d'un endroit. C'est le contraire d'arriver.","From Old French partir, from Latin partiri (to divide, distribute), from pars (part).",futur proche
partout,Les enfants cherchent leurs jouets _____ dans la maison.,partout,partout,"En tous les lieux, dans tous les endroits. C'est un adverbe qui indique l'absence de limite géographique ou spatiale.","Du latin « per totum » (à travers le tout), composé de « per » (par, à travers) et « totum » (tout).",présent
party,"Samedi dernier, nous _____ à une fête très amusante chez notre ami Marc.",avons participé,party,"Prendre part à quelque chose, être présent et actif dans une activité ou un événement. C'est s'impliquer dans une action collective.","Du latin participare, composé de pars (part) et capere (prendre).",passé composé
passage,Le _____ entre les deux bâtiments est très étroit.,passage,passage,Un espace ou une ouverture qui permet de passer d'un endroit à un autre. C'est aussi un texte ou une partie d'un livre.,"Du latin « passaticum », dérivé de « passus » (pas, passage).",présent
passe,Les enfants _____ par la porte hier matin.,sont passés,passe,"Se déplacer d'un endroit à un autre, traverser ou franchir un espace. Le verbe « passer » signifie aussi aller d'un côté à l'autre.","Du latin populaire « passāre », dérivé de « passus » (pas, marche).",passé composé
passer,"Hier, ma mère _____ trois heures à préparer le dîner.",a passé,passer,Consacrer du temps à une activité. Laisser s'écouler un certain laps de temps.,"Du latin populaire *passare, dérivé de passus (pas), signifiant d'abord franchir un espace, puis par extension laisser passer le temps.",passé composé
passion,Marie a une grande _____ pour la musique classique.,passion,passion,"Un sentiment intense d'amour, d'enthousiasme ou d'intérêt profond pour quelque chose ou quelqu'un. C'est une émotion forte qui pousse à agir avec dévouement.","From Old French passion, from Latin passio (suffering, endurance), from pati (to suffer, endure).",présent
patience,Ma grand-mère a beaucoup de _____ quand elle attend ses petits-enfants.,patience,patience,"La patience est la capacité à supporter les difficultés, les retards ou les frustrations sans se plaindre. C'est une vertu qui consiste à accepter calmement ce qui est inévitable.","Du latin patentia, dérivé de patiens (qui endure, qui supporte), lui-même du verbe pati (souffrir, endurer).",présent
patient,Le _____ attend le médecin dans la salle d'attente.,patient,patient,Une personne qui reçoit des soins médicaux ou qui est en traitement chez un médecin ou à l'hôpital. Celui ou celle qui souffre d'une maladie ou d'une blessure.,"From Latin patiens, present participle of patī ('to suffer, endure'), from Proto-Indo-European *peth₂- ('to spread').",présent
patron,Le _____ de l'entreprise a décidé d'augmenter les salaires de ses employés.,patron,patron,Personne qui dirige une entreprise ou qui emploie des ouvriers et des employés. C'est le propriétaire ou le gestionnaire d'une affaire commerciale.,"Du latin patronus, dérivé de pater (père), désignant celui qui protège comme un père protège ses enfants.",présent
patte,Le chat a levé sa _____ pour attraper le papillon.,patte,patte,"Membre terminant le corps des animaux quadrupèdes ou des oiseaux, utilisé pour se déplacer ou saisir. C'est l'équivalent animal du bras ou de la jambe chez l'humain.","From Old French pate, of uncertain origin, possibly related to Latin patere (to spread open) or from Germanic sources.",passé composé
pause,"Après deux heures de travail, les étudiants ont besoin d'une _____.",pause,pause,Un arrêt temporaire d'une activité pour se reposer. C'est un moment d'interruption pendant lequel on cesse de travailler ou d'agir.,"From Latin pausa, from Greek pausis (stopping, ceasing), from pauein (to stop).",présent
pauvre,Ce _____ homme n'a pas d'argent pour acheter à manger.,pauvre,pauvre,"Qui manque d'argent, de ressources financières. Qui inspire la pitié ou la compassion.","Du latin populaire *paupěrus, du latin classique pauper.",présent
payer,"Demain, nous _____ l'électricité et l'eau de notre maison.",allons payer,payer,Donner de l'argent en échange d'un bien ou d'un service. C'est une transaction financière où l'on s'acquitte d'une dette ou d'une facture.,"Du latin populaire *pacare (apaiser, satisfaire), dérivé de *pax (paix).",futur proche
pays,La France est un beau _____.,pays,pays,"Un territoire avec ses propres frontières, gouvernement et population; une nation.","Du latin pagensis (habitant d'un pagus, un district rural).",présent
peau,Ma mère a une très belle _____ douce et claire.,peau,peau,La peau est l'enveloppe externe qui recouvre le corps des humains et des animaux. Elle protège les organes internes et est sensible au toucher.,Latin: pellis,présent
peine,Elle a eu beaucoup de _____ à comprendre cette leçon difficile.,peine,peine,La peine est la difficulté ou l'effort nécessaire pour accomplir quelque chose. C'est aussi la souffrance morale ou physique.,"Du latin poena (châtiment, souffrance)",passé composé
peinture,Elle a admiré la _____ que son grand-mère avait créée il y a vingt ans.,peinture,peinture,"Œuvre d'art réalisée avec de la peinture sur une surface, ou l'art de peindre en général. C'est aussi la matière colorée utilisée pour couvrir une surface.","Du latin pictura, dérivé de pingere (peindre).",passé composé
pendant,Les enfants jouaient _____ que leurs parents préparaient le dîner.,pendant,pendant,Préposition indiquant la durée d'une action ou le moment où deux actions se déroulent simultanément. Elle exprime aussi la succession dans le temps.,"Du latin « pendente » (en suspens, pendant), participe présent de « pendere » (pendre).",imparfait
penser,"Hier, je _____ que tu avais raison.",pensais,penser,"Penser signifie avoir une opinion, réfléchir ou considérer quelque chose dans son esprit. C'est l'action de former des idées ou des jugements.","Du latin pensare (peser, considérer), dérivé de pendere (peser, pendre).",imparfait
pense,Ma mère _____ que je devrais étudier plus pour mes examens.,pense,pense,"Avoir une opinion, une idée ou une réflexion sur quelque chose. Croire ou considérer quelque chose comme vrai.","Du latin pensare, fréquentatif de pendere (peser, équilibrer).",présent
penser,Elle _____ que cette décision est importante pour l'avenir de l'entreprise.,pense,penser,"Avoir une opinion, une idée sur quelque chose. Utiliser son esprit pour réfléchir ou considérer une question.","Du latin pensare, fréquentatif de pendere (peser, équilibrer).",présent
pensée,Sa _____ était profonde et inspirante pour tous ses amis.,pensée,pensée,"La pensée est l'action de penser, l'ensemble des idées et des réflexions d'une personne. C'est aussi une idée ou une opinion exprimée.","Du latin pensata, participe passé féminin de pensare (peser, réfléchir), dérivé de pendere (peser, pendre).",présent
perdre,Ma sœur _____ toujours ses clés quand elle est pressée.,perd,perdre,"Cesser d'avoir quelque chose, ne plus savoir où se trouve un objet. C'est aussi ne pas réussir à conserver ou à garder quelque chose.","Du latin perdere (détruire, gaspiller), composé de per- (entièrement) et dare (donner).",présent
permettre,Les nouvelles règles _____ aux employés de travailler de chez eux.,vont permettre,permettre,Donner la possibilité ou l'autorisation à quelqu'un de faire quelque chose. C'est rendre possible ou facile une action.,"Latin permittere, composé de per- (complètement) et mittere (envoyer, laisser).",futur proche
permission,Mon fils a demandé la _____ pour sortir avec ses copains ce soir.,permission,permission,Autorisation accordée à quelqu'un de faire quelque chose. C'est l'acte de permettre ou le droit qu'on donne à une personne.,"Du latin « permissio », dérivé de « permittere » (permettre), composé de « per- » (à travers) et « mittere » (envoyer, laisser aller).",présent
personnage,Le héros principal du film est un _____ très courageux qui doit sauver la ville.,personnage,personnage,"Un _____ est une personne fictive ou réelle qui joue un rôle dans une histoire, un film ou une pièce de théâtre. C'est l'être qui agit et dont les actions forment le récit.","Du latin « personagium », dérivé de « persona » (masque de théâtre, puis personne).",présent
personne,Aucune _____ n'a vu le film hier soir.,personne,personne,"Un être humain individuel; un homme ou une femme. Dans des contextes négatifs, signifie « aucun être humain ».","Du latin « persona », signifiant d'abord « masque de théâtre », puis « rôle » et finalement « être humain ».",passé composé
personnel,Le _____ de l'entreprise travaille dur pour améliorer la productivité.,personnel,personnel,"Ensemble des personnes employées dans une entreprise, une organisation ou une institution. C'est l'équipe de travailleurs qui compose l'effectif d'une structure.","Du latin médiéval personalis, dérivé de persona (personne, rôle), lui-même d'origine étrusque.",présent
personnellement,Je pense que tu devrais _____ essayer ce nouveau restaurant avant de juger.,personnellement,personnellement,"D'une manière qui concerne la personne elle-même, selon son opinion ou son expérience personnelle. C'est un adverbe qui modifie une phrase pour indiquer un point de vue individuel.","Du latin personalis, dérivé de persona (masque de théâtre, rôle, personne).",présent
perte,La _____ de mon portefeuille m'a vraiment contrariée hier.,perte,perte,"Le fait de ne plus avoir quelque chose qu'on possédait, soit par accident, soit par disparition. C'est aussi la diminution ou l'absence de quelque chose d'important.","Du latin « perdita », participe passé féminin de « perdere » (perdre).",passé composé
petit,Ma soeur a une _____ maison à la campagne.,petite,petit,"Qui a peu d'étendue, de dimensions réduites. Contraire de grand.","Latin 'pittacium', variante de 'pittacus', du grec 'pittakos'",présent
peuple,Le _____ français a voté pour un nouveau président.,peuple,peuple,"Ensemble des habitants d'un pays ou d'une région qui partagent une culture, une langue ou un gouvernement commun. C'est la collectivité des citoyens d'une nation.","Du latin populus, signifiant « multitude, foule, nation ».",présent
peur,Elle avait _____ de parler en public lors de la présentation.,peur,peur,La peur est une émotion de crainte ou d'appréhension face à un danger réel ou imaginé. C'est un sentiment qui provoque de l'anxiété et de l'inquiétude.,"Du latin populaire *paura, dérivé du latin classique *pavere (être effrayé).",imparfait
photo,Ma sœur a pris une _____ de la tour Eiffel pendant ses vacances à Paris.,photo,photo,Une photo est une image fixe capturée par un appareil photographique ou un téléphone. C'est une représentation visuelle d'une scène ou d'une personne.,"From French photographie, from Greek photo- (light) + -graphie (writing/drawing), coined in the 1830s.",passé composé
physique,Ma mère est très _____ et elle fait du yoga tous les jours.,physique,physique,Qui concerne le corps humain ou ses caractéristiques extérieures. Se dit d'une personne qui a une bonne condition physique ou d'un aspect relatif au corps.,"Du grec ancien φυσικός (physikos), dérivé de φύσις (physis, « nature »).",présent
piano,Ma sœur joue du _____ depuis trois ans.,piano,piano,"Instrument de musique à cordes frappées par des marteaux, actionnés par un clavier. C'est l'un des instruments les plus populaires pour l'apprentissage musical.","De l'italien « pianoforte », composé de « piano » (doux) et « forte » (fort), car cet instrument permettait de jouer à la fois doucement et fortement, contrairement au clavecin.",présent
pied,Elle s'est cassé le _____ en tombant de l'escalier.,pied,pied,Partie du corps humain ou animal qui se trouve à l'extrémité de la jambe et qui permet de marcher. C'est aussi l'unité de mesure ancienne équivalant à environ 30 centimètres.,"Du latin pes, pedis (pied)",passé composé
pierre,Les enfants ont trouvé une _____ lisse près de la rivière.,pierre,pierre,"Un objet solide et dur formé naturellement par la minéralisation, généralement trouvé sur le sol ou en montagne. C'est une roche ou un fragment de roche.","Du latin petra, d'origine pré-indo-européenne, possiblement liée au grec pétra (πέτρα).",passé composé
pile,"La _____ de ma montre est morte, je dois acheter des nouvelles batteries.",pile,pile,Petit dispositif qui fournit de l'énergie électrique à un appareil. C'est une source d'énergie chimique convertie en courant électrique.,"From Latin pila (pillar, javelin), later used in French for a heap or stack of objects, and by extension for the electric battery (stack of cells).",présent
pilote,Le _____ de l'avion a expliqué les procédures de sécurité aux passagers.,pilote,pilote,Personne qui conduit un avion ou un autre véhicule aérien. C'est un professionnel formé et certifié pour piloter des aéronefs.,"Du latin medieval pilotus, emprunté au grec pedon (gouvernail, rame), ou du verbe grec pēdáō (diriger avec un gouvernail).",présent
pire,C'était la _____ situation que nous ayons jamais vécue.,pire,pire,"Superlatif de mauvais, désignant ce qui est le plus mauvais ou le plus désagréable. C'est le contraire de meilleur.","Du latin 'peior' (comparatif de malus, mauvais), qui a donné le comparatif 'pire' en ancien français.",imparfait
pis,Les choses vont de mal en _____.,pis,pis,Adverbe ou adjectif signifiant « plus mal » ou « plus mauvais ». Il s'utilise pour exprimer une dégradation ou une situation qui s'aggrave.,"Du latin « peius », comparatif de « malus » (mauvais).",futur proche
piscine,Nous allons à la _____ chaque samedi pour nager.,piscine,piscine,"Un bassin d'eau artificiel, généralement recouvert ou en plein air, destiné à la baignade et à la pratique de la natation. C'est un lieu public ou privé aménagé pour le loisir et le sport aquatique.","From Latin piscina (fishpond, tank), from piscis (fish).",futur proche
piste,Les skieurs ont suivi la _____ balisée jusqu'au sommet de la montagne.,piste,piste,"Un chemin ou une trace marquée, particulièrement sur une montagne pour le ski ou l'alpinisme. C'est aussi une indication ou un indice qui aide à résoudre un problème.","Du latin « pista », participe passé féminin de « piscare » (fouler aux pieds), dérivé de « pes » (pied).",passé composé
pistolet,Le policier a rangé son _____ dans le tiroir de son bureau.,pistolet,pistolet,Arme à feu portative et de petit calibre. C'est un revolver ou une arme semblable utilisée par les forces de l'ordre ou l'armée.,"From Italian pistolese, from Pistoia (a city in Italy known for manufacturing firearms in the 16th century).",passé composé
pitié,"Quand j'ai vu le pauvre homme dans la rue, j'ai eu _____ pour lui.",pitié,pitié,Sentiment de compassion et de sympathie envers quelqu'un qui souffre ou qui est dans une situation difficile. C'est une émotion qui pousse à vouloir aider ou soulager la peine d'autrui.,"Du latin pietas, signifiant devoir, obligation morale, respect envers les dieux et les parents.",passé composé
pizza,"Hier soir, nous avons mangé une _____ délicieuse au restaurant italien.",pizza,pizza,"Plat d'origine italienne composé d'une pâte aplatie garnie de sauce tomate, de fromage et de diverses garnitures, cuite au four.","De l'italien « pizza », dont l'origine est incertaine ; peut-être du grec « pitta » (galette de pain) ou du latin « pinsa » (pâte aplatie).",passé composé
pièce,Ma grand-mère a besoin d'une _____ pour réparer sa robe.,pièce,pièce,"Objet ou partie d'un ensemble, notamment un morceau de tissu ou de matériau utilisé pour réparer quelque chose. Peut aussi désigner une room dans une maison ou une monnaie.","Du latin « petia », d'origine germanique (apparenté à l'allemand « Fetzen » signifiant chiffon).",présent
piège,Les détectives ont découvert un _____ caché sous le plancher de la maison.,piège,piège,Un dispositif ou une situation conçus pour capturer ou tromper quelqu'un. C'est aussi une situation difficile ou dangereuse créée intentionnellement.,"Du latin populaire *pedica, dérivé de pes (pied), désignant originellement un piège pour les pieds.",passé composé
placard,Elle a rangé ses vêtements d'hiver dans le _____ de la chambre.,placard,placard,"Meuble de rangement encastré dans un mur ou mobile, généralement avec des portes, servant à ranger des affaires. C'est un espace clos destiné à stocker des objets ou des vêtements.","Du latin populaire *placcatum, participe passé de placcare (placer), avec l'influence du germanique *plak- (planche, plateau).",passé composé
place,Elle _____ son livre sur la table avant de partir.,place,place,Position ou endroit où se trouve quelque chose. C'est aussi le verbe placer au présent troisième personne du singulier.,"Du latin platea, emprunté au grec plateia (hodos) signifiant « rue large ».",présent
plage,"Pendant les vacances d'été, nous allons passer deux semaines à la _____.",plage,plage,"Une étendue de sable ou de galets au bord de la mer ou d'un lac. C'est un lieu populaire pour se détendre, nager et profiter du soleil.","Du latin plaga (région, contrée), passé par le latin tardif platea (espace large).",futur proche
plainte,Les habitants du quartier ont déposé une _____ auprès de la mairie pour se plaindre du bruit.,plainte,plainte,Une plainte est une expression de mécontentement ou de protestation adressée à une autorité. C'est aussi un acte juridique par lequel on porte plainte contre quelqu'un.,"Du verbe plaindre, issu du latin plangere (frapper, se lamenter).",passé composé
plaire,Ces fleurs magnifiques _____ beaucoup à ma grand-mère.,vont plaire,plaire,"Causer de la satisfaction, de la joie ou de l'agrément à quelqu'un. C'est inspirer du plaisir ou de l'intérêt.","Du latin placēre, signifiant « être agréable, satisfaire ».",futur proche
plaisant,Les vacances à la montagne ont été vraiment _____ pour toute la famille.,plaisantes,plaisant,"Qui procure du plaisir, de la satisfaction ou de l'agrément. Agréable et qui plaît à quelqu'un.","Du latin ""placens"" (participe présent de ""placere"", plaire), qui a donné le français ""plaisant"" au XIIe siècle.",passé composé
plaisir,Nous avons eu beaucoup de _____ à passer les vacances ensemble.,plaisir,plaisir,Sentiment de satisfaction et de contentement qu'on éprouve. État agréable qui procure de la joie.,"From Old French plaisir, from Latin placere (to please)",passé composé
plan,"Demain, nous _____ notre voyage en détail avant de partir.",allons planifier,plan,"Organiser, prévoir ou arranger quelque chose à l'avance. Faire un plan détaillé pour une action future.","Du latin planus (plat), par extension métaphorique du sens de « rendre plat » à « organiser de manière ordonnée ».",futur proche
planète,La _____ Mars est rouge et rocheuse.,planète,planète,Un corps céleste qui orbite autour d'une étoile. La Terre est une planète du système solaire.,"Du latin planeta, emprunté au grec ancien planêtês (ἀστὴρ πλανήτης, littéralement « astre errant »).",présent
plaque,Ma mère a nettoyé la _____ de la cuisinière ce matin.,plaque,plaque,"Surface plate et dure servant à diverses fonctions, notamment la surface de cuisson d'une cuisinière ou un objet plat et rigide.","Du néerlandais 'plak' ou du moyen néerlandais 'placke', apparenté à l'allemand 'Platte'.",passé composé
plat,Le chef a préparé un _____ délicieux pour le dîner.,plat,plat,Un plat est un mets ou une préparation culinaire servie comme partie d'un repas. C'est aussi le récipient large et peu profond utilisé pour servir à manger.,Du latin 'plattus' signifiant 'large et plat'.,passé composé
plein,Elle a passé une journée _____ de surprises et de joie.,pleine,plein,"Qui contient beaucoup de quelque chose, qui est rempli. L'adjectif « plein » s'accorde en genre et en nombre avec le nom qu'il qualifie.","Du latin plenus, signifiant « rempli, complet ».",passé composé
pleurer,Les enfants _____ de joie quand ils ont vu le cadeau.,ont pleuré,pleurer,"Verser des larmes, généralement en raison d'une émotion forte comme la tristesse ou la joie. C'est une réaction physique et émotionnelle naturelle.","Du latin plorare (pleurer, gémir).",passé composé
pleurer,"Quand elle a appris la mauvaise nouvelle, elle a commencé à _____.",pleurer,pleurer,"Verser des larmes, généralement sous l'effet d'une émotion forte comme la tristesse, la joie ou la douleur. C'est une réaction naturelle et émotionnelle.","Du latin populaire *plorare, lui-même issu du latin classique *plorāre (pleurer, se lamenter).",passé composé
pluie,"Demain, il va y avoir beaucoup de _____ dans notre région.",pluie,pluie,Précipitation d'eau qui tombe du ciel sous forme de gouttes. La pluie est un phénomène météorologique courant.,"Du latin plovia, féminin de plovius (relatif à la pluie), dérivé de pluere (pleuvoir).",futur proche
plusieurs,J'ai visité _____ musées pendant mes vacances en France.,plusieurs,plusieurs,"Adjectif indéfini qui désigne un nombre indéterminé de personnes ou de choses, plus d'une mais pas précisé exactement combien.","Du latin pluralis, dérivé de plus (plus).",passé composé
plutôt,Je préfère aller au cinéma _____ que de rester à la maison.,plutôt,plutôt,"Adverbe qui exprime une préférence ou une comparaison entre deux choses, indiquant qu'on choisit l'une plutôt que l'autre. Il s'utilise aussi pour corriger légèrement ce qu'on vient de dire.","Du latin vulgaire *plus altum* (plus haut), signifiant initialement 'davantage' avant d'évoluer vers le sens de préférence.",présent
poche,J'ai mis mon portefeuille dans la _____ de mon pantalon ce matin.,poche,poche,Petit sac ou compartiment cousu dans un vêtement pour y ranger des objets. C'est un espace destiné à contenir de petits articles personnels.,"Du moyen français poche, du germanique *pokka, apparenté à l'allemand Pocke.",passé composé
poids,Ce athlète doit réduire son _____ avant la compétition.,poids,poids,"La masse d'une personne ou d'un objet, mesurée généralement en kilogrammes. C'est aussi la force exercée par la gravité sur un corps.","Du latin populaire *pensum, dérivé de pendere (peser, pendre).",présent
point,Tu as marqué un _____ dans ce débat.,point,point,Unité de score dans un jeu ou un débat; une marque ou un signe.,"Du latin pausare, signifiant « arrêter » ou « faire une pause ».",passé composé
pointe,La danseuse se tient sur la _____ de ses pieds pendant toute la performance.,pointe,pointe,"Extrémité fine et aiguë d'un objet, ou en danse, position sur l'avant du pied où seuls les orteils touchent le sol.","Du latin populaire *puncta, féminin substantivé du participe passé de pungere (piquer, percer).",présent
poison,Le serpent a injecté son _____ dans la victime pendant l'attaque.,poison,poison,"Substance toxique capable de causer la mort ou une grave maladie lorsqu'elle est ingérée, inhalée ou absorbée par la peau. Le poison peut être d'origine naturelle ou artificielle.","Du latin ""potio"" (boisson), car les poisons étaient historiquement administrés sous forme de breuvage.",passé composé
poisson,Mon frère a attrapé un gros _____ à la rivière hier.,poisson,poisson,Animal vertébré aquatique qui respire par des branchies et se déplace à l'aide de nageoires. Le poisson est souvent consommé comme aliment.,"Du latin piscem, accusatif de piscis.",passé composé
poitrine,Elle a mal à la _____ après son accident de vélo.,poitrine,poitrine,La partie antérieure du corps humain qui s'étend du cou à l'abdomen et qui contient le cœur et les poumons. C'est aussi la partie correspondante chez les animaux.,"Du latin « pectorina », dérivé de « pectus » (poitrine, cœur).",passé composé
police,Les agents de la _____ ont arrêté le suspect hier soir.,police,police,La police est l'ensemble des forces chargées de maintenir l'ordre public et de faire respecter la loi. C'est une institution gouvernementale responsable de la sécurité et de l'application des lois.,"From French police, from Old French police (governance, regulation), from Latin politia, from Greek politeia (citizenship, civil administration), from polites (citizen), from polis (city-state).",présent
policier,Le _____ a arrêté le voleur hier soir.,policier,policier,Un policier est un agent de l'ordre public chargé de maintenir la sécurité et d'appliquer la loi. Il travaille pour la police nationale ou locale.,"From French 'police' (from Italian 'polizza', from Medieval Latin 'politia', from Greek 'politeia' meaning 'state, citizenship') + suffix '-ier' (agent noun suffix).",passé composé
politique,Le gouvernement français a adopté une nouvelle _____ économique l'année dernière.,politique,politique,La politique est l'art et la pratique du gouvernement et de l'administration d'un État. C'est aussi l'ensemble des principes et des actions qu'un gouvernement ou une organisation met en place pour atteindre ses objectifs.,"Du grec politikos (πολιτικός), dérivé de polis (πόλις) signifiant « cité ».",passé composé
pont,Les enfants ont traversé le _____ pour aller à l'école de l'autre côté de la rivière.,pont,pont,"Une structure qui enjambe un obstacle comme une rivière ou une vallée, permettant le passage d'un côté à l'autre. C'est une construction généralement en pierre, en bois ou en métal.","Du latin pontis, d'origine obscure mais possiblement liée à des racines indo-européennes.",passé composé
porc,Ma grand-mère prépare une côte de _____ pour le dimanche.,porc,porc,"Animal domestique élevé pour sa viande, reconnaissable par son groin et ses petites oreilles. C'est une viande consommée dans de nombreuses cultures culinaires.","Du latin porcus, d'origine indo-européenne.",présent
port,Le navire est entré dans le _____.,port,port,Lieu aménagé sur le littoral ou sur un cours d'eau pour accueillir les navires.,"Du latin portus (port, passage, abri).",passé composé
portable,"Mon _____ est tombé dans l'eau hier, et je n'ai pas pu l'utiliser pendant deux jours.",portable,portable,"Appareil électronique portable permettant de communiquer à distance, généralement un téléphone mobile. C'est un objet personnel qu'on peut transporter facilement.","Du latin portabilis, dérivé de portare (porter).",passé composé
porte,Elle _____ une robe rouge à la fête hier soir.,portait,porte,"Porter signifie avoir quelque chose sur soi, vêtu ou tenu. C'est aussi le verbe utilisé pour transporter quelque chose d'un lieu à un autre.","Latin portāre, du proto-indo-européen *per- (traverser, conduire).",imparfait
porter,Elle _____ une robe bleue à la fête hier soir.,a porté,porter,"Porter signifie avoir quelque chose sur soi, généralement des vêtements ou des accessoires. C'est aussi transporter quelque chose d'un endroit à un autre.","Du latin portare (transporter, faire passer).",passé composé
pose,Elle _____ sa candidature pour le poste de directrice.,pose,pose,"Placer quelque chose ou quelqu'un dans une certaine position. Aussi, proposer une question ou un problème.","Du latin pausare, signifiant « cesser, arrêter », d'où « placer ».",présent
poser,Elle _____ une question importante pendant la réunion.,pose,poser,"Mettre quelque chose ou quelqu'un dans une position particulière, ou formuler une question. C'est aussi l'action de placer quelque chose sur une surface.","Du latin populaire *pausāre, dérivé de pausa (pause, arrêt).",présent
position,Elle a accepté la _____ que son entreprise lui proposait.,position,position,"La position est le lieu, la place ou l'endroit où se trouve une personne ou une chose. C'est aussi un poste ou un emploi dans une organisation.","Du latin 'positio', dérivé du participe passé 'positus' du verbe 'ponere' (placer, mettre).",passé composé
possibilité,Je vais avoir la _____ de voyager en France cet été.,possibilité,possibilité,La possibilité est la capacité ou l'occasion de faire quelque chose. C'est une chance ou une opportunité qui se présente à quelqu'un.,"Du latin possibilitas, dérivé de possibilis (possible), lui-même de posse (pouvoir).",futur proche
possible,Il est _____ que tu viennes à la fête ce soir.,possible,possible,Qui peut se produire ou être réalisé; qui n'est pas impossible. Adjectif invariable en français désignant ce qui a la capacité ou la chance d'arriver.,"Du latin « possibilis », dérivé de « posse » (pouvoir).",présent
posséder,Ma grand-mère _____ une belle maison à la campagne.,possède,posséder,"Avoir quelque chose en tant que propriétaire, détenir légalement. C'est l'action d'être propriétaire d'un bien ou d'une chose.","From Latin possidēre, from potis (able, powerful) + sedēre (to sit), literally 'to be able to sit on/occupy'.",présent
poste,Mon ami va prendre un nouveau _____ dans l'entreprise le mois prochain.,poste,poste,Un emploi ou une fonction dans une organisation. C'est aussi un endroit où on exerce une activité professionnelle.,"Du latin 'positus', participe passé de 'ponere' (placer, mettre).",futur proche
pot,Ma mère a acheté un _____ de confiture au marché hier.,pot,pot,"Récipient en verre, en céramique ou en métal, généralement cylindrique, servant à conserver des aliments ou des liquides. Le mot peut aussi désigner un prix ou une mise dans un jeu.","Du latin 'potus' (boisson), passé par l'ancien français 'pot'.",passé composé
pote,Mon meilleur _____ m'a aidé à déménager le week-end dernier.,pote,pote,"Un pote est un ami, un copain avec lequel on a une relation amicale et familière. C'est un terme informel et affectueux pour désigner une personne avec qui on s'entend bien.","Origine argotique française, dérivé du verbe « poter » (fréquenter), lui-même issu du latin « potare » (boire ensemble).",présent
poule,Ma grand-mère élève une _____ dans son jardin pour avoir des œufs frais chaque matin.,poule,poule,"Animal de la basse-cour, oiseau domestique femelle de l'espèce Gallus gallus domesticus, qui pond des œufs. Elle est généralement élevée pour sa viande et ses œufs.","Du latin « pulla », féminin de « pullus » (jeune animal, poulet).",présent
poulet,Ma mère prépare un délicieux _____ rôti pour le dîner de ce soir.,poulet,poulet,"Un poulet est un jeune coq ou une poule, particulièrement élevé pour sa viande. C'est une volaille très commune dans l'alimentation.","Du latin pullus signifiant 'petit animal', 'poulain' ou 'poulet'.",présent
poupée,Ma petite sœur joue avec sa _____ depuis ce matin.,poupée,poupée,"Une poupée est une figurine représentant un être humain, généralement une petite fille, utilisée comme jouet. Les enfants aiment jouer avec des poupées et les habiller de différents vêtements.","Du latin pupa (jeune fille, poupée), diminutif de l'indo-européen *pupo- (petit).",présent
pourrai,"Demain, je _____ aller à la plage avec mes amis.",pourrai,pourrai,"Avoir la capacité, la possibilité ou la permission de faire quelque chose. C'est le futur simple du verbe pouvoir.","Du latin populaire *potere, dérivé du latin classique posse (être capable).",futur proche
poursuivre,Elle _____ ses études à l'université l'année prochaine.,va poursuivre,poursuivre,"Continuer une action, une activité ou un projet en cours sans l'abandonner. Persister dans une direction ou un objectif.","Du latin 'prosequi' (aller en avant, suivre), composé de 'pro-' (en avant) et 'sequi' (suivre).",futur proche
pourtant,"Il pleut beaucoup aujourd'hui, _____ nous allons à la plage.",pourtant,pourtant,Adverbe de concession qui indique une opposition ou une contradiction entre deux faits. Il signifie « néanmoins » ou « cependant ».,"Du latin « per tantum » (par autant, par tant).",présent
pousse,Les enfants _____ des fleurs dans le jardin de leur grand-mère.,poussent,pousse,"Pousse signifie croître, se développer naturellement. C'est aussi l'action de faire grandir une plante.","Du latin populaire *pulsare, fréquentatif de pellere (chasser, pousser).",présent
pousser,Les enfants _____ des cris de joie dans le parc.,poussent,pousser,Pousser signifie exercer une force sur quelque chose ou quelqu'un pour le faire avancer ou bouger. Cela peut aussi signifier émettre un son ou une exclamation.,"Du latin populaire *pulsare, fréquentatif de pellere (chasser, repousser).",présent
poussière,"Après avoir nettoyé la maison, ma mère a trouvé beaucoup de _____ sous le canapé.",poussière,poussière,"Matière très fine composée de petites particules qui se dépose sur les surfaces. C'est une accumulation de particules de terre, de fibres textiles ou d'autres matériaux légers.","Du latin populaire *polvere, dérivé du latin classique pulvis (poudre, poussière).",passé composé
pouviez,"Quand vous _____ venir à la réunion hier, vous m'aviez promis de m'aider.",pouviez,pouviez,"Forme du verbe pouvoir à l'imparfait, deuxième personne du pluriel. Exprime une capacité, une possibilité ou une permission dans le passé.","Du latin populaire potere, dérivé du latin classique posse (être capable de).",imparfait
pouvoir,Elle _____ parler trois langues couramment.,peut,pouvoir,"Avoir la capacité, la possibilité ou la permission de faire quelque chose. Exprimer une possibilité ou une permission.","Du latin populaire potere, issu du latin classique posse (être capable de).",présent
pratique,Ma mère _____ le yoga tous les matins pour rester en bonne santé.,pratique,pratique,"Exécuter régulièrement une activité, un exercice ou un sport. C'est l'action de faire quelque chose de manière habituelle et répétée.","Du latin practica, féminin de practicus, dérivé du grec praktikos (πρακτικός), signifiant « relatif à l'action ».",présent
premier,Ma _____ visite à Paris était inoubliable.,première,premier,"Qui vient avant tous les autres dans l'ordre, le temps ou le classement. C'est l'adjective ordinale qui désigne ce qui est numéro un.","From Latin primus (first), from Proto-Indo-European *per- (forward, through).",imparfait
prend,"Chaque matin, ma mère _____ une tasse de café avant de partir au travail.",prend,prend,Saisir ou s'approprier quelque chose avec la main ou mentalement. Consommer ou ingérer une substance.,"Du latin praehendere (saisir, attraper).",présent
prendre,Elle _____ le bus à huit heures chaque matin.,prend,prendre,Saisir ou utiliser quelque chose. Se servir d'un moyen de transport pour se déplacer.,"From Latin prehendere (to grasp, seize)",présent
presque,Le film était _____ terminé quand nous sommes arrivés au cinéma.,presque,presque,"Adverbe qui indique une approximation, une proximité avec une action ou un état qui n'est pas encore complètement réalisé. Il exprime l'idée que quelque chose manque peu pour être entièrement accompli.","Du latin « praecox » (précoce), qui a donné « presque » par évolution phonétique en ancien français.",imparfait
pression,Le plongeur doit supporter la _____ de l'eau à grande profondeur.,pression,pression,Force exercée par un fluide ou un gaz sur une surface. C'est une grandeur physique mesurée en pascals ou en atmosphères.,"Du latin pressio, dérivé de premere (presser, appuyer).",présent
preuve,Elle a apporté une _____ que le juge a acceptée comme valide.,preuve,preuve,Un fait ou un élément qui démontre la vérité ou la réalité de quelque chose. C'est ce qui sert à établir ou à confirmer un point de vue.,"Du latin « proba » (épreuve, essai), dérivé de « probare » (approuver, éprouver).",passé composé
prier,Ma grand-mère _____ pour que sa petite-fille réussisse à l'école.,va prier,prier,Adresser une demande respectueuse à Dieu ou à une divinité. Demander instamment quelque chose à quelqu'un.,"Du latin precari, signifiant « demander, supplier ».",futur proche
prince,Le _____ de la monarchie a visité le château hier.,prince,prince,"Fils d'un roi ou d'une reine, membre de la famille royale. Le prince est souvent l'héritier du trône.","Du latin princeps, signifiant 'premier', 'chef'.",présent
princesse,La jeune _____ portait une robe magnifique au bal royal.,princesse,princesse,Fille ou femme d'un roi ou d'un prince; femme de rang royal. Personnage de contes de fées souvent associé à l'élégance et la noblesse.,"Du latin « princeps » (première, souveraine), via l'ancien français « princesse ».",présent
principal,Le _____ de l'école a annoncé les nouveaux horaires aux étudiants.,principal,principal,Personne qui dirige une école ou un établissement scolaire. C'est aussi un adjectif signifiant le plus important ou le premier en ordre d'importance.,"Du latin principalis, dérivé de princeps (premier, chef), lui-même formé de primus (premier) et capere (prendre).",présent
printemps,"Chaque année, ma grand-mère plante des fleurs au _____.",printemps,printemps,"Saison de l'année qui suit l'hiver et précède l'été, caractérisée par le renouveau de la nature et la floraison des plantes. C'est généralement la période entre mars et juin dans l'hémisphère nord.","Du latin « primo tempore » (au premier temps), composé de « primus » (premier) et « tempus » (temps).",présent
prendre,Elle _____ la décision de partir en vacances le mois prochain.,a pris,prendre,"Action de saisir quelque chose avec la main ou de prendre possession de quelque chose. Également, décision ou résolution adoptée après réflexion.","Du latin prendere (prendre), forme du participe passé féminin singulier de prendre.",passé composé
prison,Mon oncle a passé dix ans en _____.,prison,prison,Établissement public où sont enfermées les personnes condamnées par la justice. C'est un lieu de détention pour les criminels et les délinquants.,"Du latin « prensio » (action de prendre, capture), dérivé de « prendere » (prendre).",passé composé
prisonnier,Le _____ a passé dix ans dans cette prison avant sa libération.,prisonnier,prisonnier,"Une personne retenue en captivité, enfermée dans une prison ou détenue contre sa volonté. C'est aussi un adjectif qui qualifie quelqu'un d'emprisonné ou contraint.","Du latin tardif 'prisionarius', dérivé de 'prisio' (prise, capture), lui-même issu du verbe latin 'prendere' (prendre).",passé composé
priver,Les parents ne devraient pas _____ leurs enfants de sommeil.,priver,priver,"Priver signifie enlever à quelqu'un quelque chose dont il a besoin ou dont il jouit. C'est priver quelqu'un d'un bien, d'un droit ou d'un avantage.","Du latin privare, signifiant « séparer, enlever ».",présent
prix,Le _____ de cette voiture est très élevé cette année.,prix,prix,Le prix est la valeur monétaire d'un bien ou d'un service. C'est le coût qu'on doit payer pour acheter quelque chose.,"Du latin pretium, signifiant valeur, récompense.",présent
probablement,Il _____ pleuvoir demain selon la météo.,va probablement,probablement,"Adverbe qui indique une forte possibilité, une probabilité élevée que quelque chose se produise. Il exprime une supposition fondée sur des indices ou des prévisions.","Du latin probabilis (digne d'approbation, plausible), dérivé de probare (approuver, prouver).",futur proche
problème,Nous avons résolu le _____ ensemble hier soir.,problème,problème,"Une difficulté, une question qui demande une solution. Une situation qui pose des obstacles ou des défis.","Du grec ancien προβλῆμα (próblêma, « chose jetée en avant »), composé de προ- (pro-, « avant ») et βάλλω (bállo, « jeter »).",passé composé
prochain,"La _____ fois que je te vois, tu me parles de tes projets.",prochaine,prochain,Qui vient immédiatement après dans le temps ou l'espace. Qui est le plus proche dans l'ordre de succession.,"Du latin populaire *pro-cadens, de pro (avant) et cadere (tomber, venir).",présent
proche,"Ma maison est _____ de l'école, donc je peux y aller à pied.",proche,proche,"Qui est à une courte distance, qui n'est pas loin. Peut aussi signifier une relation de familiarité ou d'intimité entre des personnes.","Du latin populaire *prope, comparatif de prope (près), issu du latin classique prope.",présent
procureur,Le _____ a présenté les accusations contre l'accusé devant le tribunal.,procureur,procureur,Magistrat chargé de représenter l'État et de poursuivre les infractions pénales devant les tribunaux. Le procureur défend l'intérêt public et demande l'application de la loi.,"Du latin « procurator » signifiant « celui qui gère les affaires d'un autre », composé de « pro- » (pour, en faveur de) et « curare » (s'occuper de).",passé composé
procès,Le avocat prépare les documents importants pour le _____ qui commence la semaine prochaine.,procès,procès,"Un procès est une action en justice, une instance judiciaire où deux parties présentent leurs arguments devant un tribunal pour que le juge rende une décision. C'est la procédure légale qui permet de résoudre un conflit ou de juger une personne accusée d'une infraction.","Du latin « processus », participe passé de « procedere » (aller en avant, avancer).",présent
procédure,"Pour obtenir un visa, il faut suivre une _____ stricte auprès de l'ambassade.",procédure,procédure,Une procédure est une série d'étapes ou de démarches à accomplir dans un ordre précis pour atteindre un objectif. C'est un ensemble de règles et de méthodes à suivre pour réaliser quelque chose.,"Du latin procedere (aller en avant, avancer), composé de pro- (en avant) et cedere (aller, marcher).",présent
produit,L'usine _____ des voitures électriques depuis cinq ans.,produit,produit,"Résultat d'une fabrication, d'une création ou d'une action. Chose qui est fabriquée ou créée.","From Latin productus, past participle of producere (to lead forth, bring forward), composed of pro- (forward) + ducere (to lead).",présent
prof,Ma _____ de mathématiques nous a donné beaucoup de devoirs ce week-end.,prof,prof,Un prof est une personne qui enseigne dans une école ou un établissement scolaire. C'est l'abréviation familière du mot 'professeur'.,"Abréviation du mot 'professeur', qui vient du latin 'professor' (celui qui déclare publiquement).",présent
professeur,Ma mère est allée consulter le _____ pour discuter des notes de mon frère.,professeur,professeur,Personne qui enseigne une matière dans un établissement scolaire ou universitaire. Le professeur transmet ses connaissances aux élèves ou aux étudiants.,"Du latin ""professor"" (celui qui professe, qui enseigne), dérivé de ""profiteri"" (professer, déclarer publiquement).",passé composé
professionnel,Ma mère est une _____ très respectée dans son domaine de la médecine.,professionnelle,professionnel,Une personne qui exerce un métier ou une profession de manière régulière et rémunérée. C'est aussi un adjectif qui qualifie ce qui appartient à une profession ou qui est fait avec compétence.,"Du latin médiéval 'professionallis', dérivé de 'professio' (déclaration publique, profession), lui-même du verbe 'profiteri' (déclarer publiquement, avouer).",présent
profil,Elle a créé un _____ professionnel sur le réseau social pour montrer ses compétences.,profil,profil,"Représentation ou description des caractéristiques principales d'une personne, particulièrement dans un contexte professionnel ou numérique. C'est aussi le contour ou la silhouette d'un objet vu de côté.","Du latin 'profilum', formé de 'pro' (en avant) et 'filum' (fil), signifiant littéralement 'tiré au fil'.",passé composé
profiter,Nous _____ de cette occasion pour visiter le musée.,allons profiter,profiter,Tirer avantage ou bénéfice de quelque chose ; mettre à profit une situation favorable.,"Du latin « profectus », participe passé de « proficere » (avancer, progresser), composé de « pro- » (en avant) et « facere » (faire).",futur proche
profond,Les racines de cet arbre sont très _____.,profondes,profond,Qui s'étend loin vers le bas ou vers l'intérieur. Qui a une grande distance entre la surface et le fond.,"Latin profundus, de pro- (avant, en avant) et fundus (fond).",présent
profondément,Elle a réfléchi _____ à cette question difficile pendant plusieurs heures.,profondément,profondément,"D'une manière qui va au cœur des choses, avec beaucoup de sérieux et de réflexion. C'est un adverbe qui modifie la profondeur ou l'intensité d'une action.",Du latin 'profundus' (profond) + suffixe adverbial '-ment'.,passé composé
projet,Elle travaille sur un _____ intéressant pour son université.,projet,projet,Un projet est un ensemble d'actions planifiées pour atteindre un objectif particulier. C'est un plan ou une intention que l'on se propose d'accomplir dans un délai donné.,"From Latin projectus, past participle of proicere (to throw forward), from pro- (forward) + iacere (to throw).",présent
promesse,Elle a gardé la _____ qu'il lui avait faite il y a des années.,promesse,promesse,Une déclaration par laquelle on s'engage à faire ou à ne pas faire quelque chose. C'est un engagement moral ou contractuel envers une autre personne.,"Du latin promissa, participe passé féminin de promittere (pro- « en avant » + mittere « envoyer »), signifiant littéralement « ce qui est envoyé en avant ».",passé composé
promettre,Ma mère m' _____ de m'aider avec mes devoirs ce soir.,a promis,promettre,"S'engager à faire quelque chose, donner sa parole que l'on fera une action. C'est un acte de s'obliger à tenir sa parole.","Du latin promittere, composé de pro- (en avant) et mittere (envoyer), littéralement « envoyer en avant ».",passé composé
propos,"À _____ de ton expérience, tu devrais accepter cette offre d'emploi.",propos,propos,"Propos signifie intention, objet ou sujet de conversation. C'est aussi une expression figée dans 'à propos de' qui signifie 'concernant' ou 'au sujet de'.","Du latin 'propositus', participe passé de 'proponere' (mettre en avant, proposer).",présent
proposer,Marie _____ une nouvelle idée lors de la réunion de demain.,va proposer,proposer,"Soumettre une idée, un plan ou une suggestion à quelqu'un pour qu'il l'examine ou la considère. C'est offrir quelque chose à titre de solution ou de possibilité.","Du latin propositus, participe passé de proponere (pro- « en avant » + ponere « poser, placer »).",futur proche
proposition,L'entreprise a rejeté la _____ du consultant pour améliorer le processus de production.,proposition,proposition,"Une proposition est une offre, une suggestion ou un plan présenté à quelqu'un pour examen ou acceptation. C'est aussi une affirmation ou une idée soumise à discussion.","Du latin propositus, participe passé de proponere (pro- 'avant' + ponere 'placer, mettre'), signifiant littéralement 'mis en avant'.",passé composé
propre,Ma mère aime garder sa maison _____ et bien organisée.,propre,propre,"Qui est exempt de saleté, de poussière ou d'impuretés. Se dit aussi de ce qui est net, sans tache et hygiénique.","Du latin 'proprius' signifiant 'particulier, personnel', évoluant vers le sens de 'distinct, net, propre'.",présent
propriétaire,Le _____ de cet appartement a décidé d'augmenter le loyer.,propriétaire,propriétaire,"Personne qui possède une propriété, un bien ou un immeuble. Le propriétaire a des droits et des responsabilités concernant son bien.","Du latin proprietarius, dérivé de proprietas (propriété).",passé composé
propriété,Ma grand-mère a hérité une belle _____ à la campagne de ses parents.,propriété,propriété,"Un bien immobilier appartenant à une personne, comme une maison ou un terrain. C'est aussi un droit ou une qualité caractéristique d'une chose.","Latin proprietas, dérivé de proprius (propre, particulier)",passé composé
protection,Les parents demandent une meilleure _____ pour leurs enfants à l'école.,protection,protection,"Action de protéger quelqu'un ou quelque chose contre un danger, un risque ou un mal. C'est l'état ou la mesure qui assure la sécurité d'une personne ou d'une chose.","Du latin protectio, dérivé de protegere (pro- 'en avant' + tegere 'couvrir').",présent
protéger,Les parents _____ leurs enfants des dangers de la route.,protègent,protéger,Protéger signifie défendre quelqu'un ou quelque chose contre un danger ou un mal. C'est assurer la sécurité et la sauvegarde de ce qui est important.,"Du latin protegere, composé de pro- (devant) et tegere (couvrir).",présent
prouver,Elle _____ que ses accusations sont vraies en présentant les documents.,prouve,prouver,"Démontrer la vérité ou l'exactitude de quelque chose par des faits, des arguments ou des preuves. Montrer que quelque chose est vrai ou réel.","Du latin « probare » signifiant « approuver, assurer », dérivé de « probus » (honnête, bon).",présent
prudent,Ma grand-mère est très _____ ; elle regarde toujours avant de traverser la rue.,prudente,prudent,Qui agit avec caution et réflexion pour éviter les risques ou les dangers. C'est une qualité de celui qui prend soin de ne pas commettre d'erreurs.,"Du latin 'prudens', signifiant 'qui voit d'avance, avisé', dérivé de 'providere' (pourvoir d'avance).",présent
près,"Ma maison est _____ de la gare, à environ dix minutes à pied.",près,près,Situé à une courte distance de quelque chose ou de quelqu'un. Cela indique la proximité spatiale.,"Du latin 'prensus', participe passé de 'prendere' (prendre), évoluant vers le sens de 'serré, proche'.",présent
précis,Le rapport que tu as remis hier était très _____.,précis,précis,"Qui est exact, détaillé et sans ambiguïté. Se dit de quelque chose qui est formulé avec clarté et rigueur.","Du latin praecisus, participe passé de praecidere (couper court, trancher), composé de prae (avant) et caedere (couper).",passé composé
précédemment,"J'ai vu ce film _____, et je l'ai beaucoup aimé.",précédemment,précédemment,"Adverbe qui signifie « avant, auparavant ». Il indique qu'une action ou un événement s'est produit dans le passé, avant le moment présent ou avant un autre événement.","Du latin « praecedentia », dérivé de « praecedere » (précéder).",passé composé
préférer,Ma sœur _____ toujours les films d'action aux comédies.,préfère,préférer,Aimer mieux une chose qu'une autre; choisir de façon délibérée une option plutôt qu'une autre.,"Du latin praeferre (prae- « avant » + ferre « porter »), signifiant littéralement « porter devant ».",présent
prénom,Mon _____ est Jean et j'habite à Paris.,prénom,prénom,"Le prénom est le nom donné à une personne à sa naissance, qui la distingue des autres membres de sa famille. Il précède le nom de famille.","From Latin ""praenomen"", composed of ""prae"" (before) and ""nomen"" (name), originally referring to the first of the three names in Roman nomenclature.",présent
préparer,"Demain, je _____ un gâteau pour l'anniversaire de ma sœur.",vais préparer,préparer,Préparer signifie mettre en place ou organiser quelque chose avant qu'il ne se produise. C'est aussi faire les arrangements nécessaires pour accomplir une tâche.,"Du latin praeparare, composé de prae (avant) et parare (préparer, arranger).",futur proche
présence,La _____ du professeur en classe est très importante pour les étudiants.,présence,présence,"Le fait d'être présent dans un lieu, d'y exister ou d'y apparaître. C'est la qualité de celui ou celle qui est là.","Du latin praesentia, dérivé de praesens (présent), participe présent de praeesse (être devant, être présenté).",présent
présent,Ma mère a reçu un magnifique _____ pour son anniversaire.,présent,présent,Le verbe présenter signifie montrer quelque chose à quelqu'un ou introduire une personne à une autre. C'est aussi l'action de mettre en avant ou de soumettre quelque chose.,"Du latin praesentare, composé de prae (avant) et sentare (montrer, placer devant).",passé composé
présente,Marie _____ son projet devant la classe demain.,va présenter,présente,Montrer ou exposer quelque chose à un public. Faire connaître une personne ou une chose à d'autres.,"Du latin praesentāre, composé de prae- (avant) et sentāre (placer, montrer).",futur proche
présenter,Marie _____ son projet devant la classe demain.,va présenter,présenter,"Faire connaître quelque chose ou quelqu'un en parlant ou en montrant. Exposer publiquement une œuvre, une idée ou une personne.","Du latin praesentare, composé de prae (avant) et sentare (montrer, placer devant).",futur proche
président,Le _____ de la France a annoncé une nouvelle politique économique.,président,président,Personne qui exerce la fonction de chef d'État ou de chef de gouvernement dans un pays ou une organisation. C'est la personne qui préside une institution ou une assemblée.,"Du latin praesidēns, participe présent de praesidēre (présider, être à la tête de), composé de prae (avant) et sedēre (être assis).",présent
prévenir,Je dois _____ ma mère que je vais arriver tard ce soir.,prévenir,prévenir,"Informer quelqu'un à l'avance d'une chose, d'un événement ou d'un danger. C'est donner un avertissement ou une notification anticipée.","Du latin praevenire, composé de prae (avant) et venire (venir), signifiant littéralement « venir avant ».",présent
prévoir,Nous _____ un pique-nique au parc dimanche prochain.,allons prévoir,prévoir,"Prévoir signifie anticiper, planifier ou organiser quelque chose à l'avance. C'est aussi estimer ou imaginer ce qui va se passer dans le futur.","Du latin praevidere (prae- « avant » + videre « voir »), signifiant littéralement « voir d'avance ».",futur proche
prêt,Marie est _____ à partir en vacances demain matin.,prête,prêt,Adjective meaning ready or prepared. État de celui qui est préparé à faire quelque chose ou qui a ce qu'il faut pour accomplir une action.,"From Latin praestus, meaning ready, prepared.",présent
prêtre,Le _____ a célébré la messe dans l'église ce matin.,prêtre,prêtre,Un prêtre est un homme qui a reçu les ordres sacrés et qui est autorisé à célébrer les offices religieux et les sacrements dans la religion catholique ou orthodoxe. Il serve de médiateur entre Dieu et les fidèles.,"Du latin « presbyter », emprunté au grec « πρεσβύτερος » (presbyteros), qui signifie « ancien » ou « dignitaire ».",passé composé
psy,Ma mère va consulter une _____ pour discuter de ses problèmes d'anxiété.,psy,psy,Professionnel de la santé mentale qui pratique la psychothérapie ou le counseling. Le terme informel désigne généralement un psychologue ou un psychiatre.,"Abréviation du mot « psychologue » ou « psychiatre », dérivé du grec « psyche » (âme, esprit) et « logos » (étude, science).",futur proche
pub,"Hier soir, nous avons regardé une _____ pour un nouveau produit à la télévision.",pub,pub,Une annonce publicitaire destinée à promouvoir un produit ou un service auprès du public. C'est un message commercial diffusé sur divers médias.,"Abréviation du mot « publicité », lui-même du latin « publicitas » (caractère public).",passé composé
public,Le _____ était très nombreux au concert hier soir.,public,public,"Ensemble des personnes qui assistent à un spectacle, un événement ou qui constituent l'audience d'une œuvre. C'est aussi l'adjectif qui signifie accessible à tous ou qui concerne l'État.","Du latin publicus, dérivé de populus (peuple).",imparfait
puce,Ma fille a trouvé une petite _____ sur son bras après être allée au jardin.,puce,puce,Petit insecte parasitaire sans ailes qui se nourrit du sang des mammifères et des oiseaux. C'est un arthropode connu pour sa capacité à sauter très haut.,"Du latin populaire *pulica, dérivé du latin classique *pulex.",passé composé
puisque,Je ne peux pas sortir _____ il pleut dehors.,puisque,puisque,Conjonction de subordination qui exprime la cause ou la raison d'une action. Elle introduit une proposition causale expliquant pourquoi quelque chose se produit.,Du latin « quia » (parce que) et « puisque » formé de « puis » (ensuite) + « que ».,présent
puissance,La _____ de ce moteur impressionne tous les ingénieurs.,puissance,puissance,La puissance est la capacité ou la force d'une chose à produire un effet. C'est aussi la quantité d'énergie fournie par unité de temps.,"Du latin potentia, dérivé de potens (puissant), lui-même du verbe posse (pouvoir).",présent
puissant,Les armées _____ de ce général ont conquis le territoire en quelques mois.,puissantes,puissant,"Qui a beaucoup de force, de pouvoir ou d'influence. Se dit de quelque chose ou quelqu'un capable de produire de grands effets.","Du latin « potens » (capable, puissant), dérivé de « posse » (pouvoir).",présent
période,La _____ estivale est ma favorite car je peux voyager avec mes amis.,période,période,"Un laps de temps défini ou délimité, une durée. C'est l'intervalle entre deux moments ou deux événements.","Du latin periodus, emprunté au grec periodos (περίοδος), composé de peri- (autour) et hodos (chemin, trajet).",présent
pêche,Mon grand-père _____ au bord de la rivière chaque dimanche.,pêche,pêche,"Pêche signifie attraper du poisson dans l'eau, généralement avec une canne à pêche, un filet ou d'autres outils. C'est une activité de loisir ou de profession.",Du latin piscis (poisson) par métathèse; apparenté à l'ancien français pescier.,présent
qu,Je ne sais pas _____ tu as fait hier soir.,ce que,qu,Pronom relatif ou conjonction utilisé pour introduire une proposition subordonnée. Il peut signifier « quoi » ou servir à relier deux propositions.,"Du latin « quid » (quoi) et « quod » (ce que, celui qui).",passé composé
qualité,Les produits de cette entreprise ont une excellente _____.,qualité,qualité,"La qualité est le caractère, la nature de ce qui est bon ou mauvais. C'est le degré d'excellence ou de perfection d'une chose.","Du latin ""qualitas"", dérivé de ""qualis"" (de quelle sorte).",présent
quartier,Ma grand-mère habitait dans un _____ populaire du centre-ville quand elle était jeune.,quartier,quartier,"Une partie d'une ville caractérisée par ses habitants, ses rues et ses bâtiments particuliers. C'est une division administrative ou sociale d'une agglomération urbaine.","Du latin tardif 'quartarius' (relatif à un quart), dérivé de 'quartus' (quart).",imparfait
quel,_____ couleur préfères-tu pour ta chambre ?,Quelle,quel,"Adjectif interrogatif utilisé pour demander une information sur la qualité, l'identité ou le type d'une personne ou d'une chose. Il s'accorde en genre et en nombre avec le nom qu'il modifie.","Du latin « qualis » signifiant « de quel type, de quelle sorte ».",présent
quelle,_____ couleur de robe préfères-tu pour la soirée ?,Quelle,quelle,Adjectif interrogatif ou exclamatif qui s'accorde en genre et en nombre avec le nom qu'il accompagne. Il sert à poser une question sur l'identité ou la nature d'une personne ou d'une chose.,"Du latin « qualis » (de quel genre, de quelle espèce).",présent
quelque,Je vais manger _____ fruits au marché demain.,quelques,quelque,Quelque est un adjectif indéfini qui signifie « un certain nombre de » ou « plusieurs ». Il s'accorde en nombre avec le nom qu'il modifie.,"Du latin « qualiscumque » (quel qu'il soit), formé de « qualis » (quel) et « cumque » (que ce soit).",futur proche
question,L'enseignant pose une _____ difficile aux élèves pendant l'examen.,question,question,Une interrogation qu'on adresse à quelqu'un pour obtenir une réponse ou une information. C'est aussi un sujet de discussion ou de doute.,"Du latin quaestio, dérivé de quaerere (chercher, demander).",présent
queue,Le chat agite sa _____ quand il est content.,queue,queue,"Prolongement de la colonne vertébrale chez les animaux, généralement mobile et allongé. Chez l'humain, c'est aussi une file de personnes qui attendent.",Latin cauda (tail),présent
quiconque,_____ qui arrive en retard devra attendre dehors.,Quiconque,quiconque,"Pronom indéfini qui désigne une personne quelconque, n'importe qui. Il s'utilise pour exprimer une généralité ou une condition qui s'applique à toute personne.","Du latin « quicumque » (composé de « qui » et « cumque », particule distributive).",présent
quitte,Elle _____ son appartement demain matin pour aller vivre à Lyon.,va quitter,quitte,Quitter signifie partir d'un lieu ou abandonner quelque chose. C'est l'action de s'en aller et de laisser derrière soi.,"Du latin quietus (tranquille), passé par l'ancien français quiter au sens de 'abandonner'.",futur proche
quitter,Elle _____ son emploi la semaine dernière pour travailler dans une autre ville.,a quitté,quitter,Quitter signifie partir d'un lieu ou cesser une activité. C'est abandonner quelque chose ou quelqu'un pour aller ailleurs.,"From Old French quitter, from Vulgar Latin *quietare, from Latin quietus (quiet, at rest).",passé composé
raconter,Ma grand-mère _____ des histoires fascinantes à ses petits-enfants chaque dimanche.,raconte,raconter,"Faire le récit d'une histoire, d'un événement ou d'une anecdote à quelqu'un d'autre. C'est transmettre des informations ou des faits sous forme narrative.","Du latin « recomputare » (compter à nouveau), composé de « re- » (à nouveau) et « computare » (compter, calculer).",présent
radio,"Le matin, j'écoute la _____ pour connaître la météo avant de partir au travail.",radio,radio,"Appareil de réception et de transmission de sons par ondes électromagnétiques. Moyen de communication et de divertissement permettant d'écouter de la musique, des informations ou des émissions.","Emprunté à l'anglais radio, raccourci de radiophony ou radiotelephony, dérivé de l'adjectif latin radius (rayon) et du grec phônê (son).",présent
raison,Elle a oublié la _____ de son absence à la réunion.,raison,raison,"Cause, motif ou explication d'un fait ou d'une action. C'est ce qui justifie ou explique quelque chose.","From Latin ratio (calculation, reason, account), from reor (to reckon, think).",passé composé
ramener,"Hier soir, ma mère _____ les enfants de l'école à la maison.",a ramené,ramener,"Ramener signifie reconduire quelqu'un ou quelque chose à un endroit, généralement au point de départ ou à son domicile. C'est aussi apporter avec soi en revenant d'un lieu.","Du verbe latin 'raminare' (ramener), composé de 're-' (préfixe indiquant le retour) et 'aminare' (conduire, mener), dérivé de 'amina' (âme, principe vital).",passé composé
rapide,Le train est très _____ et arrive toujours à l'heure.,rapide,rapide,Qui se déplace ou s'effectue à une grande vitesse. Qui ne prend pas beaucoup de temps.,"From Latin rapidus, from rapere 'to seize, snatch'.",présent
rapidement,Elle a couru _____ vers la gare pour attraper le train.,rapidement,rapidement,"De manière rapide, avec vitesse. Adverbe qui décrit une action effectuée en peu de temps.","Du latin tardif rapidus (rapide), dérivé de rapere (saisir, enlever).",passé composé
rappeler,Elle _____ ses amis demain pour leur annoncer la bonne nouvelle.,va rappeler,rappeler,"Contacter quelqu'un par téléphone pour lui parler. Aussi, faire revenir à la mémoire de quelqu'un.","Du latin rappellare, composé de re- (de nouveau) et appellare (appeler).",futur proche
rappelle,Ma mère me _____ toujours d'appeler mes grands-parents le dimanche.,rappelle,rappelle,Faire revenir à la mémoire de quelqu'un quelque chose qu'il avait oublié ou négliger. C'est aussi un acte de communication où on demande à quelqu'un de se souvenir de quelque chose.,"Du latin recallare, composé de re- (de nouveau) et callare (appeler).",présent
rapport,Le directeur a demandé un _____ détaillé sur les ventes du trimestre.,rapport,rapport,"Un document écrit qui présente des informations, des analyses ou des conclusions sur un sujet donné. C'est aussi la relation ou la connexion entre deux choses ou deux personnes.","Du latin reportare (rapporter, apporter), composé de re- (de nouveau) et portare (porter).",passé composé
rare,Les diamants _____ sont très précieux et difficiles à trouver.,rares,rare,"Qui n'existe qu'en petite quantité ou qui se produit peu souvent. Synonyme : peu commun, exceptionnel.","Du latin 'rarus', signifiant 'clairsemé, espacé'.",présent
rat,Mon chat a attrapé un _____ dans le jardin hier soir.,rat,rat,"Un petit rongeur gris ou brun, avec une longue queue, qui vit souvent près des habitations humaines. C'est un animal nuisible qui se nourrit de grains et d'autres aliments.","Du latin tardif 'rattus', d'origine obscure, possiblement d'une langue romane ou germanique.",passé composé
rater,Elle _____ son examen de mathématiques la semaine dernière.,a raté,rater,"Ne pas réussir quelque chose, échouer à atteindre un objectif. Manquer une opportunité ou une occasion.","Du latin *rata* (roue), passé par l'ancien français *ratel*. Le sens de « manquer » ou « échouer » s'est développé au Moyen Âge.",passé composé
ravie,Ma mère _____ d'avoir reçu ce cadeau pour son anniversaire.,est ravie,ravie,"Ravie est l'adjectif féminin singulier du mot « ravi », qui signifie extrêmement content, enchanté ou satisfait. Il exprime une grande joie ou satisfaction face à quelque chose.","Du participe passé du verbe latin « rapere » (enlever, ravir), qui a donné le français « ravir » au sens de « transporter de joie ».",passé composé
ravir,Ce cadeau va te _____!,ravir,ravir,"Ravir signifie enchanter, charmer ou remplir de joie quelqu'un. C'est aussi enlever quelque chose à quelqu'un de façon violente ou soudaine.","Du latin rapere (enlever, arracher)",futur proche
rayon,Ma mère va chercher du pain au _____ de la boulangerie.,rayon,rayon,Planche ou surface horizontale fixée à un mur ou à un meuble pour poser des objets. Partie d'un magasin où sont rangés les produits d'une même catégorie.,"Du latin radius (bâton, rayon de roue), par métaphore de la forme rayonnante.",futur proche
recevoir,"Demain, ma sœur _____ un colis de ses amis à l'étranger.",va recevoir,recevoir,Recevoir signifie obtenir quelque chose que quelqu'un d'autre vous donne ou vous envoie. C'est aussi accueillir une personne chez soi.,"Du latin recipere, composé de re- (de nouveau) et capere (prendre).",futur proche
chercher,Les scientifiques _____ une solution pour ce problème depuis plusieurs années.,cherchent,chercher,Chercher signifie essayer de trouver quelque chose ou quelqu'un. C'est l'action de faire des efforts pour découvrir ou obtenir ce qu'on désire.,"Du latin populaire *circare, dérivé de circus (cercle), avec le sens originel de « tourner autour de ».",présent
recommencer,"Après avoir échoué son examen, Marie _____ ses études avec plus de détermination.",va recommencer,recommencer,"Commencer de nouveau, débuter à nouveau une action ou une activité. C'est reprendre quelque chose qui a été interrompu ou qui s'est mal passé.","Du préfixe re- (de nouveau) et du verbe commencer (du latin cum + initiare, signifiant « commencer »).",futur proche
reconnaître,Ma mère _____ son ancien professeur au marché hier.,a reconnu,reconnaître,Identifier quelqu'un ou quelque chose qu'on a déjà vu ou connu auparavant. C'est aussi admettre ou accepter quelque chose comme vrai.,"Du latin reconoscere, composé de re- (de nouveau) et cognoscere (connaître).",passé composé
reculer,"Quand l'ennemi a attaqué, les soldats _____ de dix mètres pour se protéger.",ont reculé,reculer,"Se déplacer vers l'arrière, en arrière. Abandonner une position ou une idée sous la pression.","Du latin reculus, composé de re- (arrière) et de culus (derrière), formant le sens de « aller en arrière ».",passé composé
rédiger,Ma mère _____ une robe magnifique pour la fête de samedi.,rédige,rédiger,Rédiger signifie écrire ou composer un texte de manière organisée et réfléchie. C'est l'action de mettre par écrit ses pensées ou des informations de façon structurée.,"Du latin redigere, composé de re- (de nouveau) et agere (conduire, mener), signifiant littéralement 'ramener ensemble' ou 'mettre en ordre'.",présent
refaire,Marie _____ son devoir car elle a oublié de le terminer hier.,va refaire,refaire,Faire de nouveau quelque chose ; recommencer une action déjà effectuée.,"Préfixe re- (latin re-, signifiant « de nouveau ») + faire (latin facere)",futur proche
refuser,Elle _____ de participer au projet parce qu'elle était trop occupée.,a refusé,refuser,Ne pas accepter quelque chose qu'on nous propose ; dire non à une demande ou une offre.,"Du latin ""recusare"", composé de ""re-"" (préfixe de négation) et ""cusare"" (accuser), signifiant littéralement ""rejeter"" ou ""s'opposer à"".",passé composé
regard,Elle _____ par la fenêtre avec curiosité.,regarde,regard,L'action de diriger ses yeux vers quelque chose ou quelqu'un pour voir. C'est aussi l'expression du visage ou la manière de fixer quelqu'un.,"Du latin vulgaire *regardare, composé de re- (intensif) et du germanique *wardōn (regarder, surveiller).",présent
regarder,Ma sœur _____ la télévision tous les soirs avant de se coucher.,regarde,regarder,Fixer les yeux sur quelque chose ou quelqu'un pour le voir. Action de porter son attention visuelle sur un objet ou une personne.,"Du latin « regardare », formé de « re- » (préfixe intensif) et « guardare » (garder, surveiller), d'origine germanique.",présent
regretter,Marie _____ de ne pas avoir étudié pour l'examen.,regrette,regretter,"Éprouver du regret, de la déception ou du remords à propos de quelque chose. C'est ressentir de la tristesse ou du chagrin face à une action ou une décision passée.","Du latin regrettare, composé de re- (préfixe de répétition) et du germanique *grittan (pleurer, grincer des dents).",présent
reine,La _____ de France portait une couronne magnifique lors de la cérémonie royale.,reine,reine,Femme qui règne sur un royaume ou épouse d'un roi. Elle exerce le pouvoir souverain ou partage celui du monarque.,"Du latin regina, féminin de rex (roi).",présent
rejoindre,"Demain, je _____ mes amis au cinéma pour voir un film.",vais rejoindre,rejoindre,"Aller vers quelqu'un pour se retrouver avec lui, le rattraper ou se mettre ensemble. C'est aussi l'action de se joindre à un groupe ou une personne.","Du latin rejungere, composé de re- (de nouveau) et jungere (joindre).",futur proche
relation,Ma mère entretient une bonne _____ avec ses voisins depuis plusieurs années.,relation,relation,"Un lien ou une connexion entre deux ou plusieurs personnes, basé sur l'interaction et l'échange. C'est aussi le rapport ou la connexion entre des choses.","Du latin ""relatio"", dérivé de ""referre"" (rapporter, ramener), formé du préfixe ""re-"" et du verbe ""ferre"" (porter).",présent
remarquer,Les enfants _____ que leur professeur était absent aujourd'hui.,ont remarqué,remarquer,"Remarquer signifie observer quelque chose, s'apercevoir de son existence ou de ses caractéristiques. C'est aussi faire attention à un détail ou une particularité.","Du moyen français remarquer, composé de re- (préfixe intensif) et marquer (du latin marcare, « faire une marque »).",passé composé
remercier,Je _____ ma mère pour son aide précieuse.,vais remercier,remercier,"Exprimer de la gratitude envers quelqu'un pour un service, un cadeau ou une aide reçue. C'est témoigner sa reconnaissance.","Du latin ""remerciare"", composé de ""re-"" (à nouveau) et ""merciare"" (de ""merci""), lui-même du latin ""merces"" (rémunération, récompense).",futur proche
remettre,Elle _____ son rapport au professeur demain matin.,va remettre,remettre,"Donner quelque chose à quelqu'un, généralement après l'avoir eu en sa possession. Transmettre ou confier une chose à une personne.","Du latin remittere (renvoyer, relâcher), composé de re- (de nouveau) et mittere (envoyer).",futur proche
remonter,Les alpinistes _____ la montagne depuis deux heures ce matin.,remontaient,remonter,"Se déplacer vers le haut, gravir une pente ou une montagne. Aussi, revenir à un endroit situé plus haut.","Du latin remontare, composé de re- (de nouveau) et montare (monter).",imparfait
remplacer,Le professeur _____ un étudiant malade pour la présentation de demain.,va remplacer,remplacer,Prendre la place de quelqu'un ou de quelque chose ; substituer une personne ou une chose à une autre.,"Du latin « replaciare », composé de « re- » (de nouveau) et « placere » (plaire, être agréable).",futur proche
remplir,"Hier, j' _____ un formulaire à la mairie pour obtenir mes papiers d'identité.",ai rempli,remplir,"Remplir signifie compléter quelque chose en y mettant ce qui manque, particulièrement remplir un formulaire ou un document avec des informations. C'est aussi mettre une substance à l'intérieur d'un récipient jusqu'à ce qu'il soit plein.","Du latin 'replenire', composé de 're-' (de nouveau) et 'plenire' (remplir, de 'plenus' signifiant plein).",passé composé
rendez-vous,Elle a un _____ avec son ami demain soir au café.,rendez-vous,rendez-vous,"Un rencard est une rendez-vous, généralement entre deux personnes qui se plaisent. C'est une rencontre arrangée à l'avance.","Forme abrégée de rendez-vous, utilisée familièrement en France.",présent
rencontre,"Hier soir, je _____ une amie au cinéma et nous avons regardé un film ensemble.",ai rencontré,rencontre,"Rencontre signifie une action de se trouver face à face avec quelqu'un, généralement de manière inattendue ou planifiée. C'est aussi le moment où deux personnes se voient et interagissent.","Du verbe « rencontrer », formé du préfixe « re- » et du verbe « encontrer » (du latin « incontrāre », composé de « in- » et « contrāre »)",passé composé
rencontrer,Elle _____ son ancien ami au marché hier.,a rencontré,rencontrer,Rencontrer signifie faire la connaissance de quelqu'un ou se trouver face à face avec une personne par hasard ou intentionnellement. C'est aussi l'action de se voir ou de se croiser.,"Du latin populaire *recontare, composé de re- (de nouveau) et contare (compter, raconter), avec évolution phonétique vers encontrer puis rencontrer.",passé composé
rendre,Elle _____ visite à ses grands-parents chaque dimanche.,rend,rendre,Faire une visite à quelqu'un; aller voir quelqu'un pour passer du temps ensemble. C'est un acte de courtoisie ou d'affection.,"Du latin rendere, composé de re- (de nouveau) et dare (donner), avec le sens primitif de « donner en retour ».",présent
rentrer,Mes enfants _____ de l'école à 16h30 tous les jours.,rentrent,rentrer,Revenir à son domicile ou à un lieu de départ. Se dit aussi du fait de rentrer dans un endroit fermé ou de revenir à l'intérieur.,"Du latin populaire *reentrare, composé de re- (de nouveau) et de entrare (entrer), attesté en ancien français dès le XIIe siècle.",présent
repas,"Hier soir, nous avons pris un _____ délicieux au restaurant avec nos amis.",repas,repas,"Un repas est l'action de manger ou l'ensemble des aliments consommés à une occasion donnée, généralement à des heures régulières de la journée. C'est un moment convivial où l'on partage de la nourriture.","Du latin ""repastus"", participe passé de ""repascere"" (nourrir à nouveau, restaurer), formé de ""re-"" (de nouveau) et ""pascere"" (nourrir, paître).",passé composé
repos,"Après une longue journée de travail, Marie a besoin d'un bon _____.",repos,repos,Cessation du travail ou de l'activité pour récupérer ses forces. État de calme et de détente.,"Du latin « reposus », participe passé de « reponere » (mettre de côté, laisser de côté).",présent
repose,"Après une longue journée de travail, elle _____ sur le canapé avec un livre.",repose,repose,"Se reposer signifie cesser une activité pour récupérer ses forces physiques ou mentales. C'est prendre du repos, s'allonger ou s'asseoir confortablement.","Du latin reposare, composé de re- (préfixe intensif) et pausare (cesser, s'arrêter), lui-même dérivé de pausa.",présent
reposer,"Après le travail, elle aime _____ sur le canapé pendant une heure.",se reposer,reposer,Cesser toute activité pour récupérer ses forces physiques ou mentales. C'est prendre du repos.,"Du latin ""reposare"", composé de ""re-"" (à nouveau) et ""pausare"" (cesser, s'arrêter).",présent
reprendre,"Après la pause, les étudiants _____ leurs études avec enthousiasme.",ont repris,reprendre,Recommencer quelque chose qui avait été interrompu ou arrêté. Continuer une activité après une pause.,"Du latin praehendere (saisir), avec le préfixe re- (de nouveau).",passé composé
représenter,Les symboles _____ souvent des idées abstraites dans l'art moderne.,représentent,représenter,"Représenter signifie montrer, exprimer ou incarner quelque chose par une image, un symbole ou une action. C'est aussi agir au nom de quelqu'un d'autre ou tenir la place de quelqu'un.","Du latin repraesentare, composé de re- (de nouveau) et praesentare (présenter), signifiant littéralement « présenter de nouveau ».",présent
respect,Les enfants _____ les règles de l'école avec sérieux.,respectent,respect,"Le respect est l'attitude de considération et de déférence envers quelqu'un ou quelque chose. C'est aussi l'action de se conformer à une règle, une loi ou une personne.","Du latin respectus, participe passé de respicere (regarder en arrière, considérer), composé de re- (arrière) et specere (regarder).",présent
respecter,Les enfants doivent _____ les règles de l'école.,respecter,respecter,"Accepter quelque chose ou quelqu'un comme important et digne de considération ; suivre les règles, les lois ou les valeurs d'une personne.","Du latin respectare, de respectus (participe passé de respicere, 'regarder en arrière', 'considérer').",présent
respirer,"Après sa course, Marie _____ profondément pour se calmer.",a respiré,respirer,Inhaler et exhaler l'air par les poumons. C'est le processus vital qui permet à l'organisme d'obtenir l'oxygène nécessaire.,"Du latin respirare, composé de re- (de nouveau) et spirare (souffler, respirer).",passé composé
responsabilité,Les parents ont une grande _____ envers leurs enfants.,responsabilité,responsabilité,L'obligation ou le devoir de répondre de ses actes et de leurs conséquences. C'est la capacité à assumer les conséquences de ses actions.,"From Latin responsabilitas, derived from respondere (to answer, to respond), from re- (back) + spondere (to pledge, to promise).",présent
responsable,Le directeur est _____ de cette décision importante.,responsable,responsable,Qui a le devoir de répondre de ses actes ou de ceux d'autres personnes; qui est obligé de supporter les conséquences de quelque chose.,"From Old French responsable, from Medieval Latin responsabilis, from Latin respondere (to answer, correspond).",présent
ressembler,Ma sœur _____ beaucoup à notre mère avec ses cheveux blonds.,ressemble,ressembler,"Avoir une similitude, une ressemblance avec quelqu'un ou quelque chose. Partager des traits communs ou une apparence semblable.","Du latin ressimulare (re- + simulare), signifiant « rendre semblable ».",présent
ressentir,"Après avoir mangé ce plat délicieux, elle _____ une grande satisfaction.",a ressenti,ressentir,"Éprouver une sensation, une émotion ou une impression physique ou morale. C'est percevoir intérieurement un sentiment ou une sensation.","Du latin 'resentire', composé de 're-' (préfixe intensif) et 'sentire' (sentir).",passé composé
restaurer,Le musée _____ les tableaux anciens pour les protéger.,va restaurer,restaurer,Réparer ou remettre en bon état quelque chose qui est endommagé ou ancien. Rendre à quelque chose son état initial ou sa fonction première.,"Du latin restaurare, composé de re- (de nouveau) et de restaurare (réparer), dérivé de staurare (dresser, établir).",futur proche
rester,Mes amies _____ à la maison ce weekend.,sont restées,rester,"Demeurer dans un lieu, ne pas partir. Rester signifie aussi continuer à être dans un état ou une situation.","Du latin restare (s'arrêter, rester), composé de re- (en arrière) et stare (se tenir debout).",passé composé
retard,Elle a toujours un _____ pour arriver en retard à ses rendez-vous.,retard,retard,"Un retard est un délai, un manque de ponctualité ou une arrivée plus tard que prévu. C'est aussi une situation où quelqu'un ou quelque chose arrive après l'heure fixée.","Du latin retardare, composé de re- (en arrière) et de tardare (tarder, aller lentement), dérivé de tardus (lent).",présent
retenir,Elle _____ les détails importants de la réunion d'hier.,a retenu,retenir,"Garder en mémoire, ne pas oublier quelque chose. Conserver ou maintenir quelque chose en place.","Du latin retenere (re- + tenere, tenir), signifiant littéralement 'tenir de nouveau' ou 'tenir en arrière'.",passé composé
retirer,Elle _____ son argent de la banque demain matin.,va retirer,retirer,"Retirer signifie prendre ou enlever quelque chose d'un endroit, notamment de l'argent d'un compte bancaire. C'est aussi enlever ou ôter un objet d'une position.","Du latin retirare, formé de re- (de nouveau) et tirare (tirer).",futur proche
retour,"Après ses vacances, elle va faire son _____ à l'école demain matin.",retour,retour,Le moment où quelqu'un ou quelque chose revient à un endroit après en être parti. C'est aussi le trajet ou l'action de revenir.,"Du latin « retornare » (re- + tornare), signifiant « tourner de nouveau ».",futur proche
retourne,Marie _____ de ses vacances en Italie demain matin.,va retourner,retourne,Revenir à un endroit où l'on a déjà été. Aller de nouveau quelque part après en être parti.,"Du latin re- (de nouveau) + tornare (tourner), formé au XIIe siècle en ancien français.",futur proche
retraite,Ma grand-mère prend sa _____ à 65 ans et elle est très heureuse.,retraite,retraite,"La retraite est l'arrêt de l'activité professionnelle, généralement à un certain âge. C'est aussi la période de la vie après avoir cessé de travailler.","Du latin 'retrahere' (se retirer), formé de 're-' (de nouveau) et 'trahere' (tirer).",présent
retrouver,"Après avoir cherché partout, Marie _____ ses clés dans le tiroir de la cuisine.",a retrouvé,retrouver,Trouver de nouveau quelque chose ou quelqu'un qu'on avait perdu ou qu'on n'avait pas vu depuis longtemps. C'est aussi reconnaître ou se rencontrer avec quelqu'un.,"Du préfixe re- (de nouveau) et du verbe trouver (du latin tropare, signifiant chercher, trouver).",passé composé
revenir,"Après trois ans à l'étranger, ma sœur _____ enfin dans notre pays.",est revenue,revenir,Venir de nouveau à un endroit où l'on a déjà été ; retourner. C'est un verbe qui signifie aussi le fait de recommencer ou de se manifester à nouveau.,Du latin re- (de nouveau) + venire (venir).,passé composé
revenu,"Après avoir travaillé dur pendant dix ans, elle est enfin _____ de ses vacances bien méritées.",revenue,revenu,"Le participe passé du verbe revenir, signifiant être retourné à un lieu ou à un état antérieur. C'est l'action de revenir après une absence.","Du latin revenire, composé de re- (de nouveau) et venire (venir).",passé composé
revoir,Je dois _____ mon ami demain après l'école.,revoir,revoir,Voir quelqu'un ou quelque chose à nouveau après une séparation. Rencontrer de nouveau une personne qu'on a déjà connue.,"From Old French revoir, from re- + voir, from Latin vidēre.",futur proche
riche,Ma grand-mère était très _____ et elle aidait toujours les pauvres du village.,riche,riche,"Qui possède beaucoup d'argent, de biens ou de ressources. Une personne riche a les moyens financiers importants.","Du latin 'rex' (roi), passant par le gallo-roman 'riccu' signifiant puissant ou influent.",imparfait
ridicule,Son comportement était tellement _____ que tout le monde riait de lui.,ridicule,ridicule,"Qui mérite de faire rire, qui est absurde ou digne de moquerie. Qualité de ce qui provoque le rire par son caractère absurde ou dérisoire.","Du latin ridiculus, dérivé de ridere (rire).",imparfait
rire,Mes amies _____ beaucoup pendant la comédie hier soir.,ont ri,rire,Rire signifie exprimer de la joie ou de l'amusement par des éclats de voix caractéristiques. C'est une réaction naturelle face à quelque chose de comique ou de plaisant.,"Du latin ridēre, de même sens.",passé composé
risque,Les alpinistes _____ une avalanche en montant vers le sommet.,risquent,risque,Risquer signifie s'exposer à un danger ou à une possibilité de perte. C'est courir le danger que quelque chose de négatif se produise.,"From Old French risquer, from Italian risico, from Arabic rizq (profit, fortune), influenced by Italian risco (risk).",présent
risqué,Cette blague était trop _____ pour raconter devant les enfants.,risquée,risqué,"Qui comporte un risque, qui est audacieux ou légèrement indécent. Se dit de quelque chose qui peut offenser ou qui est un peu grivois.","Du participe passé du verbe risquer, du provençal riscar, d'origine incertaine, possiblement du latin resecare (couper).",imparfait
rivière,Les enfants jouent près de la _____ qui coule dans la forêt.,rivière,rivière,Un cours d'eau naturel qui s'écoule vers une autre rivière ou vers un fleuve. C'est un plan d'eau moins important qu'un fleuve.,"Du latin riparia, dérivé de ripa signifiant « rive » ou « berge ».",présent
robe,Ma mère a acheté une nouvelle _____ pour la fête de samedi.,robe,robe,"Vêtement féminin qui couvre le corps de l'épaule jusqu'aux genoux ou aux chevilles. C'est un élément essentiel de la garde-robe féminine, disponible en nombreux styles et tissus.","From Old French robe, from Frankish *rouba (meaning 'plunder, booty'), referring to garments taken as spoils.",passé composé
rock,Les jeunes musiciens adorent jouer du _____ dans ce petit studio.,rock,rock,"Genre musical caractérisé par des rythmes forts et des instruments électriques, originaire des années 1950. C'est une musique énergique et dynamique appréciée par de nombreux jeunes.","De l'anglais « rock », du verbe « to rock » signifiant « se balancer ». Le genre musical emprunte son nom au mouvement de danse associé.",présent
roi,Le _____ de France a signé un traité important avec l'Angleterre.,roi,roi,Souverain qui règne sur un État monarchique. Le roi exerce le pouvoir royal et porte la couronne.,"Du latin « rex, regis » (roi, chef), d'origine indo-européenne.",présent
roman,Ma sœur lit un _____ de science-fiction tous les soirs avant de dormir.,roman,roman,"Un roman est une œuvre de fiction écrite en prose, généralement longue, qui raconte une histoire avec des personnages et une intrigue. C'est un genre littéraire très populaire.","Du latin romanus, signifiant « à la manière romaine », car les premières histoires narratives longues étaient écrites en langue romane (dérivée du latin) plutôt qu'en latin classique.",présent
romantique,Elle a trouvé une petite auberge très _____ au bord de la rivière.,romantique,romantique,"Qui est caractérisé par une atmosphère poétique, sentimentale ou inspirée par l'amour et les émotions. Qui appartient au mouvement artistique et littéraire du Romantisme.","Emprunté à l'anglais « romantic » (vers 1650), lui-même dérivé de « romance » (histoire d'amour). Le mot français « romantique » est attesté dès le XVIIe siècle.",passé composé
rose,Elle a reçu une magnifique _____ rouge pour la Saint-Valentin.,rose,rose,"Fleur odorante avec des pétales colorés, souvent rouge, rose ou blanche, appartenant à la famille des Rosacées. C'est un symbole de l'amour et de la beauté.","Du latin rosa, emprunté au grec rhodon (ῥόδον).",passé composé
rouge,Le ciel était _____ après le coucher du soleil.,rouge,rouge,Adjectif de couleur qui désigne la teinte du sang ou du feu. C'est l'une des couleurs primaires du spectre visible.,"Du latin « rubeus » (rouge, rougeâtre), dérivé de « rufus » (roux).",imparfait
roule,La voiture _____ sur la route depuis une heure.,roule,roule,"Se déplacer en tournant sur des roues. Le verbe « rouler » signifie aussi avancer, progresser ou se mouvoir.","Du latin « rotula » (petite roue), diminutif de « rota » (roue).",présent
route,Nous prenons la _____ qui mène vers la montagne.,route,route,Voie de communication terrestre aménagée pour le passage des véhicules et des piétons. C'est un chemin public qui relie généralement deux endroits.,"Du latin 'rupta' (via rupta), signifiant 'chemin rompu' ou 'ouvert'.",présent
royaume,Le roi gouverne son _____ avec sagesse et justice.,royaume,royaume,Un territoire gouverné par un roi ou une reine. C'est l'ensemble des terres et des habitants sous l'autorité d'une monarchie.,"Du latin regnum, dérivé de rex (roi).",présent
rue,Ma grand-mère habite dans cette _____.,rue,rue,"Une voie de circulation dans une ville ou un village, bordée de maisons ou de bâtiments.","De l'ancien français rue, du latin ruga (ride, sillon), faisant à l'origine référence à un chemin sillonné.",présent
russe,Ma grand-mère adore la littérature _____; elle lit des romans de Tolstoï et de Dostoïevski.,russe,russe,"Qui appartient à la Russie, à son peuple ou à sa culture. Se dit de ce qui est originaire de Russie ou qui concerne cet État et ses habitants.","Du français « Russie » (nom du pays), avec le suffixe adjectival « -e »; Russie vient du latin médiéval « Russia », lui-même issu du vieux slave « Rusь ».",présent
rythme,La musique a un _____ rapide qui me fait danser.,rythme,rythme,Le rythme est la succession régulière de temps forts et de temps faibles dans la musique ou dans n'importe quel mouvement. C'est ce qui donne de la cadence et de la structure à un morceau musical ou à une action.,"Du grec ancien ῥυθμός (rhuthmós, « flux, mouvement »), passé par le latin rhythmus.",présent
règle,Ma mère _____ toujours que je fasse mes devoirs avant de jouer.,règle,règle,"Une prescription, une directive ou une loi qu'on doit suivre. C'est aussi un instrument plat utilisé pour tracer des lignes droites.","Du latin regula, dérivé de regere (diriger, conduire).",présent
réaction,La _____ des chimistes face à ce résultat inattendu a été très positive.,réaction,réaction,"La réaction est la manière dont une personne ou une chose répond à un stimulus, un événement ou une situation. C'est aussi un processus chimique ou physique qui se produit lorsque deux substances entrent en contact.","Du latin tardif reactio, dérivé de reagere (agir en retour), composé de re- (en arrière) et agere (agir).",présent
réaliser,Elle _____ son rêve de devenir architecte l'année dernière.,a réalisé,réaliser,"Accomplir, concrétiser quelque chose qu'on avait envisagé ou planifié. Faire en sorte qu'une idée, un projet ou un souhait devienne réalité.","Du latin 'realis' (relatif aux choses), dérivé de 'res' (chose). Le verbe 'réaliser' s'est développé au XVe siècle avec le sens de 'rendre réel'.",passé composé
réalité,La _____ est souvent différente de ce que nous imaginons.,réalité,réalité,"L'ensemble des faits, des choses qui existent véritablement, par opposition à ce qui est imaginé ou fictif. C'est ce qui est réel et concret dans le monde.","Du latin médiéval realitas, dérivé de realis (réel), lui-même issu de res (chose).",présent
récemment,Elle a vu son ami _____.,récemment,récemment,"Récemment signifie il n'y a pas longtemps, dans un passé proche. C'est un adverbe qui indique une action qui s'est produite peu de temps avant le moment présent.","Du latin recens (récent, frais) avec le suffixe adverbial -ment.",passé composé
récompense,Les enfants ont reçu une _____ pour leur bon comportement à l'école.,récompense,récompense,Un prix ou un avantage donné à quelqu'un en reconnaissance de son mérite ou de ses efforts. C'est une gratification offerte pour encourager ou remercier quelqu'un.,"Du latin récompensare, composé de re- (de nouveau) et compensare (compenser, équilibrer).",passé composé
récupérer,"Après l'accident, les pompiers _____ les blessés de la voiture.",ont récupéré,récupérer,Récupérer signifie reprendre possession de quelque chose ou sauver quelqu'un d'une situation difficile. C'est aussi retrouver quelque chose qu'on a perdu.,"Du latin recuperare, composé de re- (de nouveau) et cappa (cape, habit), littéralement « reprendre ».",passé composé
réel,Les problèmes _____ de cette entreprise sont difficiles à résoudre.,réels,réel,"Qui existe véritablement, qui est authentique et non imaginaire. Qui a une existence concrète et mesurable.","Du latin ""realis"", dérivé de ""res"" (chose).",présent
réellement,Elle n' _____ compris ce que le professeur expliquait pendant le cours.,a réellement,réellement,"De manière réelle, véritable, en vérité. C'est un adverbe qui exprime la réalité d'une action ou d'un état.","Du latin ""realis"" (relatif à la chose), dérivé de ""res"" (chose). Le suffixe ""-ment"" est un marqueur d'adverbe en français.",passé composé
réfléchir,Elle _____ attentivement avant de prendre une décision importante.,réfléchit,réfléchir,"Penser profondément à quelque chose, considérer attentivement une question. C'est l'action de mobiliser son esprit pour comprendre ou résoudre un problème.","Du latin reflectere (réfléchir, retourner), composé de re- (de nouveau) et flectere (fléchir, courber).",présent
région,Ma famille habite dans une _____ du sud de la France depuis dix ans.,région,région,"Une région est une division administrative d'un pays, caractérisée par des frontières géographiques et politiques. En France, les régions sont des collectivités territoriales qui regroupent plusieurs départements.","Du latin « regio, -onis » signifiant « direction, contrée, district »",présent
régler,Nous _____ la facture hier soir.,avons réglé,régler,Régler signifie payer une dette ou une somme d'argent due. C'est aussi ajuster ou mettre en ordre quelque chose selon une règle ou un principe.,"Du latin regulare, dérivé de regula (règle, baguette droite).",passé composé
réparer,Ma mère _____ la vieille lampe qui ne fonctionne plus.,va réparer,réparer,Réparer signifie arranger ou remettre en état quelque chose qui est cassé ou endommagé. C'est restaurer le fonctionnement normal d'un objet.,"From Old French reparer, from Latin reparare (re- 'again' + parare 'to prepare, make ready')",futur proche
répond,"Quand le professeur pose une question, Marie _____ toujours avec enthousiasme.",répond,répond,Réagir à une question ou à une interpellation en donnant une réponse. C'est l'action de fournir une réponse verbale ou écrite.,"Du latin respondere, composé de re- (en retour) et spondere (promettre, s'engager).",présent
répondre,Ma mère _____ toujours aux emails le jour même.,répond,répondre,"Répondre signifie donner une réaction ou une answer à une question, une demande ou un message. C'est aussi l'action de revenir avec une communication écrite ou orale.","Du latin respondere, composé de re- (en retour) et spondere (promettre, s'engager).",présent
réponse,Elle attend toujours une _____ de son professeur avant de commencer l'examen.,réponse,réponse,Une réponse est ce qu'on dit ou écrit en retour à une question ou à une demande. C'est la formulation d'une solution ou d'une explication donnée en réaction à quelque chose.,"Du latin « responsus », participe passé de « respondere » (répondre), composé de « re- » (à nouveau) et « spondere » (promettre, s'engager).",présent
réputation,L'entreprise a travaillé pendant des années pour construire une bonne _____.,réputation,réputation,L'opinion générale que les gens ont d'une personne ou d'une chose. C'est la manière dont quelqu'un ou quelque chose est perçu par le public.,"Du latin « reputatio » (réflexion, considération), dérivé de « reputare » (estimer, considérer).",passé composé
répéter,Les acteurs _____ leur dialogue avant la représentation.,répètent,répéter,Dire ou faire à nouveau la même chose plusieurs fois. C'est l'action de reproduire exactement ce qui a été dit ou fait précédemment.,"Du latin « repetere », composé de « re- » (de nouveau) et « petere » (chercher, aller vers).",présent
réseau,Ma mère travaille dans une grande entreprise et elle utilise le _____ informatique tous les jours pour communiquer avec ses collègues.,réseau,réseau,Un ensemble de personnes ou d'ordinateurs connectés entre eux pour échanger des informations. C'est aussi un système d'infrastructure reliant différents points.,"Du latin « retiaculum » (filet), diminutif de « rete » (filet, maille).",présent
réserve,Les animaux de la savane vont chercher de l'eau dans la _____ naturelle pendant la saison sèche.,réserve,réserve,Un espace protégé ou une zone naturelle où l'on conserve la faune et la flore. C'est aussi une quantité de quelque chose mise de côté pour l'utiliser plus tard.,"Du latin « reservata », participe passé féminin de « reservare » (garder, conserver), composé de « re- » (de nouveau) et « servare » (garder).",futur proche
résoudre,Les scientifiques _____ ce problème complexe depuis plusieurs années.,résolvent,résoudre,"Résoudre signifie trouver une solution à un problème, une difficulté ou une question. C'est aussi transformer quelque chose en ses éléments constitutifs.","Du latin resolvere (re- + solvere), signifiant 'détacher, délier, dissoudre'.",présent
résultat,"Après l'examen, les étudiants attendent le _____.",résultat,résultat,"Le résultat est l'issue, l'outcome ou la conclusion d'une action, d'un processus ou d'une expérience. C'est ce qui se produit à la fin ou ce qui est obtenu après un effort ou une tentative.","Du latin « resultatum », participe passé de « resultare » (rebondir, résulter), composé de « re- » (de nouveau) et « saltare » (sauter).",présent
réunion,La directrice a convoqué une _____ pour discuter des nouveaux projets.,réunion,réunion,Un rassemblement de personnes réunies dans un même lieu pour discuter ou décider de quelque chose. C'est une assemblée organisée dans un but professionnel ou social.,"Du latin « reunio », dérivé de « reunire » (réunir), composé de « re- » (de nouveau) et « unire » (unir).",passé composé
réussir,Elle _____ son examen de mathématiques la semaine dernière.,a réussi,réussir,"Accomplir avec succès une tâche, un projet ou un objectif. Obtenir un résultat positif dans une entreprise.","From Old French reussir, from re- + Old French ussir (to issue, go out), from Latin exire (to go out).",passé composé
réveiller,Ma mère _____ les enfants à 7 heures chaque matin.,réveille,réveiller,Faire cesser le sommeil de quelqu'un; tirer quelqu'un du sommeil. C'est une action courante le matin pour commencer la journée.,"Du latin *vigilare* (veiller), avec le préfixe *re-* exprimant l'idée de recommencer ou de retour à l'état précédent.",présent
réveillé,Ma mère _____ tôt ce matin pour préparer le petit-déjeuner.,s'est réveillée,réveillé,"Sortir du sommeil, cesser de dormir. C'est aussi l'état d'être conscient et actif après avoir dormi.","Du verbe latin 'vigilare' (veiller) avec le préfixe 're-' (de nouveau), formant 'réveiller' au sens de 'veiller de nouveau'.",passé composé
rêve,Elle _____ de devenir danseuse depuis son enfance.,rêve,rêve,"Désir, aspiration profonde d'accomplir quelque chose. État de conscience pendant le sommeil où l'imagination crée des images et des histoires.","From Old French reve, from Vulgar Latin *raiva, possibly of Germanic origin related to Old High German reva 'robbery, plunder'.",présent
rôle,"Dans cette pièce de théâtre, mon amie joue le _____ de la princesse.",rôle,rôle,"Personnage qu'un acteur ou une actrice incarne dans une pièce de théâtre, un film ou une représentation. Par extension, fonction ou place que quelqu'un occupe dans un groupe ou une situation.","Du latin « rotulus » signifiant « petit rouleau », car les textes des pièces de théâtre antiques étaient écrits sur des rouleaux de parchemin.",présent
sable,Les enfants construisaient un château sur le _____ à la plage.,sable,sable,"Substance granuleuse formée de petits grains minéraux, particulièrement abondante sur les plages et dans les déserts. Elle est utilisée dans la construction et pour les jeux des enfants.","Du latin sabulum, de même sens.",imparfait
sac,Elle a mis son _____ à l'école avant de partir au travail.,sac,sac,"Un sac est un objet portable, généralement fait de tissu, de cuir ou de plastique, utilisé pour transporter des objets. Il peut avoir des poignées et est utilisé au quotidien pour ranger et transporter des affaires.","Du latin saccus, emprunté au grec σάκκος (sakkos), lui-même d'origine sémitique.",passé composé
savoir,Je veux que tu _____ la vérité avant de partir.,saches,savoir,"Connaître quelque chose, avoir une connaissance ou une information sur quelque chose. C'est la forme du subjonctif présent du verbe savoir.","Du latin sapere (savoir, avoir du goût), racine indo-européenne *sep- (percevoir, goûter).",présent
sacrer,Le prêtre _____ le nouveau roi devant tous les nobles du royaume.,va sacrer,sacrer,"Sacrer signifie couronner quelqu'un en tant que roi ou reine, ou plus largement, consacrer quelqu'un à une fonction solennelle. C'est aussi un verbe populaire en français qui signifie jurer ou dire des jurons.","Du latin sacrare, dérivé de sacer (sacré).",futur proche
sage,"Ma grand-mère est une femme très _____, elle donne toujours de bons conseils.",sage,sage,"Une personne sage est prudente, réfléchie et possède du jugement. Elle fait preuve de sagesse dans ses décisions et ses paroles.","Du latin « sapius », signifiant « savant, sage », dérivé de « sapere » (savoir, avoir du goût).",présent
saint,Ma grand-mère est très _____ et elle va à l'église tous les dimanches.,sainte,saint,Qui est consacré à Dieu ou qui possède une grande vertu religieuse. Qualifie une personne pieuse et morale.,"Du latin sanctus, participe passé de sancire (consacrer, rendre sacré).",présent
saison,L'été est ma _____ préférée de l'année.,saison,saison,"Période de l'année caractérisée par des conditions météorologiques particulières. Il existe quatre saisons : le printemps, l'été, l'automne et l'hiver.","Du latin « satio » signifiant « semis, ensemencement », car à l'origine le mot désignait la période des semailles.",présent
salaire,Mon père reçoit un bon _____ chaque mois pour son travail.,salaire,salaire,Rémunération régulière versée à un employé en échange de son travail. C'est la somme d'argent qu'une personne gagne mensuellement ou annuellement.,"Du latin salarium (allocation de sel, puis argent), dérivé de sal (sel).",présent
sale,Sa chambre était si _____ que personne ne voulait y entrer.,sale,sale,"Qui est couvert de saleté, de poussière ou d'impuretés. Se dit d'une personne ou d'une chose qui manque de propreté.","Du latin 'sordidus' (malpropre, ignoble), passé par le proto-roman.",imparfait
salle,Les étudiants étudient dans la _____ de la bibliothèque.,salle,salle,"Un espace fermé, généralement intérieur, destiné à un usage particulier. La salle est une pièce d'un bâtiment séparée par des murs et une porte.","Du latin sala (grande pièce, hall)",présent
salon,Ma mère aime passer l'après-midi dans le _____ pour se détendre.,salon,salon,Pièce de la maison destinée à la réception et au séjour. C'est un espace confortable où on se repose et on reçoit des visiteurs.,Du latin 'sala' signifiant 'grande salle'.,présent
salut,Mon ami m'a dit _____ en me voyant à la gare.,salut,salut,Une salutation informelle pour accueillir quelqu'un ou lui dire au revoir. C'est une expression courte et amicale utilisée entre personnes qui se connaissent.,"Du latin « salutus », participe passé de « salutare » (saluer), dérivé de « salus » (santé, bien-être).",passé composé
samedi,Nous allons nous rencontrer _____ prochain pour discuter du projet.,samedi,samedi,Jour de la semaine qui vient après le vendredi et avant le dimanche. C'est généralement un jour de repos et de loisirs.,"Du latin « Sabbatum », lui-même emprunté à l'hébreu « Shabbat » (שַׁבָּת), signifiant le jour du repos.",futur proche
oublier,Elle _____ ses clés à la maison hier soir.,a oublié,oublier,Ne pas se souvenir de quelque chose; laisser quelque chose derrière soi par inadvertance.,"Du latin oblitare, fréquentatif de oblivisci (oublier).",passé composé
sandwich,J'ai mangé un _____ délicieux à midi.,sandwich,sandwich,"Un sandwich est un aliment composé de deux tranches de pain entre lesquelles on place des ingrédients comme du jambon, du fromage ou de la laitue. C'est un repas rapide et pratique à manger.","De l'anglais sandwich, nommé d'après John Montagu, 4e comte de Sandwich (1718-1792).",passé composé
saigner,"Hier, elle _____ beaucoup pendant le match de football.",a saigné,saigner,"Perdre du sang, généralement en raison d'une blessure. C'est l'émission de sang hors des vaisseaux sanguins.","Du latin « sanguinare », dérivé de « sanguis » (sang).",passé composé
santé,Ma mère prend soin de sa _____ en faisant du sport régulièrement.,santé,santé,État physique et mental d'une personne caractérisé par l'absence de maladie. C'est une condition essentielle au bien-être et à la qualité de vie.,"Du latin « sanitas », dérivé de « sanus » signifiant « sain ».",présent
sauce,Ma mère prépare une délicieuse _____ pour accompagner le poulet rôti.,sauce,sauce,"Préparation culinaire liquide ou semi-liquide à base de bouillon, de crème, ou d'autres ingrédients, servie pour accompagner un plat. Elle rehausse la saveur des aliments.","Du latin salsus (salé), dérivé de sal (sel).",présent
sauf,"Tous les étudiants sont venus à la réunion, _____ Marie qui était malade.",sauf,sauf,Préposition signifiant « à l'exception de » ou « excepté ». Elle introduit une exception à ce qui a été dit précédemment.,"Du latin « salvus » (sauf, préservé), via l'ancien français « salf ».",passé composé
saute,"Chaque matin, ma fille _____ sur son lit avant de descendre prendre son petit-déjeuner.",saute,saute,Se déplacer en l'air en poussant sur les jambes avec force. Bondir ou faire des bonds répétés.,"Du latin saltus, participe passé de salire (sauter), qui a donné aussi « assaillir » et « saille ».",présent
sauter,Les enfants _____ à la corde pendant la récréation.,sautent,sauter,Se propulser en l'air en fléchissant et en étendant les jambes. Action de quitter le sol rapidement pour aller d'un point à un autre.,"Du latin saltāre, dérivé de salīre (sauter, bondir).",présent
sauté,Les enfants _____ sur le lit avant de dormir.,ont sauté,sauté,Sauter signifie se propulser en l'air en utilisant la force des jambes. C'est aussi un mouvement rapide et léger.,"From Old French sauter, from Latin saltāre (to dance, leap), frequentative of salīre (to jump).",passé composé
sauvage,Les enfants ont exploré la forêt _____ près de leur village.,sauvage,sauvage,"Qui est à l'état naturel, non domestiqué ou non civilisé. Qui n'a pas été cultivé ou aménagé par l'homme.","Du latin silvāticus (de la forêt), dérivé de silva (forêt).",passé composé
sauver,Les pompiers _____ la famille de la maison en feu.,ont sauvé,sauver,Extraire quelqu'un ou quelque chose d'un danger ou d'une situation difficile. Préserver de la destruction ou de la mort.,"Du latin salvare, dérivé de salvus (sain, entier).",passé composé
saviez,"Vous _____ que Paris est la capitale de la France, n'est-ce pas?",saviez,saviez,"Avoir la connaissance de quelque chose, être au courant d'un fait. C'est le verbe « savoir » conjugué à la deuxième personne du pluriel à l'imparfait.","Du latin « sapere » (avoir du goût, être sage, connaître).",imparfait
savoir,Elle _____ parler trois langues couramment.,sait,savoir,"Avoir la connaissance de quelque chose, être capable de faire quelque chose. C'est posséder une information ou une compétence.","Du latin sapere (avoir du goût, être sage, connaître).",présent
science,Ma sœur étudie la _____ à l'université depuis deux ans.,science,science,Ensemble de connaissances et d'études fondées sur des faits observables et des méthodes expérimentales. Domaine d'étude systématique de la nature et de ses phénomènes.,"Du latin scientia, dérivé de scire (savoir, connaître).",présent
scientifique,Les résultats de cette expérience _____ sont très importants pour notre recherche.,scientifiques,scientifique,Qui relève de la science ou qui est basé sur la méthode scientifique. Qui a un caractère rigoureux et méthodique.,"Du latin scientificus, composé de scientia (science) et du suffixe -ficus (qui fait).",présent
scène,Les acteurs ont joué une magnifique _____ au théâtre hier soir.,scène,scène,"Une scène est une partie d'une pièce de théâtre ou d'un film où se déroule une action. C'est aussi un endroit où quelque chose se passe, notamment un événement remarquable ou dramatique.","Du latin scaena, emprunté au grec σκηνή (skènè), signifiant « tente » ou « cabane », qui désignait originellement la petite maison de bois représentant le palais dans le théâtre antique.",passé composé
second,Le _____ coureur a terminé la course avec un temps impressionnant.,second,second,"Qui vient après le premier dans un ordre, une série ou une classification. Peut aussi désigner une personne ou une chose qui occupe la deuxième place.","Du latin « secundus » (qui suit, favorable), dérivé de « sequi » (suivre).",présent
seconde,Ma montre s'est arrêtée pendant une _____ et je n'ai pas pu continuer mon examen.,seconde,seconde,Unité de temps égale à la soixantième partie d'une minute. C'est la plus petite division du temps couramment utilisée.,"Du latin « secunda » (minute), littéralement « deuxième division » (après l'heure, la première division).",passé composé
secours,"Quand l'enfant s'est noyé dans la piscine, les maîtres-nageurs ont appelé les _____ immédiatement.",secours,secours,"Assistance ou aide apportée à quelqu'un en danger ou en difficulté. Le secours peut être médical, militaire ou civile, fourni par des services spécialisés ou des personnes.","Du latin « succursus », participe passé de « succurrere » (« accourir au secours de »), composé de « sub- » (sous) et « currere » (courir).",passé composé
secret,Elle garde le _____ de sa famille depuis des années.,secret,secret,"Une information qu'on cache, qu'on ne révèle pas à d'autres personnes. C'est quelque chose de confidentiel ou de mystérieux.","Du latin secretus, participe passé de secernere (séparer, mettre à part).",présent
secrétaire,Ma mère travaille comme _____ dans un grand cabinet d'avocats.,secrétaire,secrétaire,"Personne chargée de gérer les documents, la correspondance et l'organisation administrative d'un bureau ou d'une entreprise. C'est un métier qui demande de l'organisation et de la discrétion.","Du latin médiéval secretarius, dérivé de secretum (secret), car le secrétaire était chargé des affaires confidentielles.",présent
secteur,Ma mère travaille dans le _____ de la santé depuis dix ans.,secteur,secteur,"Un domaine d'activité économique ou professionnel particulier. Par exemple, le secteur bancaire, le secteur agricole ou le secteur touristique.","Du latin « sector », participe passé de « secare » (couper), désignant celui qui coupe ou divise.",présent
section,Les étudiants de la _____ scientifique doivent suivre des cours de chimie et de physique.,section,section,"Une partie d'une organisation, d'une école ou d'une entreprise qui est spécialisée dans un domaine particulier. Par exemple, une section scientifique dans un lycée regroupe les étudiants qui étudient les sciences.","Du latin « sectio », dérivé de « secare » (couper), signifiant littéralement « action de couper ».",présent
seigneur,Le _____ médiéval gouvernait ses terres avec autorité et justice.,seigneur,seigneur,Un seigneur est un noble qui possède et gouverne des terres au Moyen Âge. Il exerce le pouvoir féodal sur ses vassaux et ses domaines.,"Du latin senior (plus âgé, supérieur), comparatif de senex (vieux, ancien).",imparfait
sein,Sa mère a remarqué que l'enfant avait mal au _____.,sein,sein,Partie du corps de la femme qui produit le lait pour nourrir un bébé. C'est aussi la poitrine en général.,"Du latin sinus (courbe, pli, poitrine).",imparfait
selon,Tes amies vont voyager _____ tes conseils pour leur vacances.,selon,selon,Selon est une préposition qui signifie « d'après » ou « en conformité avec ». Elle introduit une source d'information ou un point de vue.,"Du latin « secundum » (suivant, selon), passé par l'ancien français « selon ».",futur proche
semaine,Je dois finir mon projet avant la fin de la _____.,semaine,semaine,"Période de sept jours consécutifs, généralement du lundi au dimanche. C'est l'unité de temps couramment utilisée pour organiser les activités et les horaires.","Du latin « septimana », dérivé de « septem » (sept).",présent
sembler,Cette histoire me _____ très intéressante.,semble,sembler,"Donner l'impression d'être, paraître. Le verbe sembler exprime une apparence ou une impression subjective.","Latin semblare, forme altérée de simulare (simuler, imiter).",présent
sens,Elle _____ une odeur agréable dans la cuisine.,sent,sens,Percevoir par l'odorat une odeur ou une senteur. C'est l'action de détecter une odeur avec le nez.,Du latin sentire (percevoir par les sens).,présent
sentiment,Elle a exprimé son _____ de joie en apprenant la bonne nouvelle.,sentiment,sentiment,État affectif ou émotion ressentie par une personne. C'est une réaction émotionnelle face à une situation ou une expérience.,"Du latin sentimentum, dérivé de sentire (sentir, percevoir).",passé composé
sentir,Elle _____ une odeur étrange dans la maison ce matin.,a senti,sentir,"Percevoir par l'odorat ou ressentir une émotion, une sensation physique. C'est aussi avoir une intuition ou une impression sur quelque chose.","Du latin sentīre, signifiant 'percevoir par les sens, ressentir'.",passé composé
être,"Demain, elle _____ à la plage avec ses amis.",va être,être,"Verbe être au futur simple, troisième personne du singulier. Exprime une action ou un état qui aura lieu dans le futur.","Latin esse, infinitif du verbe être, qui provient de la racine indo-européenne *h₁es-.",futur proche
sergent,Le _____ a dirigé ses soldats pendant la bataille.,sergent,sergent,Un sergent est un grade militaire intermédiaire entre le caporal et l'officier. Il s'agit d'un sous-officier qui commande généralement une petite unité de soldats.,"Du latin « serviens » (servant, celui qui sert), passé par l'ancien français « sergent ».",passé composé
serpent,Le _____ se glisse silencieusement dans l'herbe du jardin.,serpent,serpent,"Animal reptile sans pattes, au corps long et cylindrique, recouvert d'écailles. Beaucoup d'espèces de serpents sont venimeuses ou inoffensives.","Latin serpens, de serpere (ramper)",présent
service,Le restaurant offre un excellent _____ à ses clients chaque soir.,service,service,L'ensemble des activités destinées à satisfaire les besoins ou les désirs des clients. C'est aussi l'action de servir à table dans un restaurant ou un café.,"Du latin servitium, dérivé de servus (esclave, serviteur).",présent
servir,Le restaurant _____ des plats délicieux à ses clients chaque jour.,sert,servir,"Servir signifie présenter de la nourriture ou une boisson à quelqu'un, ou être utile à un but particulier. C'est aussi travailler pour quelqu'un en tant qu'employé.","From Latin servīre, meaning to be a servant or to serve.",présent
seul,Elle était _____ dans sa chambre quand j'ai téléphoné.,seule,seul,"Qui est sans compagnie, sans autre personne auprès de soi. Qui n'a pas de société ou d'accompagnement.","Du latin solus, signifiant « seul, unique, solitaire ».",imparfait
seulement,"Je _____ manger une pomme, pas de dessert.",vais seulement,seulement,Adverbe signifiant « uniquement » ou « pas plus que ». Il indique une restriction ou une limitation.,Du latin « solus » (seul) avec le suffixe « -ment ».,futur proche
sexe,Le médecin a demandé au patient de décrire son _____ biologique.,sexe,sexe,Caractéristique biologique qui distingue les individus en tant que mâle ou femelle. C'est aussi l'ensemble des caractères distinctifs de chaque individu selon qu'il appartient à l'une ou l'autre catégorie.,"Du latin « sexus », dérivé de la racine indo-européenne « sek- » (couper, diviser), car les anciens pensaient que le sexe était lié à la division des êtres vivants.",passé composé
sexy,Cette robe noire est vraiment _____.,sexy,sexy,"Qui a une allure séduisante et attrayante, qui provoque de l'attraction physique. Ce mot est utilisé pour décrire quelque chose ou quelqu'un d'attrayant sur le plan esthétique ou sensuel.","Emprunté à l'anglais « sexy », lui-même dérivé de « sex » (sexe).",présent
sortir,Le magicien _____ un lapin de son chapeau devant le public.,sort,sortir,1. Quitter un lieu. 2. Retirer ou prendre quelque chose de l'intérieur de quelque chose d'autre. Le magicien sort un lapin du chapeau.,"Du latin sortīre (tirer au sort, sortir).",présent
shérif,Le _____ a arrêté le criminel dans la petite ville de l'Ouest.,shérif,shérif,"Un shérif est un officier de police responsable de l'ordre public dans un comté ou une région, particulièrement aux États-Unis. C'est un personnage emblématique des histoires du Far West.","Emprunté de l'anglais sheriff, lui-même issu du vieil anglais scirgerefa (shire-reeve), où shire signifie comté et reeve signifie officier.",passé composé
signal,Le conducteur a vu le _____ rouge et s'est arrêté immédiatement.,signal,signal,"Un signal est un signe ou un geste qui transmet une information ou un message. Dans le contexte routier, c'est un dispositif lumineux qui indique aux conducteurs quand s'arrêter ou avancer.","Du latin tardif signālis, dérivé de signum (signe, marque).",passé composé
signe,Le feu rouge est un _____ d'arrêt.,signe,signe,Le verbe « signer » signifie apposer sa signature sur un document ou donner son consentement par écrit. C'est aussi un geste personnel qui authentifie un acte.,"Latin « signāre », dérivé de « signum » (marque, signe).",présent
signer,Elle _____ le contrat demain matin.,va signer,signer,Apposer sa signature sur un document ou un accord pour l'authentifier ou l'accepter. C'est un acte officiel qui engage la responsabilité de celui qui signe.,"Du latin 'signare', dérivé de 'signum' (signe, marque).",futur proche
signifier,Ce geste _____ beaucoup pour nous.,signifie,signifier,"Signifier veut dire avoir une importance ou une valeur particulière, exprimer quelque chose de manière symbolique. C'est aussi communiquer ou faire connaître une information.","Du latin significare, composé de signum (signe) et facere (faire).",présent
silence,"Pendant la réunion, nous avons demandé le _____ pour réfléchir à la question.",silence,silence,Absence de bruit ou de son. État de calme et de tranquillité.,"Latin silentium, dérivé de silēre (être silencieux).",passé composé
simple,"Cette recette est très _____, même les enfants peuvent la préparer.",simple,simple,"Qui n'est pas compliqué, qui est facile à comprendre ou à faire. Qui est sans ornement, dépourvu de luxe.","Du latin ""simplex"" (simple, unique), de ""semel"" (une fois) et ""-plex"" (pli).",présent
simplement,Elle _____ oublié son parapluie à la maison.,a simplement,simplement,"De manière simple, sans complication ni effort particulier. Cela signifie aussi d'une façon directe ou non compliquée.","Du latin « simplex » (simple, non composé), suffixe « -ment » (formation d'adverbes).",passé composé
singe,Le _____ grimpe dans l'arbre pour chercher des bananes.,singe,singe,"Mammifère primate avec des bras longs, une queue et une intelligence développée. Cet animal vit généralement dans les forêts tropicales.","From Latin sīmia, from Greek σίμος (símos, 'snub-nosed'), referring to the characteristic flat nose of primates.",présent
sinon,"Tu dois finir tes devoirs maintenant, _____ tu n'auras pas le temps demain.",sinon,sinon,Conjonction de coordination qui introduit une alternative ou une conséquence négative. Elle signifie 'autrement' ou 'dans le cas contraire'.,"Du latin 'si non' (si + non), littéralement 'si ne... pas'.",présent
site,Les touristes visitent un magnifique _____ archéologique en Provence.,site,site,"Un endroit, un lieu particulier où se trouvent des vestiges historiques, des ruines ou des monuments. Un emplacement géographique spécifique.","Du latin situs, signifiant « position, lieu, situation ».",présent
situation,La _____ économique du pays s'est améliorée après les réformes.,situation,situation,"L'état, la condition ou les circonstances dans lesquelles se trouve une personne ou une chose. C'est l'ensemble des éléments qui caractérisent un moment ou un contexte particulier.","Du latin situatio, dérivé de situs (placé, situé), participe passé de sinere (placer, laisser).",présent
siècle,"Au dix-septième _____, les écrivains français ont produit des œuvres magnifiques.",siècle,siècle,Une période de cent ans. Le siècle est une unité de temps utilisée pour mesurer l'histoire et les événements importants.,"Du latin « saeculum » signifiant « génération, époque, période de cent ans ».",passé composé
siège,Le président a occupé le _____ du gouvernement pendant dix ans.,siège,siège,"Le siège est la place ou la position d'autorité qu'occupe une personne importante, comme un chef d'État ou un membre d'une assemblée. C'est aussi un meuble destiné à s'asseoir.","Du latin sedēs (seat, residence), dérivé de sedēre (to sit).",passé composé
société,Ma mère travaille dans une grande _____ depuis dix ans.,société,société,"Une organisation ou une entreprise regroupant des personnes pour une activité commune, généralement commerciale ou professionnelle. C'est aussi l'ensemble des personnes vivant ensemble dans une communauté organisée.","Du latin societas, dérivé de socius signifiant « compagnon, associé ».",présent
soeur,Ma _____ a étudié la médecine à l'université.,soeur,soeur,Une soeur est une fille qui a les mêmes parents qu'une autre personne. C'est aussi le terme utilisé pour une femme membre d'une communauté religieuse.,"Du latin soror, de même sens.",passé composé
soi,Elle doit apprendre à croire en _____.,soi,soi,Pronom réfléchi de troisième personne qui désigne la personne ou l'entité dont on parle. Il s'utilise notamment après les prépositions ou dans les expressions idiomatiques pour renvoyer au sujet.,"Du latin « se », accusatif du pronom réfléchi.",présent
soif,"Après avoir couru sous le soleil, les enfants ont eu _____.",soif,soif,Sensation physique qui pousse à boire de l'eau ou un liquide. C'est le besoin naturel du corps d'être hydraté.,"Du latin « sitim », accusatif de « sitis ».",passé composé
soigner,Le médecin _____ les patients avec beaucoup de patience et de compassion.,soigne,soigner,Prodiguer des soins médicaux ou des traitements à une personne malade ou blessée pour l'aider à guérir. Cela peut aussi signifier s'occuper avec attention de quelque chose ou de quelqu'un.,"Du latin ""sonniare"" (sonner), qui s'est transformé en ancien français ""soigner"" par l'influence de ""soin"" (du latin ""sollicitudo"").",présent
soin,Ma mère prend grand _____ de sa santé en faisant du sport régulièrement.,soin,soin,Attention particulière apportée à quelque chose ou à quelqu'un ; vigilance et diligence dans l'exécution d'une tâche.,"Du latin ""solicitudo"" (inquiétude, préoccupation), passé par l'ancien français ""solein"".",présent
soirée,"Hier soir, nous avons passé une très agréable _____.",soirée,soirée,Une soirée est la partie de la journée qui s'étend de la fin de l'après-midi jusqu'à la nuit. C'est aussi un événement social ou festif qui se déroule en fin de journée.,"Du latin « serotinus » (tardif), dérivé de « sera » (tard). Le mot a évolué en ancien français « seree » avant de devenir « soirée ».",passé composé
sol,Les enfants jouent sur le _____ du jardin.,sol,sol,La surface de la terre sur laquelle on marche et où poussent les plantes. C'est la partie supérieure de la croûte terrestre.,"Du latin solum (terre, terrain, fondation).",présent
soldat,Mon oncle était _____ pendant la Seconde Guerre mondiale.,soldat,soldat,"Un soldat est une personne qui sert dans l'armée et participe aux combats. C'est un militaire de rang inférieur, généralement sous le commandement d'officiers.","Du latin médiéval 'soldatus', dérivé de 'soldum' (paye, salaire), car les soldats étaient payés pour leur service militaire.",imparfait
soleil,"Le matin, nous regardons le _____ se lever à l'horizon.",soleil,soleil,Astre lumineux autour duquel tourne la Terre. C'est la source principale de lumière et de chaleur pour notre planète.,"Du latin ""sol"", lui-même d'origine indo-européenne.",présent
solution,Nous avons trouvé une _____ pour résoudre ce problème difficile.,solution,solution,"Une réponse ou un moyen de résoudre un problème, une difficulté ou une question. C'est le résultat qu'on cherche quand on veut terminer quelque chose qui pose problème.","From Latin solutio (a loosening, dissolving, from solvere 'to loosen, dissolve').",passé composé
sombre,Le ciel était _____ quand nous sommes arrivés à la plage.,sombre,sombre,"Qui manque de lumière, qui est peu éclairé. Peut aussi signifier triste ou mélancolique.","Du latin ""subumbrare"", composé de ""sub"" (sous) et ""umbra"" (ombre).",imparfait
somme,Nous avons reçu une _____ d'argent de nos grands-parents pour notre anniversaire.,somme,somme,"Une quantité d'argent, ou plus généralement une quantité totale de quelque chose. C'est aussi le résultat d'une addition.","Du latin summa (sommet, total, principal), dérivé de summus (le plus haut).",passé composé
sommeil,"Après une longue journée de travail, elle avait besoin d'un bon _____.",sommeil,sommeil,État de repos naturel pendant lequel la conscience est suspendue et le corps se régénère. C'est un besoin physiologique essentiel pour la santé et le bien-être.,Du latin « somnus » signifiant « sommeil ».,imparfait
sonner,La cloche _____ à midi pour annoncer le déjeuner.,va sonner,sonner,"Produire un son, notamment en parlant d'une cloche, d'une sonnette ou d'un téléphone. Émettre un bruit caractéristique pour signaler quelque chose.","Du latin populaire *sonnāre, issu du latin classique *sonus (son).",futur proche
sorcière,La _____ a jeté un sort sur le village la nuit dernière.,sorcière,sorcière,"Une femme qui pratique la magie ou la sorcellerie, souvent représentée dans les contes de fées comme une créature maléfique. C'est le féminin de sorcier.","Du latin tardif *sortiarius, dérivé de sors (sort, destinée), avec l'influence du suffixe -ière.",passé composé
sorte,Il y a plusieurs _____ de gâteaux dans cette pâtisserie.,sortes,sorte,Une sorte est une catégorie ou une variété de quelque chose. C'est un type ou une espèce particulière.,"Latin sortis, signifiant « part, portion, destinée ».",présent
sortie,"Attention, la _____ est à gauche.",sortie,sortie,"Action de partir d'un lieu, de quitter un endroit. Peut aussi désigner une porte ou un passage par lequel on quitte.","Du verbe latin sortiri (tirer au sort), passé par l'ancien français sortir.",présent
sortir,"Hier soir, ma sœur _____ au cinéma avec ses amies.",est sortie,sortir,1. Quitter un lieu. 2. Retirer ou prendre quelque chose de l'intérieur de quelque chose d'autre. Le magicien sort un lapin du chapeau.,"Du latin sortīre (tirer au sort, sortir).",passé composé
souci,Ma mère n'a pas de _____ pour l'argent ; elle dépense sans compter.,souci,souci,"Préoccupation, inquiétude ou tracas concernant quelque chose. Le souci est une charge mentale causée par une préoccupation.","Du latin sollicitus, signifiant « agité, inquiet ».",présent
soudain,"Le film était ennuyeux, mais _____ une scène spectaculaire a changé tout.",soudain,soudain,"De manière subite et inattendue, sans avertissement préalable. C'est un adverbe qui décrit un changement ou un événement qui se produit rapidement et sans prévention.","Du latin subitaneus, dérivé de subitus (soudain, subit), lui-même du verbe subire (se glisser sous, survenir).",présent
souffle,Le _____ du vent à travers les arbres était très calme ce matin.,souffle,souffle,Un léger courant d'air ou de vent. C'est aussi l'action de respirer de l'air par la bouche ou le nez.,"Du latin 'sufflare', composé de 'sub-' (sous) et 'flare' (souffler).",présent
souffrir,Ma grand-mère _____ d'arthrite depuis plusieurs années.,souffre,souffrir,"Éprouver une douleur physique ou morale, ressentir de la peine ou de la douleur. C'est l'état de celui qui endure une affliction ou une maladie.","Du latin sufferre, composé de sub- (sous) et ferre (porter), littéralement « porter sous ».",présent
souhaiter,Je _____ que tu réussisses à ton examen.,souhaite,souhaiter,Désirer que quelque chose se produise ou que quelqu'un fasse quelque chose. Exprimer un vœu ou un désir pour l'avenir.,"Du latin vulgaire *subjectāre, dérivé de subjectus (soumis), influencé par l'ancien français *suhait.",présent
soupe,Ma grand-mère prépare une délicieuse _____ à la tomate pour le dîner.,soupe,soupe,"Un plat liquide ou semi-liquide composé d'un bouillon avec des légumes, de la viande ou du poisson. C'est un aliment réconfortant, souvent servi chaude.","Du latin populaire suppa, de l'ancien français sope, désignant un morceau de pain trempé dans du bouillon.",présent
source,L'eau de cette rivière vient d'une _____ souterraine dans les montagnes.,source,source,Un point d'où s'écoule naturellement l'eau d'une rivière ou d'un ruisseau. C'est aussi l'origine ou la provenance de quelque chose.,"Du latin « source » (surgere, « surgir »), signifiant littéralement « ce qui surgit ».",présent
sourire,"Quand elle a vu ses amis, elle _____ de joie.",a souri,sourire,"Sourire signifie écarter les lèvres pour montrer les dents, généralement pour exprimer la joie, l'amitié ou la satisfaction. C'est une expression faciale positive et bienveillante.","Du latin tardif *subridere, composé de sub- (légèrement) et ridere (rire).",passé composé
souris,Ma petite _____ grise court rapidement dans la cuisine.,souris,souris,"Petit rongeur domestique ou sauvage, avec une longue queue et de petites oreilles. Animal souvent utilisé comme animal de compagnie ou dans les laboratoires.","Du latin populaire *sorīcem, accusatif de sorex (musaraigne, souris), d'origine indo-européenne.",présent
sous-titrage,Le film propose un _____ en plusieurs langues pour permettre aux spectateurs du monde entier de le comprendre.,sous-titrage,sous-titrage,Le sous-titrage est la traduction et l'affichage de texte au bas de l'écran pour rendre compréhensible un dialogue ou un son en langue étrangère ou pour les personnes malentendantes.,"Composé de sous- (du latin subtus, « sous ») et de titrage (de titre, du latin titulus)",présent
soutien,Ma mère me donne beaucoup de _____ pour mes études.,soutien,soutien,"L'aide, l'appui ou l'assistance qu'on apporte à quelqu'un. C'est aussi l'action de soutenir ou d'encourager une personne dans ses efforts.","Du verbe soutenir, formé de sous- (latin subtus) et tenir (latin tenere).",présent
souvenir,Elle _____ souvent de ses vacances en Bretagne avec sa famille.,se souvient,souvenir,"Le verbe souvenir signifie garder en mémoire, se rappeler quelque chose du passé. Il s'utilise généralement avec le pronom réfléchi 'se'.","Du latin subvenire (venir à l'esprit), composé de sub- (sous) et venire (venir).",présent
souvent,Elle _____ au cinéma avec ses amis le weekend.,va souvent,souvent,"De manière fréquente, régulièrement, sans être exceptionnel. C'est un adverbe qui indique la répétition habituelle d'une action.","Du latin « subinde » signifiant « de temps en temps », qui a évolué en ancien français « sovent ».",futur proche
spectacle,"Hier soir, nous avons regardé un _____ magnifique au théâtre.",spectacle,spectacle,"Une représentation théâtrale, musicale ou cinématographique destinée à divertir un public. C'est un événement organisé où des artistes se produisent devant des spectateurs.","Du latin « spectaculum », dérivé de « spectare » (regarder, observer).",passé composé
sport,Ma sœur adore jouer au _____ le weekend avec ses amis.,sport,sport,"Activité physique pratiquée selon des règles, généralement de manière compétitive ou pour le plaisir et la santé. Le sport peut être individuel ou collectif.","From English 'sport', which comes from Old French 'desport' (diversion, recreation), from 'des-' (away) + 'porter' (to carry, to conduct).",présent
spécial,Ce restaurant propose un menu _____ pour les clients végétariens.,spécial,spécial,"Qui est destiné à un usage particulier ou qui se distingue par ses caractéristiques propres. Qui est réservé ou adapté à une situation, un groupe ou un besoin particulier.","From Latin specialis, from species (appearance, form, kind).",présent
être,Ma sœur _____ une étudiante très brillante à l'université.,est,être,Verbe auxiliaire et copulatif qui exprime l'existence ou l'état d'une personne ou d'une chose. Il relie le sujet à un attribut.,"Latin esse, de la racine indo-européenne *es- signifiant « être ».",présent
star,Ma sœur est une _____ de cinéma très célèbre en France.,star,star,"Une star est une personne célèbre, notamment dans le domaine du cinéma, de la musique ou du spectacle. C'est une personnalité très connue et admirée du public.","Emprunté de l'anglais star, lui-même du vieil anglais steorra.",présent
station,Je prends le bus à la _____ chaque matin pour aller au travail.,station,station,Lieu aménagé où s'arrêtent les véhicules de transport en commun. C'est un endroit de départ ou d'arrivée pour les passagers.,"Du latin statio, dérivé de stare (être debout, se tenir)",présent
studio,Ma sœur a loué un _____ au centre-ville pour ses cours de danse.,studio,studio,"Un petit appartement ou local aménagé, généralement d'une seule pièce, utilisé pour l'habitation ou le travail professionnel. C'est aussi un lieu équipé pour la création artistique, comme la musique ou la photographie.","Du latin 'studium' (application, étude, zèle), emprunté à l'italien 'studio'.",passé composé
stupide,Cette décision était vraiment _____ de sa part.,stupide,stupide,Qui manque d'intelligence ou de bon sens ; qui est dénué de réflexion. Qualifie une personne ou une action caractérisée par l'absence de jugement.,"From Latin stupidus, from stupēre 'to be amazed or stunned'.",imparfait
style,Elle aime beaucoup son _____ de musique classique.,style,style,"Manière particulière de faire quelque chose, caractéristique distinctive d'une personne ou d'une œuvre. C'est l'ensemble des traits qui rendent quelque chose reconnaissable.","Du latin « stilus », signifiant poinçon ou stylet pour écrire, par extension la manière d'écrire, puis la manière de faire en général.",présent
succès,Le film de cet acteur a eu un grand _____ auprès du public.,succès,succès,"Le succès est le fait de réussir, d'obtenir ce qu'on souhaite ou d'être bien reçu par les autres. C'est l'aboutissement positif d'une entreprise ou d'une action.","Du latin « successus », participe passé de « succedere » (aller sous, suivre, réussir), composé de « sub- » (sous) et « cedere » (aller, marcher).",passé composé
sucre,Ma grand-mère met beaucoup de _____ dans son café le matin.,sucre,sucre,"Substance cristalline blanche ou brune, au goût sucré, extraite de la canne à sucre ou de la betterave. Elle est utilisée pour sucrer les aliments et les boissons.","Du latin médiéval sucrum, emprunté à l'arabe sukkar, lui-même emprunté au sanskrit śarkarā.",présent
sud,"La capitale du Chili est située dans la région centrale, pas trop loin du _____.",sud,sud,Direction cardinale opposée au nord. La région méridionale d'un territoire ou d'une zone géographique.,"Du latin sudus, variante de subtus (sous, en dessous).",présent
suffire,Un simple sourire _____ pour montrer ton amitié.,suffit,suffire,"Être assez, être nécessaire et suffisant pour accomplir quelque chose. Le verbe suffire signifie que quelque chose est adéquat ou satisfaisant pour un besoin ou un objectif.","Du latin sufferre (porter, supporter), composé de sub- (sous) et ferre (porter).",présent
suffisamment,Elle a mangé _____ pour ne pas avoir faim avant le match.,suffisamment,suffisamment,En quantité ou en qualité nécessaire pour satisfaire un besoin ou une exigence. C'est l'adverbe qui indique une mesure ou une quantité adéquate.,"Du latin sufficientia, dérivé de sufficiens (suffisant), composé de sub- (sous) et facere (faire).",passé composé
se suicider,Elle s'_____ après avoir perdu son emploi et sa famille.,s'est suicidée,se suicider,L'acte de se donner volontairement la mort. C'est un geste extrême souvent lié à une profonde souffrance psychologique ou à des circonstances tragiques.,"Du latin tardif 'suicidium', composé de 'sui' (de soi-même) et 'cidium' (de 'caedere', tuer).",passé composé
suis,Je _____ très occupé cette semaine avec mes projets scolaires.,suis,suis,Verbe être à la première personne du singulier au présent. Indique l'état ou la condition du sujet.,"Du latin esse, infinitif du verbe être.",présent
suite,"Après le film, nous allons prendre un café et discuter de la _____ de l'histoire.",suite,suite,La continuation ou la partie qui vient après quelque chose. C'est aussi l'ensemble des événements qui suivent dans une narration ou un développement.,"Du latin sequita, féminin de sequitus, participe passé de sequi (suivre).",futur proche
suivant,"Le jour _____, nous irons à la plage avec nos amis.",suivant,suivant,Qui vient immédiatement après dans l'ordre ou dans le temps. L'adjectif 'suivant' s'accorde en genre et en nombre avec le nom qu'il modifie.,"Du verbe latin 'sequi' (suivre), passé par le participe présent 'sequens'.",futur proche
suivre,Les étudiants _____ les instructions du professeur avec attention.,suivent,suivre,"Aller après quelqu'un ou quelque chose. Respecter ou obéir à des règles, des conseils ou des instructions.","Du latin sequi, signifiant « aller après, poursuivre ».",présent
sujet,Le professeur a expliqué le _____ de mathématiques à tous les élèves.,sujet,sujet,"Le sujet est le thème principal d'une discussion, d'une leçon ou d'un texte. C'est aussi la personne ou la chose sur laquelle porte une action ou une réflexion.","Du latin subiectus, participe passé de subicere (mettre dessous, soumettre), composé de sub (sous) et iacere (jeter).",passé composé
super,Ce film était vraiment _____ !,super,super,"Adjectif invariable signifiant excellent, formidable ou de très bonne qualité. C'est un terme familier et positif pour exprimer l'admiration.","From Latin ""super"" meaning ""above, over"", used in modern French as an adjective borrowed from English usage.",imparfait
superbe,Cette exposition d'art était absolument _____.,superbe,superbe,"Qui est d'une grande beauté, d'une excellente qualité. Adjectif qui exprime l'admiration face à quelque chose de remarquable.","Du latin superbus, signifiant « orgueilleux, altier », qui a évolué vers le sens de « magnifique, splendide ».",imparfait
supplier,Les enfants _____ leur mère de lui donner un gâteau.,supplient,supplier,"Supplier signifie demander quelque chose avec insistance et humilité, souvent en tant que prière ou demande urgente. C'est implorer quelqu'un de faire quelque chose.","From Old French supplier, from Latin supplicare (to kneel down, to beseech), from sub- (under) + plicare (to fold).",présent
supporter,Je ne peux pas _____ cette douleur au genou pendant le match.,supporter,supporter,Endurer ou tolérer quelque chose de désagréable ou de difficile. C'est aussi accepter le poids ou la charge de quelque chose.,"Du latin supportare, composé de sub- (sous) et portare (porter).",présent
suppose,Je _____ que tu viendras à la fête demain.,suppose,suppose,"Supposer signifie imaginer quelque chose comme possible ou probable, ou accepter quelque chose comme vrai pour les besoins d'un raisonnement. C'est aussi admettre une hypothèse.","Du latin suppositus, participe passé de supponere (mettre sous, placer sous), composé de sub- (sous) et ponere (mettre, placer).",présent
supposé,Les enfants _____ arriver à l'école à 8 heures du matin.,sont supposés,supposé,"Supposé signifie prétendu, considéré comme vrai ou attendu. C'est l'adjectif ou le participe passé du verbe supposer, indiquant ce qui est admis ou censé être.","Du latin suppositus, participe passé de supponere (mettre sous, substituer), composé de sub- (sous) et ponere (placer).",présent
surface,La _____ de ce lac est très grande et calme.,surface,surface,"La partie extérieure d'un corps, d'un objet ou d'une étendue d'eau. C'est la zone visible qui limite quelque chose.","Du latin superficies, composé de super (sur) et facies (face, apparence).",présent
surprendre,Les enfants _____ leurs parents en rentrant à la maison avec une bonne note.,vont surprendre,surprendre,Causer une émotion soudaine et inattendue chez quelqu'un. Frapper l'esprit par quelque chose d'imprévu.,"Du latin tardif surprendere, composé de super- (sur) et prendere (prendre).",futur proche
surprise,Ma mère nous a préparé une _____ pour mon anniversaire.,surprise,surprise,Un événement ou une action inattendue qui cause de l'étonnement ou de la joie. C'est quelque chose qu'on ne s'attendait pas à découvrir.,"From Old French surprise, feminine past participle of surprendre (to overtake, catch unawares), from sur- (over) + prendre (to take), from Latin prehendere.",passé composé
surtout,"Il faut faire attention à ta santé, _____ en hiver quand il fait très froid.",surtout,surtout,"Surtout est un adverbe qui signifie « particulièrement », « avant tout » ou « principalement ». Il s'utilise pour mettre l'accent sur un élément parmi d'autres.","Du latin « super totum » (par-dessus tout), fusion de « super » (sur, au-dessus) et « totum » (tout).",présent
surveillance,La police assure la _____ du quartier pendant la nuit.,surveillance,surveillance,L'action d'observer attentivement quelqu'un ou quelque chose pour maintenir l'ordre et la sécurité. C'est une surveillance continue et vigilante.,"From Old French survaillance, from surveiller (to watch over), from sur- (over) + veiller (to watch, from Latin vigilare)",présent
surveiller,Les parents _____ leurs enfants à l'école chaque jour.,surveillent,surveiller,Observer attentivement quelqu'un ou quelque chose pour s'assurer que tout se passe bien ou pour exercer un contrôle. C'est faire attention à quelqu'un ou quelque chose de manière constante.,"From Old French surveiller, from sur- (over) + veiller (to watch), from Latin vigilare (to keep watch).",présent
survivre,"Pendant la tempête, les marins _____ grâce à leur courage et leur expérience.",ont survécu,survivre,Rester vivant malgré un danger ou une situation difficile. C'est continuer à exister face à des circonstances adverses.,"Du latin « supervivere » : « super » (par-dessus, au-delà) + « vivere » (vivre).",passé composé
suspect,La police a arrêté le _____ qui volait dans le quartier.,suspect,suspect,Personne soupçonnée d'avoir commis un crime ou un délit. C'est quelqu'un dont on doute de l'innocence.,"From Latin suspectus, past participle of suspicere (to look up at, regard with suspicion), from sub- (under) + specere (to look).",passé composé
sympa,Mes camarades de classe sont vraiment _____.,sympas,sympa,"Adjectif invariable signifiant agréable, plaisant et facile à vivre. C'est une personne avec laquelle on aime passer du temps.","Abréviation informelle du français « sympathique », lui-même dérivé du grec « sympathikos » (συμπαθικός), composé de « syn » (avec) et « pathos » (sentiment, souffrance).",présent
système,Notre école a mis en place un _____ éducatif pour améliorer l'apprentissage des élèves.,système,système,Un ensemble organisé d'éléments interconnectés qui fonctionnent ensemble pour atteindre un objectif commun. C'est une structure ou un mécanisme complexe.,"Du latin systema, emprunté au grec systema (σύστημα), dérivé de synistanai (συνίστημι) signifiant « assembler, combiner ».",passé composé
séance,La _____ de cinéma a commencé à huit heures hier soir.,séance,séance,"Une séance est une période de temps durant laquelle se déroule une activité ou un événement, comme une projection de film, une consultation médicale ou une réunion. C'est aussi l'ensemble des personnes réunies pour cette activité.","Du latin 'sedentia', dérivé de 'sedere' (être assis), car une séance était à l'origine une période où les gens restaient assis.",passé composé
sécurité,Les employés de l'aéroport prennent leur travail de _____ très au sérieux.,sécurité,sécurité,"État de celui qui est protégé contre un danger, un risque ou une menace. La sécurité est une condition essentielle pour vivre ou travailler sans crainte.","Du latin securitas, dérivé de securus (sans inquiétude, sans danger), composé de se- (sans) et cura (souci, inquiétude).",présent
sénateur,Le _____ a voté pour la nouvelle loi au Sénat hier.,sénateur,sénateur,"Un sénateur est un membre élu du Sénat, une chambre législative qui fait partie du parlement. Il représente sa région ou son département et participe à l'adoption des lois.","Du latin ""senator"", dérivé de ""senex"" (vieillard, ancien), car le Sénat romain était composé d'anciens magistrats.",passé composé
séparer,Les parents _____ leurs deux enfants à la gare demain matin.,vont séparer,séparer,"Diviser ou écarter deux ou plusieurs choses, personnes ou éléments qui étaient ensemble. Mettre fin à une union ou une proximité.","Du latin separare, composé de se- (à part) et parare (préparer, arranger).",futur proche
série,Ma mère regarde une _____ policière tous les soirs à la télévision.,série,série,Une série est une suite d'épisodes d'un programme de télévision ou de film qui racontent une histoire continue ou des histoires indépendantes. C'est une œuvre audiovisuelle divisée en plusieurs parties diffusées progressivement.,"Du latin « series » (chaîne, succession), du verbe « serere » (enchaîner, lier).",présent
sérieusement,Elle prend _____ ses études en main pour réussir ses examens.,sérieusement,sérieusement,"D'une manière grave, sincère et déterminée, sans plaisanter ni negligence. Avec application et attention aux détails.","Du latin « serius » (grave, important) avec le suffixe adverbial « -ment ».",présent
sérieux,Cet étudiant est très _____ dans ses études.,sérieux,sérieux,"Adjectif signifiant qui mérite de l'attention, qui n'est pas plaisant. Qui agit avec application et concentration.","Du latin 'serius' signifiant grave, important.",présent
sûr,Je suis _____ que tu viendras à la fête demain.,sûr,sûr,"Certain, convaincu de la vérité ou de la réalité de quelque chose. État de confiance ou d'assurance.","Du latin « securus » (de « se » privé et « cura » souci), signifiant littéralement « sans souci ».",présent
sûrement,Tu _____ réussir cet examen si tu étudies bien.,vas sûrement,sûrement,Adverbe indiquant la certitude ou la probabilité élevée. Il exprime qu'une action ou un événement est très probable ou certain de se produire.,"Du latin « securum » (sûr, sans danger), formé avec le suffixe adverbial « -ment ».",futur proche
sœur,Ma _____ habite à Paris avec sa famille.,sœur,sœur,"Une sœur est une fille née des mêmes parents qu'une autre personne. C'est un membre de la famille, généralement du même âge ou proche en âge.","From Latin soror, from Proto-Indo-European *swesor-.",présent
table,"Ma famille et moi, nous allons manger sur la _____ ce soir.",table,table,"Meuble composé d'un plateau horizontal soutenu par des pieds, utilisé pour manger, travailler ou poser des objets. C'est un élément fondamental du mobilier domestique.","Du latin tabula, signifiant « planche » ou « plateau ».",futur proche
tableau,Le professeur dessine un diagramme sur le _____.,tableau,tableau,"Une surface plane, généralement rectangulaire, sur laquelle on écrit ou on affiche des informations. C'est un objet utilisé couramment dans les salles de classe ou les bureaux.","Du latin tabula, signifiant « planche » ou « surface plane ».",présent
taille,Ma fille a grandi et elle a changé de _____ l'année dernière.,taille,taille,"La taille est la dimension d'une personne ou d'un objet, mesurée généralement en centimètres ou en mètres. C'est aussi la dimension d'un vêtement (S, M, L, etc.).","Du latin ""tallia"", dérivé du verbe ""tailler"" (couper).",passé composé
taire,Elle a dû _____ la vérité pendant des années pour protéger sa famille.,taire,taire,"Ne pas révéler quelque chose, garder le silence sur un secret ou une information. C'est un verbe qui signifie s'abstenir de parler ou de divulguer.","Du latin tacēre (être silencieux, se taire)",passé composé
talent,Ma sœur a un vrai _____ pour la musique classique.,talent,talent,Aptitude naturelle ou acquise pour faire quelque chose avec facilité et excellence. C'est une capacité particulière dans un domaine donné.,"From Latin talentum, from Greek talanton (balance, weight, sum of money), related to the ancient unit of weight and currency.",présent
tant,Elle _____ travaillé pendant des années qu'elle n'a jamais eu de vacances.,a tant,tant,Adverbe exprimant une quantité ou une intensité considérable. Il s'utilise souvent dans les constructions de comparaison ou de conséquence.,"Du latin tantus (si grand, si considérable).",passé composé
tante,Ma _____ habite à Lyon et elle vient nous voir chaque été.,tante,tante,La sœur du père ou de la mère d'une personne. C'est un membre de la famille au premier degré collatéral.,"Du latin tanta, féminin de tantus, variante familière du latin amita (tante paternelle).",présent
tapis,Les enfants jouent sur le _____ du salon.,tapis,tapis,Un tissu épais qui recouvre le sol d'une pièce. C'est un objet de décoration et de confort.,"Du persan تپیس (tapis), emprunté via l'arabe طپیس (tapis).",présent
tard,Mon frère arrive toujours _____.,tard,tard,Le mot « tard » est un adverbe qui signifie à une heure avancée de la journée ou après l'heure prévue. Il s'oppose à « tôt ».,"Du latin tardus, signifiant « lent » ou « tardif ».",présent
tas,Il y a un grand _____ de livres sur la table de la bibliothèque.,tas,tas,"Un tas est une accumulation, un amas de choses entassées les unes sur les autres. C'est un groupe désorganisé d'objets mis ensemble.","Du latin tardif 'tassum', participe passé de 'taxare' (évaluer, estimer), avec une évolution sémantique vers le sens de 'monceau'.",présent
tasse,"Le matin, je bois mon café dans une _____ blanche.",tasse,tasse,"Récipient de petite taille, généralement cylindrique avec une anse, utilisé pour boire des boissons chaudes comme le café ou le thé. C'est un ustensile de table couramment utilisé au quotidien.","Du moyen français « tasse », emprunté à l'arabe « tâsa », qui signifie « plat » ou « coupe ».",présent
taxi,Marie a pris un _____ pour aller à l'aéroport ce matin.,taxi,taxi,"Un taxi est un véhicule automobile de transport en commun avec chauffeur, généralement identifié par une lumière sur le toit et disponible à la location à l'heure ou à la course.","Emprunté de l'anglais taxi, lui-même abréviation de taxicab, composé de taximeter (compteur) et cab (cabriolet).",passé composé
équipe,Notre _____ a remporté le match de football hier soir.,équipe,équipe,"Un groupe de personnes qui travaillent ensemble pour atteindre un objectif commun. En sport, c'est l'ensemble des joueurs représentant un club ou un pays.","From Italian squadra, from Latin exquadrare, composed of ex- (out) + quadrare (to square). The word evolved to mean a group arranged in formation.",passé composé
technique,La _____ de ce peintre est très impressionnante et reconnue dans le monde entier.,technique,technique,"La technique est l'ensemble des procédés, des méthodes et des savoir-faire utilisés pour accomplir une tâche ou créer une œuvre. C'est l'application pratique de connaissances scientifiques ou artistiques.","Du grec ancien τεχνικός (tekhnikos), dérivé de τέχνη (tékhnè, « art, métier, habileté »).",présent
technologie,Les étudiants apprennent à utiliser les dernières _____ dans leurs cours d'informatique.,technologies,technologie,"La technologie est l'ensemble des techniques, des procédés et des outils développés par l'homme pour résoudre des problèmes pratiques. Elle regroupe aussi l'application scientifique des connaissances pour créer des innovations.","Du grec ancien τέχνη (tekhne, « art, métier ») et λόγος (logos, « discours, étude »).",présent
tel,Elle recherche un emploi _____ que celui qu'elle avait avant.,tel,tel,Le mot « tel » est un adjectif ou pronom démonstratif qui signifie « de cette sorte » ou « pareil ». Il s'utilise pour comparer ou qualifier quelque chose de manière indéfinie.,"Du latin « talis » (de cette sorte, pareil).",présent
tellement,Ce gâteau est _____ délicieux que je l'ai mangé en entier.,tellement,tellement,Adverbe d'intensité qui exprime un degré très élevé de quelque chose. Il renforce l'adjectif ou l'adverbe qui le suit.,"Du latin « taliter » (de telle manière), formé sur « talis » (tel).",présent
temple,Les touristes visitent le _____ ancien au centre de la ville.,temple,temple,"Un bâtiment religieux destiné au culte et à la prière, généralement dédié à une ou plusieurs divinités. C'est un lieu sacré où se rassemblent les fidèles pour des cérémonies religieuses.","From Latin templum (a building for worship, a consecrated place), possibly from PIE *temp- (to cut, divide), referring to the marked-out sacred space.",présent
tempête,"Pendant la nuit, une terrible _____ a détruit plusieurs maisons du village.",tempête,tempête,"Une tempête est un phénomène météorologique violent caractérisé par des vents très forts et souvent accompagné de pluie, de neige ou d'orage. Elle peut causer des dommages importants aux habitations et aux infrastructures.","Du latin tempestas (saison, temps, orage), dérivé de tempus (temps).",passé composé
tenir,Elle _____ son enfant par la main dans la rue.,tient,tenir,Tenir signifie garder quelque chose ou quelqu'un avec les mains ou les bras. C'est aussi maintenir en place ou en possession.,"Du latin tenere, signifiant 'tenir, garder'.",présent
tension,Les athlètes ressentaient une grande _____ avant la compétition.,tension,tension,État de stress ou d'angoisse ressenti avant un événement important. C'est aussi la force ou la pression exercée sur quelque chose.,"Latin tensio, du verbe tendere (tendre, étirer)",imparfait
tente,"Pour camper, nous avons besoin d'une _____.",tente,tente,"Abri portatif fait de toile tendue sur une armature, utilisé notamment pour le camping. C'est un équipement de couchage temporaire en plein air.","Du latin tentus, participe passé de tendere (tendre), avec le suffixe -a pour former le nom féminin en latin tardif.",présent
tenter,Elle _____ de nouvelle recette hier soir.,a tenté,tenter,"Faire un effort pour accomplir quelque chose, essayer. Chercher à réaliser une action malgré une incertitude quant au résultat.","Du latin tentare (toucher, essayer), fréquentatif de tendere (tendre).",passé composé
tenue,Elle a porté une _____ élégante à la soirée hier soir.,tenue,tenue,Ensemble de vêtements coordonnés que porte une personne. C'est aussi la manière dont quelque chose est maintenu ou organisé.,"Du verbe tenir, participe passé féminin singulier substantivé.",passé composé
terme,"À long ___, cette décision s'avérera bénéfique pour l'entreprise.",terme,terme,"Une période de temps, une durée ou un laps de temps. Dans cette expression, « à long terme » signifie sur une longue période.","Du latin « terminus » signifiant « limite, fin, borne ».",présent
terminer,Les enfants _____ leurs devoirs avant de sortir jouer.,ont terminé,terminer,"Finir quelque chose, arriver à la fin d'une action ou d'un travail. C'est amener une activité ou un processus à son point final.","Du latin terminare, dérivé de terminus (limite, borne).",passé composé
terrain,Les enfants jouent sur le _____ près de l'école.,terrain,terrain,"Un espace de terre, généralement découvert, destiné à une activité particulière. C'est aussi une parcelle de sol où on peut construire ou cultiver.","Du latin terranum, dérivé de terra (terre).",présent
terre,Les agriculteurs cultivent la _____ pour faire pousser des légumes.,terre,terre,La terre est la substance minérale qui couvre la surface du sol et dans laquelle poussent les plantes. C'est aussi la planète sur laquelle nous vivons.,Du latin « terra »,présent
terrible,Le film que nous avons regardé hier était _____.,terrible,terrible,"Qui cause de la peur, de l'horreur ou du dégoût; qui est très mauvais, de très mauvaise qualité.","Du latin 'terribilis', dérivé de 'terrere' (faire peur, effrayer).",passé composé
test,Les étudiants doivent passer un _____ de mathématiques demain.,test,test,Évaluer ou vérifier quelque chose pour connaître son fonctionnement ou ses performances. C'est l'action de soumettre quelque chose à une épreuve.,"From English ""test"", which comes from Old French ""test"" (earthen vessel used in assaying metals), from Latin ""testum"" (earthen pot).",présent
texas,Mon ami habite au _____ depuis cinq ans.,Texas,texas,"Le Texas est un État situé dans le sud des États-Unis, connu pour ses grandes terres, son industrie pétrolière et sa culture particulière. C'est le deuxième plus grand État américain par la superficie.","Nom propre d'origine caddo (tejas, alliés ou amis).",présent
thé,"Le matin, je bois une tasse de _____ avant de partir au travail.",thé,thé,Boisson chaude préparée en infusant des feuilles séchées dans de l'eau bouillante. Le thé est consommé dans le monde entier et peut avoir différentes variétés selon sa provenance.,"Du chinois 茶 (chá), emprunté via le portugais « chá » au XVIe siècle.",présent
théorie,Les scientifiques débattent souvent de la _____ selon laquelle la Terre est plate.,théorie,théorie,"Un ensemble d'idées, de principes ou d'explications proposés pour comprendre un phénomène ou un domaine de connaissance. C'est une tentative systématique d'expliquer les observations par des principes généraux.","Du grec ancien théôría (θεωρία), dérivé de théôrós (θεωρός, « spectateur »), lui-même issu de théâ (θέα, « vue, spectacle ») et de hóran (ὁρᾶν, « voir »).",présent
théâtre,Ma sœur va aller au _____ ce soir pour voir une pièce de Shakespeare.,théâtre,théâtre,"Bâtiment ou lieu où l'on représente des pièces de théâtre, des spectacles dramatiques. C'est aussi l'art de jouer des rôles sur scène devant un public.","Du latin theatrum, emprunté au grec ancien θέατρον (théatron), de θεᾶσθαι (théasthai) « regarder ».",futur proche
tien,Ce livre est _____. Il appartient à mon frère.,tien,tien,Adjectif possessif de deuxième personne du singulier qui indique l'appartenance à la personne à qui on parle. Il s'accorde en genre et en nombre avec le nom qu'il accompagne.,"Du latin tuus, signifiant « ton, ta, tes ».",présent
tir,Les athlètes _____ leurs flèches vers la cible pendant la compétition.,tirent,tir,"Le verbe tirer signifie propulser quelque chose avec force, généralement une projectile comme une flèche ou une balle. Dans ce contexte, il s'agit de l'action de lancer des flèches vers une cible.","Du latin tardif 'tirare', d'origine obscure, possiblement d'origine germanique.",présent
tire,Elle _____ la porte de sa chambre chaque soir avant de dormir.,tire,tire,Tirer signifie exercer une force pour déplacer quelque chose vers soi. C'est un verbe d'action très courant en français.,"Du latin tardif *tirare, d'origine gauloise ou germanique.",présent
titre,Elle a obtenu son _____ universitaire l'année dernière.,titre,titre,"Un titre est un document officiel qui atteste d'un diplôme, d'une qualification ou d'un droit. C'est aussi le nom d'une œuvre littéraire, musicale ou artistique.","Du latin titulus, qui signifiait « inscription » ou « titre ».",passé composé
toi,Je pense souvent à _____.,toi,toi,"Pronom personnel tonique de deuxième personne du singulier, utilisé après une préposition ou pour l'emphase.","Du latin tu, accusatif te, avec renforcement par -oi (du latin *tibi + ipse).",présent
toilette,Elle fait sa _____ chaque matin avant de partir au travail.,toilette,toilette,"La toilette est l'action de se laver et de se préparer le matin ou le soir, ou l'ensemble des soins d'hygiène et d'apparence personnelle. C'est aussi un meuble ou un ensemble de produits destinés à ces soins.","Du français « toilette », diminutif de « toile » (tissu fin), car à l'origine ce mot désignait le petit linge ou le tissu sur lequel on disposait les objets de toilettage.",présent
toit,La maison de mes grands-parents a un vieux _____ qui a besoin de réparations.,toit,toit,La partie supérieure d'un bâtiment qui le couvre et le protège de la pluie et du soleil. C'est la structure qui couronne une maison ou un édifice.,"Du latin tectum, participe passé de tegere (couvrir).",présent
tombe,La pluie _____ depuis ce matin et les enfants ne peuvent pas jouer dehors.,tombe,tombe,Verbe signifiant descendre d'en haut vers le bas sous l'effet de la gravité. Peut aussi décrire la pluie ou la neige qui descend du ciel.,"Du latin populaire *tumba, dérivé du latin classique tumbare, lui-même d'origine germanique.",présent
tomber,Ma mère _____ de l'escalier hier et s'est cassé le bras.,est tombée,tomber,"Descendre rapidement vers le sol sous l'effet de la pesanteur, involontairement. Perdre l'équilibre et se retrouver à terre.","Du latin populaire *tumbare, probablement d'origine germanique, apparenté au gotique tumnan.",passé composé
tombée,La nuit _____ et les étoiles ont commencé à briller dans le ciel.,est tombée,tombée,"La tombée est le moment où quelque chose tombe ou s'assombrit, notamment le passage du jour à la nuit. Ce mot désigne aussi l'action de tomber ou l'état de ce qui est tombé.","Du verbe tomber, du latin populaire tumbare, probablement d'origine germanique.",passé composé
top,Ce gâteau est vraiment _____! Les enfants l'ont adoré.,top,top,"Adjectif invariable signifiant excellent, de très bonne qualité. C'est un mot familier et informel utilisé surtout à l'oral.","De l'anglais top (sommet, le meilleur), du vieil anglais topp.",présent
tort,Mon ami a eu _____ parce qu'il a oublié son portefeuille à la maison.,tort,tort,Fait d'avoir raison ou de ne pas avoir raison; erreur ou culpabilité. C'est aussi le contraire de raison.,"Du latin tortus, participe passé de torquere (tordre), d'où le sens primitif de 'contorsion' puis 'dommage' et 'injustice'.",passé composé
totalement,Elle _____ oublié son rendez-vous ce matin.,a totalement,totalement,"De manière complète, entière, sans aucune exception. C'est un adverbe qui modifie un verbe ou un adjectif pour intensifier le sens.","From Latin totalis (whole, entire) + -ment (adverbial suffix).",passé composé
toucher,Les enfants _____ le tableau pour voir s'il est mouillé.,vont toucher,toucher,Entrer en contact avec quelque chose en utilisant la main ou une partie du corps. C'est aussi percevoir par le sens du toucher.,"Du latin populaire *toccare, d'origine probablement onomatopéique ou germanique.",futur proche
tour,Elle a fait le _____ de la ville avec ses amis samedi dernier.,tour,tour,Un tour est une promenade ou une visite autour d'un lieu. C'est aussi un mouvement circulaire ou une rotation complète.,"Du latin « tornus » (tour, rotation), dérivé de « tornare » (tourner).",passé composé
tourne,La Terre _____ autour du Soleil.,tourne,tourne,Se mouvoir en effectuant un mouvement circulaire autour d'un axe ou d'un centre. C'est aussi l'action de pivoter ou de changer de direction.,"Du latin tornare, dérivé du grec tornos (compas, tour).",présent
tourner,Les enfants _____ autour du carrousel pendant que leurs parents les regardaient.,tournaient,tourner,Se mouvoir circulairement autour d'un axe ou d'un point central. Effectuer un mouvement rotatif.,"Du latin tornāre, dérivé de tornus (tour, cercle).",imparfait
tout,Elle a mangé _____ la pizza hier soir.,toute,tout,"Adjectif qui signifie l'intégralité, la totalité de quelque chose. Il s'accorde en genre et en nombre avec le nom qu'il modifie.","Du latin 'totus' signifiant 'entier, complet'.",passé composé
trace,Les enfants ont _____ leurs noms sur le mur de la classe.,ont tracé,trace,Marquer légèrement ou laisser une marque visible sur une surface. C'est aussi une ligne ou un chemin laissé par quelque chose qui a passé.,"Du latin tractiare, dérivé de tractus (participe passé de trahere, signifiant « tirer »).",passé composé
traduction,Elle a besoin d'une _____ de ce document en anglais pour son travail.,traduction,traduction,"La traduction est l'action de convertir un texte ou un discours d'une langue à une autre en conservant le sens et le message original. C'est aussi le résultat de cette action, c'est-à-dire le texte traduit.","Du latin tardif traductio, dérivé de traducere (faire passer d'un côté à l'autre), composé de trans- (à travers) et ducere (conduire).",présent
train,Le _____ part de la gare à 14 heures.,train,train,"Véhicule ferroviaire composé de plusieurs wagons tirés par une locomotive, servant au transport de voyageurs ou de marchandises. C'est un moyen de transport terrestre qui circule sur des rails.","From Old French 'train', from Latin 'traginum', from 'trahere' meaning 'to draw' or 'to pull'.",présent
traite,Les gouvernements _____ les prisonniers avec respect selon les conventions internationales.,traitent,traite,"Traiter signifie agir envers quelqu'un ou quelque chose d'une certaine manière, ou appliquer un processus à une personne ou un objet. C'est aussi négocier ou discuter d'un sujet.","Du latin tractāre, fréquentatif de trahere (tirer, conduire).",présent
traitement,Le médecin a prescrit un _____ efficace pour soigner l'infection.,traitement,traitement,Ensemble de soins ou de médicaments administrés à un patient pour guérir ou soulager une maladie. C'est aussi l'action de traiter quelque chose de manière particulière.,"Du latin tractamentum, dérivé de tractare (traiter, manier).",passé composé
traiter,Le médecin _____ le patient avec des antibiotiques.,va traiter,traiter,Appliquer un traitement à quelqu'un ou à quelque chose; soigner ou gérer une situation. Peut aussi signifier aborder un sujet de manière particulière.,"From Old French 'traitier', from Latin 'tractare', frequentative of 'trahere' (to draw, drag).",futur proche
tranquille,Ma grand-mère était très _____ quand elle lisait son livre préféré.,tranquille,tranquille,"Qui est calme, paisible et sans agitation. Qui ne trouble pas la paix ou l'ordre.","From Latin tranquillus, meaning calm or peaceful.",imparfait
travail,Elle _____ comme infirmière à l'hôpital depuis trois ans.,travaille,travail,Accomplir une activité professionnelle ou une tâche en échange d'un salaire ou par obligation. C'est l'action de fournir un effort physique ou mental pour accomplir quelque chose.,"Du latin tripalium (instrument de torture à trois pieux), utilisé métaphoriquement pour désigner un effort pénible.",présent
travailler,Mes parents _____ dans une grande entreprise depuis dix ans.,travaillent,travailler,"Exercer une activité professionnelle, accomplir une tâche ou une fonction pour gagner sa vie ou produire quelque chose.","From Old French travailler, from Vulgar Latin *tripaliare, from Latin tripalium (an instrument of torture with three stakes), used metaphorically for hard labor.",présent
travers,Les enfants jouent à _____ dans le parc sans surveillance.,travers,travers,"Le mot « travers » désigne une direction oblique ou de côté, souvent utilisé dans l'expression « à travers » signifiant « en passant par ». Il peut aussi désigner un défaut ou une habitude désagréable chez une personne.","Du latin « transversus », signifiant « tourné de l'autre côté ».",présent
traverser,"Demain, nous _____ la rivière à pied pour atteindre l'autre côté de la forêt.",allons traverser,traverser,"Passer d'un côté à l'autre d'un lieu, d'un obstacle ou d'un espace. Se déplacer à travers quelque chose.","Du latin tardif traversare, composé de trans- (à travers) et de via (chemin, voie).",futur proche
traîner,Les enfants _____ leurs pieds dans la boue pendant que leurs parents attendaient.,traînaient,traîner,"Traîner signifie déplacer quelque chose sur le sol en le tirant lentement, ou marcher sans lever les pieds correctement. C'est aussi flâner ou perdre du temps sans se presser.","Du latin populaire *tragināre, dérivé de *tragere, variante de trahere (tirer).",imparfait
tribunal,Le juge a présenté son verdict devant le _____ hier.,tribunal,tribunal,Une institution judiciaire où un juge ou plusieurs juges entendent les causes et rendent la justice. C'est le lieu où se déroulent les procès.,"Du latin tribunalis, dérivé de tribunus (tribun), magistrat romain.",passé composé
triste,Ma grand-mère était _____ quand elle a appris la mauvaise nouvelle.,triste,triste,"Qui éprouve de la tristesse, de la mélancolie ou du chagrin. État émotionnel caractérisé par une certaine morosité.","Du latin tristis, signifiant « sombre, mélancolique ».",imparfait
troisième,Ma fille est en _____ année au collège cette année.,troisième,troisième,"Qui occupe la position numéro trois dans un ordre ou une séquence. En France, la troisième année du collège est l'avant-dernière année avant le lycée.","Du latin tardif ""tertius"" (troisième), dérivé de ""tres"" (trois).",présent
trompe,Ma sœur _____ toujours ses amis avec ses blagues farfelues.,trompe,trompe,Tromper signifie induire quelqu'un en erreur ou le décevoir par une fausse apparence ou une mensonge. Cela peut aussi signifier trahir la confiance de quelqu'un.,"Du latin tardif *trumpa, d'origine germanique, signifiant à l'origine « trompette »; le sens de « tromper » s'est développé par métaphore.",présent
tromper,Ma sœur _____ son ami en lui disant qu'elle était malade.,a trompé,tromper,"Induire quelqu'un en erreur, lui faire croire quelque chose de faux. Manquer à la fidélité d'une personne.","Du latin populaire *trumpa (trompette), par extension figurée : « faire du bruit trompeur ».",passé composé
trou,Il y a un _____ dans le mur de ma maison.,trou,trou,"Une ouverture, une cavité dans quelque chose. C'est un espace vide qui traverse ou creuse une surface.","Du latin populaire *traudus, dérivé du latin classique trudere (pousser).",présent
trouver,"Hier, je _____ mes clés dans la cuisine.",ai trouvé,trouver,Découvrir quelque chose après l'avoir cherché ou par hasard. Localiser ou rencontrer une personne ou une chose.,"Du latin populaire *tropare, issu du latin classique turbare (déranger, troubler), avec influence du germanique.",passé composé
truc,Mon frère a perdu le _____ qu'il avait acheté hier à la boutique.,truc,truc,"Objet quelconque dont on ne connaît pas ou on ne veut pas dire le nom. Mot familier désignant une chose, un machin.","Origine incertaine, possiblement du languedocien 'truc' (tour, manière) ou d'une racine onomatopéique.",passé composé
trésor,Les enfants ont découvert un _____ caché dans le jardin de leur grand-mère.,trésor,trésor,"Un bien précieux, souvent de grande valeur, caché ou accumulé. C'est aussi quelque chose ou quelqu'un de très cher et estimé.","Du latin « thesaurus », emprunté au grec « thesauros » (θησαυρός), signifiant « magasin, réserve, chose précieuse ».",passé composé
faire,"Hier soir, tu _____ tes devoirs pendant deux heures.",as fait,faire,"Pronom personnel sujet de deuxième personne du singulier, utilisé pour s'adresser à une personne de manière familière ou informelle.","Du latin 'tu', pronom personnel de deuxième personne du singulier.",passé composé
tuer,Le chasseur _____ le cerf dans la forêt demain matin.,va tuer,tuer,Ôter la vie à un être vivant ; causer la mort de quelqu'un ou de quelque chose.,"Du latin populaire *tucāre, dérivé de *tucs (racine d'origine incertaine, peut-être apparentée au gotique þuk- ou au vieil anglais þēow).",futur proche
tueur,La police a arrêté le _____ qui avait commis plusieurs crimes dans la ville.,tueur,tueur,Une personne qui tue intentionnellement une autre personne. C'est un individu coupable d'homicide ou de meurtre.,"Du verbe tuer (du latin tutāre, signifiant frapper, blesser), avec le suffixe -eur formant les noms d'agent.",passé composé
tué,Le soldat _____ l'ennemi pendant la bataille.,a tué,tué,Causer la mort de quelqu'un ou d'un animal. C'est l'action d'ôter la vie à une personne ou une créature vivante.,"Du latin tūtāre (protéger, puis paradoxalement éteindre, tuer). L'étymologie est complexe et le sens s'est inversé au cours du temps.",passé composé
type,Ce _____ est vraiment sympathique.,type,type,"Un homme, un individu, une personne (langage informel). Utilisé pour désigner quelqu'un de manière désinvolte.","Du moyen français 'taper', d'origine onomatopéique imitant le bruit d'un coup.",présent
tâche,Marie doit terminer sa _____ avant la fin de la journée.,tâche,tâche,Une tâche est un travail ou une activité qu'une personne doit accomplir. C'est une mission ou un devoir à réaliser.,"Du latin taxa, lié à taxare (évaluer, estimer). À ne pas confondre avec tache (souillure), d'origine différente.",présent
télé,Ma grand-mère regarde la _____ tous les soirs avant de se coucher.,télé,télé,Appareil de réception et d'affichage de programmes audiovisuels ; également le média de transmission de ces programmes. C'est un divertissement très courant dans les foyers.,"Abréviation du mot français « télévision », formé du préfixe grec « tele » (loin) et du latin « visio » (vision).",présent
téléphone,Ma mère _____ son amie chaque dimanche pour discuter des nouvelles.,téléphone,téléphone,Appareil de communication qui permet de parler à distance avec une autre personne. C'est aussi le verbe signifiant « appeler quelqu'un par téléphone ».,"Du grec ancien τῆλε (têle, « au loin ») et φωνή (phônê, « son, voix »)",présent
télévision,Ma grand-mère regarde la _____ tous les soirs avant de dormir.,télévision,télévision,Appareil de réception et d'affichage d'images et de sons transmis par voie hertzienne ou par câble. Medium de communication de masse qui diffuse des programmes variés à un large public.,"Mot composé du préfixe grec « télé- » (signifiant « loin ») et du mot latin « visio » (signifiant « vision »), formé au début du XXe siècle pour désigner la transmission d'images à distance.",présent
témoin,Le policier a demandé au _____ de décrire ce qu'il avait vu.,témoin,témoin,Une personne qui a vu un événement et peut en témoigner. Le témoin est souvent appelé à rapporter ce qu'il a observé.,"Du latin testis (celui qui atteste, qui témoigne), par l'intermédiaire du roman.",passé composé
tête,Elle a mal à la _____ après avoir travaillé toute la journée.,tête,tête,"Partie supérieure du corps humain qui contient le cerveau, les yeux, le nez et la bouche. C'est aussi le siège de la pensée et des sensations.","Du latin testa (coquille, pot de terre), puis testum, évoluant vers le sens de tête par analogie avec l'enveloppe du crâne.",passé composé
tôt,Ma grand-mère se lève toujours _____.,tôt,tôt,Le mot « tôt » signifie dans la première partie du jour ou avant l'heure habituelle. C'est un adverbe qui indique une heure matinale ou prématurée.,"Du latin « tutum », participe passé de « tueri » (protéger, garder), évoluant par métathèse vers l'ancien français « tost » avec le sens de « vite » avant de prendre le sens de « tôt » (à une heure matinale).",présent
jouer,Les enfants _____ dans le parc pendant deux heures hier.,ont joué,jouer,Participer à une activité récréative ou sportive pour se divertir. C'est l'action de pratiquer un jeu ou une activité ludique.,"Du latin 'jocari', signifiant 'plaisanter' ou 'jouer'.",passé composé
uniforme,Le policier porte un _____ bleu et blanc pour son travail.,uniforme,uniforme,"Vêtement officiel et réglementaire porté par les membres d'une organisation, d'une institution ou d'une profession. C'est un costume identique qui marque l'appartenance à un groupe.","From Latin uniformis, from uni- (one) + forma (form, shape).",présent
unique,Cette solution est la _____ façon de résoudre ce problème difficile.,unique,unique,"Qui est seul de son espèce, sans pareil ou sans égal. Qui ne peut se reproduire ou se trouver qu'une seule fois.","From Latin unicus (sole, only one), from unus (one).",présent
uniquement,"Elle mange _____ des légumes, sans aucune viande.",uniquement,uniquement,"Adverbe signifiant « seulement » ou « exclusivement », indiquant qu'une seule chose ou un seul aspect est considéré. Il exclut toute autre possibilité ou ajout.",Du latin « unicus » (unique) + suffixe adverbial « -ment ».,présent
unité,L'équipe de foot a remporté la victoire grâce à son _____ et sa cohésion.,unité,unité,"L'unité est la qualité d'être ensemble, uni, ou la condition d'être un seul tout. C'est aussi une division d'une armée ou un groupe organisé sous un commandement.","From Latin unitas, from unus (one)",passé composé
univers,Les astronomes étudient les mystères de l'_____ depuis des siècles.,univers,univers,"L'ensemble de tout ce qui existe, incluant les planètes, les étoiles, les galaxies et l'espace. C'est la totalité de la matière, de l'énergie et de l'espace.","Du latin ""universus"" (tourné en un, entier, universel), composé de ""uni-"" (un) et ""versus"" (tourné).",présent
université,Ma sœur a étudié à l'_____ de Paris pendant trois ans.,université,université,"Une institution d'enseignement supérieur où les étudiants poursuivent des études académiques et obtiennent des diplômes de licence, master ou doctorat. C'est un établissement public ou privé qui offre une formation intellectuelle et professionnelle.","Du latin médiéval 'universitas', dérivé de 'universus' (universel), désignant originellement une association ou une corporation, puis l'association des maîtres et étudiants.",passé composé
urgence,Il y a une _____ à l'hôpital ce matin parce que beaucoup de patients sont arrivés.,urgence,urgence,Une situation qui demande une action immédiate et rapide. C'est aussi le service d'un hôpital où on traite les cas graves.,"Du latin « urgentia », dérivé de « urgere » (presser, pousser).",présent
urgent,C'est _____ que tu appelles le médecin immédiatement.,urgent,urgent,"Qui demande une action ou une attention immédiate, sans délai possible. Qui a un caractère de nécessité impérieuse.","From Latin urgēns, present participle of urgēre 'to push, press, urge'.",présent
usine,Mon père travaille dans une _____ automobile depuis dix ans.,usine,usine,Une usine est un établissement industriel où l'on fabrique des produits en grande quantité à l'aide de machines. C'est un lieu de production manufacturière.,"Du latin officina, signifiant atelier ou fabrique.",présent
utile,Ces conseils me sont très _____ pour réussir mon projet.,utiles,utile,"Qui sert à quelque chose, qui est bénéfique ou pratique. Ce qui peut être employé utilement pour atteindre un objectif.","Du latin ""utilis"" (utile), dérivé de ""uti"" (utiliser).",présent
utiliser,"Demain, nous _____ un nouveau logiciel pour améliorer notre productivité.",allons utiliser,utiliser,"Se servir de quelque chose, en faire usage. Employer un outil, un instrument ou une ressource pour accomplir une tâche.","Du latin utilisare, dérivé de utilis (utile).",futur proche
vacance,"Pendant les _____, nous allons à la plage avec nos amis.",vacances,vacance,"Période de repos et d'absence du travail ou de l'école, généralement destinée au repos et aux loisirs. Les vacances permettent de se détendre et de voyager.","Du latin « vacare » signifiant « être vide, être inoccupé ».",futur proche
vache,La _____ produit du lait tous les jours à la ferme.,vache,vache,"Animal domestique de grande taille, élevé pour son lait et sa viande. La vache est un mammifère herbivore appartenant à la famille des bovins.","From Old French vache, from Latin vacca, of uncertain origin, possibly related to Proto-Indo-European *wak- (to be awake, lively).",présent
vaisseau,Le capitaine navigueait à bord d'un grand _____ qui traversait l'océan Atlantique.,vaisseau,vaisseau,"Un grand navire, particulièrement un navire de guerre ou un bateau de commerce. Le terme est souvent utilisé pour désigner les grands bateaux des siècles passés.","Du latin vassellum, diminutif de vas (récipient, vaisseau).",imparfait
valeur,Ce tableau a une grande _____ artistique et historique.,valeur,valeur,"Qualité, importance ou mérite d'une chose. C'est aussi le prix ou l'utilité qu'on attribue à quelque chose.","Du latin « valere » signifiant « être fort, avoir du prix ».",présent
valise,"Avant de partir en vacances, ma mère a préparé sa _____ avec tous ses vêtements.",valise,valise,"Un bagage de voyage de forme rectangulaire, généralement muni d'une poignée et d'une fermeture, utilisé pour transporter des affaires. C'est un objet indispensable pour les déplacements et les voyages.","Emprunté à l'italien « valigia », dérivé du latin « valisia ».",passé composé
valoir,Cette expérience _____ beaucoup pour mon avenir professionnel.,vaut,valoir,"Avoir une certaine valeur, une certaine importance ou un certain prix. Signifie aussi mériter ou être équivalent à quelque chose.","Du latin valere (être fort, avoir de la valeur)",présent
vampire,Le _____ sortait la nuit pour chercher du sang frais dans le village.,vampire,vampire,Créature légendaire qui se nourrit du sang des vivants et qui est généralement active la nuit. Un être surnaturel réputé être un mort-vivant.,"Emprunté à l'italien vampiro, lui-même d'origine slave (cf. serbe vampir).",imparfait
veille,"La _____ du jour de l'an, nous avons préparé des crêpes ensemble.",veille,veille,Le jour qui précède un événement important ou une date particulière. C'est aussi l'action de rester éveillé ou vigilant pendant la nuit.,"Du latin vigilia, signifiant « surveillance, faction de nuit ».",présent
vendre,Ma mère _____ sa maison l'année dernière pour acheter un appartement en ville.,a vendu,vendre,Céder quelque chose à quelqu'un en échange d'argent. C'est l'action de transférer la propriété d'un bien contre une rémunération.,"Du latin vendere (vendre), composé de venum (à vendre) et dare (donner).",passé composé
vendredi,Nous allons nous rencontrer _____ pour discuter du projet.,vendredi,vendredi,"Le vendredi est le cinquième jour de la semaine, qui vient après le jeudi et avant le samedi. C'est un nom désignant l'un des sept jours du calendrier hebdomadaire.","Du latin « Veneris dies » (jour de Vénus), la déesse romaine.",futur proche
vengeance,Elle cherche la _____ contre celui qui l'a trahie.,vengeance,vengeance,Le désir ou l'action de faire du mal à quelqu'un en retour d'un tort qu'il a causé. C'est un sentiment de réparation par la violence ou la punition.,"Du latin vindicta, dérivé de vindicare (revendiquer, venger).",présent
venger,Marie a décidé de _____ son honneur après l'insulte qu'elle a reçue.,venger,venger,Punir quelqu'un pour une offense ou un tort qu'il a commis. Chercher à se faire justice en réponse à une injustice.,"Du latin ""vindicare"" signifiant ""réclamer, défendre, venger"".",présent
venir,Elle _____ à la gare demain matin.,va venir,venir,"Se déplacer vers un lieu, arriver à destination. C'est un verbe de mouvement qui indique l'action de se diriger vers un endroit.","Du latin venire, signifiant « venir, arriver ».",futur proche
vent,Le _____ souffle fort sur la mer ce matin.,vent,vent,Mouvement de l'air qui se déplace naturellement. C'est un phénomène météorologique causé par les différences de température et de pression atmosphérique.,"Du latin ventus, de la racine indo-européenne *wen- signifiant « souffler ».",présent
vente,La _____ de cette maison a été très rapide.,vente,vente,L'action de céder un bien contre une somme d'argent. C'est une transaction commerciale où le vendeur transfère la propriété à l'acheteur.,"Du latin vendita, participe passé féminin de vendere (vendre).",présent
ventre,"Après avoir mangé trop de gâteau, elle avait mal au _____.",ventre,ventre,"La partie du corps située entre la poitrine et le bassin, contenant les organes digestifs. C'est aussi le lieu où se développe un bébé pendant la grossesse.","Du latin ventrem (accusatif de venter), signifiant « ventre, abdomen ».",imparfait
verre,Je bois un _____ d'eau froide chaque matin.,verre,verre,"Un verre est un récipient transparent, généralement cylindrique, utilisé pour boire des liquides. C'est aussi l'unité de mesure équivalant à environ 250 millilitres.","Du latin vitrum, signifiant « verre ».",présent
vers,Les enfants courent _____ le parc pour jouer.,vers,vers,"Préposition indiquant la direction, l'orientation ou l'approximation dans le temps. Elle exprime le mouvement en direction de quelque chose ou une période temporelle imprécise.","Du latin versus (tourné vers), participe passé de vertere (tourner).",présent
version,J'ai lu deux _____ différentes de ce roman célèbre.,versions,version,"Une version est une forme particulière d'une œuvre, d'un texte ou d'un produit qui peut différer légèrement d'autres formes. C'est aussi l'interprétation personnelle ou la présentation d'une histoire ou d'un événement.","Du latin versio (action de tourner, de traduire), dérivé de vertere (tourner).",passé composé
vert,Ma mère a acheté une robe _____ pour la fête de mariage.,verte,vert,Vert est une couleur primaire située entre le bleu et le jaune dans le spectre lumineux. C'est aussi l'adjectif qui décrit quelque chose ayant cette couleur ou qui n'est pas mûr.,"Du latin viridis, signifiant verdoyant, frais.",passé composé
veste,Marie a acheté une nouvelle _____ pour aller au travail.,veste,veste,"Vêtement de dessus, généralement avec des manches, qui se porte sur les épaules et le torse. C'est un habit moins épais qu'un manteau mais plus chaud qu'une chemise.","From Old French veste, from Latin vestis (garment, clothing).",passé composé
viande,Ma mère a acheté de la _____ au marché ce matin pour préparer le dîner.,viande,viande,Substance musculaire des animaux servant d'aliment. C'est une source importante de protéines dans l'alimentation humaine.,"Du latin vulgaire *vianda, dérivé de vivanda (chose à vivre, nourriture), du verbe vivere (vivre).",passé composé
victime,La _____ de cet accident a été transportée à l'hôpital hier soir.,victime,victime,"Personne qui subit un dommage, une blessure ou un préjudice causé par une action, un accident ou un crime. C'est quelqu'un qui souffre des conséquences négatives d'une situation.","Du latin victima, qui désignait un animal offert en sacrifice aux dieux.",passé composé
victoire,"Après des mois de préparation, notre équipe de football a remporté une grande _____ contre l'équipe rivale.",victoire,victoire,"Un succès obtenu après une lutte, une compétition ou une bataille. C'est le fait de vaincre un adversaire ou d'atteindre un objectif difficile.","Du latin « victoria », dérivé de « victor » (vainqueur), lui-même issu de « vincere » (vaincre).",passé composé
vide,La maison était complètement _____ après le déménagement.,vide,vide,"Qui ne contient rien, qui est dépourvu de contenu ou d'occupants. Se dit d'un espace, d'un récipient ou d'un lieu sans matière ou sans personnes.","Du latin vīdus, signifiant « vide, dépourvu ».",imparfait
vidéo,Ma sœur regarde une _____ sur son téléphone tous les jours.,vidéo,vidéo,Une vidéo est un enregistrement d'images et de son qui peut être visionnée sur un écran. C'est un format médiatique très populaire sur Internet et les réseaux sociaux.,"Du latin médiéval 'video' (je vois), combiné avec le suffixe '-o' (phono, radio, etc.)",présent
vie,Ma grand-mère a eu une longue et heureuse _____.,vie,vie,Période durant laquelle une personne ou un être vivant existe. C'est l'ensemble des expériences et des jours qu'une personne traverse du début à la fin de son existence.,"Du latin vita, signifiant « vie, existence ».",passé composé
vierge,La page du livre était complètement _____ avant que je commence à écrire.,vierge,vierge,"Qui n'a pas été utilisé, touché ou marqué ; qui est dans son état original et intact. Se dit aussi d'une personne qui n'a pas eu de relations sexuelles.","Latin virgo (jeune fille, vierge), de racine indo-européenne *wer- (tourner, tordre).",imparfait
vieux,Mon grand-père a trouvé ses _____ lunettes dans le tiroir ce matin.,vieilles,vieux,"Qui a un âge avancé, qui existe depuis longtemps. L'adjectif « vieux » désigne ce qui n'est plus jeune ou qui date d'une époque révolue.","Du latin « vetulus », diminutif de « vetus » (ancien, vieux).",passé composé
vif,Les couleurs _____ du coucher de soleil illuminaient le ciel.,vives,vif,"Vif signifie intense, éclatant, plein d'énergie et de vivacité. C'est un adjectif qui décrit quelque chose d'actif, brillant ou animé.","Du latin vivus, signifiant « vivant ».",imparfait
village,Ma grand-mère habite dans un petit _____ près de la montagne.,village,village,"Une petite localité rurale moins importante qu'une ville, généralement avec peu d'habitants et de commerces. C'est un endroit calme situé à la campagne.","Du latin villa (domaine agricole, maison de campagne) + suffixe -age.",présent
vin,"Au restaurant, nous avons commandé une bouteille de _____ rouge pour accompagner notre repas.",vin,vin,Boisson alcoolisée obtenue par la fermentation du jus de raisin. Le vin est produit dans de nombreuses régions du monde et existe en plusieurs variétés selon le type de raisin et le processus de fabrication.,"Du latin vinum, emprunté à une langue méditerranéenne ancienne, probablement d'origine indo-européenne.",passé composé
vaincre,Les chevaliers _____ leurs ennemis sur le champ de bataille.,vont vaincre,vaincre,"Vaincre signifie remporter une victoire sur quelqu'un ou quelque chose, surmonter une difficulté ou un obstacle. C'est triompher de l'adversité ou de l'ennemi.","Du latin vincere, signifiant « vaincre, conquérir ».",futur proche
violence,La _____ dans les rues a effrayé les habitants du quartier.,violence,violence,Utilisation de la force physique pour faire du mal ou causer des dégâts. C'est un acte agressif et brutal dirigé contre une personne ou un bien.,"Du latin violentia, dérivé de violentus (violent, impétueux), lui-même issu de vis (force, puissance).",présent
virer,Le patron a décidé de _____ l'employé incompétent hier après-midi.,virer,virer,"Renvoyer quelqu'un de son emploi, le licencier. Faire tourner ou changer de direction.","Du latin virare, signifiant tourner ou changer de direction ; utilisé en français depuis le XVIe siècle avec le sens de rotation, puis appliqué au contexte professionnel.",passé composé
virus,Le médecin explique que le _____ se propage rapidement pendant l'hiver.,virus,virus,"Microorganisme infectieux composé d'acide nucléique entouré d'une enveloppe protéique, capable de se reproduire uniquement à l'intérieur des cellules d'un hôte. Le virus cause des maladies chez les humains, les animaux et les plantes.","Du latin virus (poison, venin), de racine indo-européenne *wis- (couler, humide)",présent
vivre,Elle _____ dans un petit appartement au centre-ville.,vit,vivre,"Habiter, résider dans un lieu. Exister, avoir la vie.","Du latin vivere (vivre), racine indo-européenne *gwei- (vivre).",présent
visage,Elle a regardé son _____ dans le miroir et a souri.,visage,visage,"La partie antérieure de la tête humaine, qui comprend le front, les yeux, le nez, la bouche et les joues. C'est aussi l'expression ou l'apparence générale d'une personne.","Du latin vīsāgium, dérivé de vīsus (apparence, vue), lui-même du verbe vidēre (voir).",passé composé
vision,Ma grand-mère a une _____ très claire de ce qui s'est passé pendant la guerre.,vision,vision,La vision est la capacité à voir ou la manière de percevoir et de comprendre quelque chose. C'est aussi une image mentale ou une perspective sur l'avenir.,"Du latin « visio » (action de voir), dérivé de « videre » (voir).",présent
visite,Je vais rendre _____ à ma grand-mère ce week-end.,visite,visite,Action d'aller voir quelqu'un ou quelque chose pour l'examiner ou passer du temps ensemble. Peut être un nom (une visite) ou un verbe (visiter).,"Du latin visita, féminin singulier du participe passé de visere (aller voir).",futur proche
visiter,"Demain, nous _____ le musée du Louvre à Paris.",allons visiter,visiter,"Aller voir un lieu, une personne ou une exposition pour découvrir ou examiner quelque chose. C'est l'action de se rendre quelque part pour observer ou passer du temps.","Du latin visitare, fréquentatif de visere (voir, aller voir).",futur proche
vite,Elle court très _____ pour attraper son bus.,vite,vite,"Adverbe qui signifie à grande vitesse, rapidement. Il décrit la manière ou la rapidité d'une action.","Du latin vīcitus (changement, vicissitude), issu de vicis (changement). Le sens de « rapidité » s'est développé par évolution sémantique.",présent
vitesse,Le coureur a augmenté sa _____ pour franchir la ligne d'arrivée.,vitesse,vitesse,La vitesse est la rapidité avec laquelle quelque chose se déplace ou se fait. C'est la distance parcourue par unité de temps.,"Du latin « velocitas », dérivé de « velox » signifiant « rapide ».",passé composé
vivant,Ma grand-mère est encore _____ à 95 ans et elle adore danser.,vivante,vivant,"Qui est en vie, qui n'est pas mort. Se dit d'une personne ou d'un être qui possède la vie.","Du latin vivus, signifiant « en vie ».",présent
vivre,Ma grand-mère _____ dans le même village pendant soixante ans.,a vécu,vivre,"Exister, passer son existence en un lieu ou dans des conditions données. C'est aussi occuper son temps et ses jours en effectuant des activités quotidiennes.","Du latin vivere, signifiant « être en vie, exister ».",passé composé
voici,_____ mon ami Jean qui arrive à la gare!,Voici,voici,Voici est une expression qui signifie « regardez » ou « c'est ici ». Elle sert à présenter quelque chose ou quelqu'un de manière immédiate et directe.,"From Old French « voi ci » (see here), composed of « voi » (imperative of voir) + « ci » (here).",présent
voie,Les trains circulent sur la _____ ferrée tous les jours.,voie,voie,"Chemin ou passage, notamment la bande de terrain sur laquelle circulent les trains ou les véhicules. C'est aussi une direction, une manière de procéder ou un domaine d'activité.","Du latin via (chemin, route).",présent
voiler,Elle _____ son visage avec un foulard pour ne pas être reconnue.,a voilé,voiler,Couvrir quelque chose avec un voile ou un tissu; dissimuler ou cacher. Le verbe signifie aussi rendre moins visible ou obscurcir.,"Du latin « velare » (couvrir d'un voile), dérivé de « velum » (voile, rideau).",passé composé
voir,"Demain, nous _____ le nouveau film au cinéma.",allons voir,voir,"Percevoir avec les yeux, observer quelque chose ou quelqu'un. C'est aussi l'action de regarder ou d'assister à un événement.","Du latin vidēre, qui signifie « regarder, percevoir ».",futur proche
voisin,Ma _____ habite dans l'appartement à côté du mien.,voisine,voisin,"Personne qui habite près de soi, généralement dans le même immeuble ou le même quartier. C'est quelqu'un avec qui on partage la proximité géographique.","Du latin « vicinus » signifiant « voisin, proche ».",présent
voiture,Ma mère a acheté une nouvelle _____ hier à la concession automobile.,voiture,voiture,"Véhicule automobile à quatre roues, généralement destiné au transport de personnes. C'est un moyen de locomotion très courant dans les sociétés modernes.","From Old French 'voiture', from Latin 'vectura' (transport, carriage), derived from 'vehere' (to carry).",passé composé
voix,La chanteuse a une belle _____ qui enchante le public.,voix,voix,Son produit par les cordes vocales lors de la parole ou du chant. C'est aussi l'ensemble des sons caractéristiques d'une personne qui parle ou chante.,"Du latin vox, vocis, signifiant « son de la voix, parole ».",présent
vol,L'oiseau _____ haut dans le ciel ce matin.,vole,vol,Se déplacer dans l'air en utilisant des ailes. C'est l'action qu'accomplissent les oiseaux et les insectes pour se mouvoir.,"Du latin volare, signifiant « voler ».",présent
volant,Le _____ de la voiture était cassé après l'accident.,volant,volant,Dispositif circulaire ou ovale que le conducteur tourne pour diriger un véhicule. C'est l'élément de commande principal pour contrôler la direction d'une automobile.,"Du verbe latin volare (voler), par le participe présent volans, -antis (volant). Le nom s'est développé en ancien français et a acquis le sens de roue de direction au XIXe siècle.",présent
voler,Les oiseaux _____ haut dans le ciel bleu ce matin.,volent,voler,Se déplacer dans l'air en utilisant des ailes. Le verbe voler signifie aussi prendre quelque chose qui appartient à quelqu'un d'autre sans permission.,"Du latin volare, signifiant « voler » ou « se mouvoir rapidement ».",présent
voleur,La police a arrêté le _____ qui avait volé le collier en diamant.,voleur,voleur,Une personne qui prend les biens d'une autre sans permission. C'est quelqu'un qui commet le crime du vol.,"From Old French voleur, from Latin volator (one who flies, thief), from volare (to fly, to steal).",passé composé
volonté,Elle a montré une grande _____ pour réussir ses examens.,volonté,volonté,Capacité ou désir de faire quelque chose avec détermination et fermeté. C'est la force de caractère qui pousse une personne à accomplir ses objectifs.,"Du latin voluntas, dérivé de volo (je veux).",passé composé
vote,Les citoyens _____ pour élire leur nouveau président.,votent,vote,Voter signifie exprimer son choix lors d'une élection en mettant un bulletin de vote dans une urne. C'est un acte civique fondamental dans une démocratie.,"Du latin votum, signifiant « vœu » ou « promesse », puis « vote ».",présent
vouloir,Elle _____ partir en vacances l'été prochain.,va vouloir,vouloir,Avoir l'intention ou le désir de faire quelque chose. Exprimer une volonté ou une aspiration.,Du latin velle « vouloir ».,futur proche
aller,"Demain, je _____ à la gare pour prendre le train de 10h.",vais,aller,Verbe aller au futur proche. Exprime une action qui se produira dans un avenir proche.,"Du latin vadere (aller, marcher)",futur proche
voyage,Mes parents _____ en Italie l'été dernier et ils ont adoré ce pays.,ont voyagé,voyage,"Un voyage est un déplacement d'un lieu à un autre, généralement sur une distance importante. C'est aussi l'action de voyager, de se déplacer pour découvrir de nouveaux endroits.","Du latin viaticum, signifiant 'provision de route', dérivé de via 'chemin'.",passé composé
vrai,Cette histoire que tu me racontes est _____.,vraie,vrai,"Qui correspond à la réalité, qui est conforme aux faits. Synonyme d'authentique ou de véritable.","Du latin vērus, signifiant 'vrai, réel'.",présent
vue,La _____ depuis la tour Eiffel est magnifique.,vue,vue,La vue est la perception visuelle d'un paysage ou d'un lieu. C'est aussi l'action de regarder ou d'observer quelque chose.,"Du latin viduta, participe passé féminin de videre (voir).",présent
véhicule,Ma mère a acheté un _____ neuf la semaine dernière.,véhicule,véhicule,"Un véhicule est un moyen de transport capable de se déplacer sur terre, sur l'eau ou dans l'air. C'est un objet motorisé ou non servant au transport de personnes ou de marchandises.","Du latin vehiculum, dérivé de vehere (porter, transporter).",passé composé
vélo,Ma sœur va à l'école tous les jours en _____.,vélo,vélo,Un vélo est un véhicule à deux roues propulsé par la force des jambes grâce à des pédales. C'est un moyen de transport écologique et économique.,"Abréviation de « vélocipède », du latin « velox » (rapide) et « pes » (pied).",présent
vérifier,Je dois _____ les informations avant de soumettre le formulaire.,vérifier,vérifier,Vérifier signifie contrôler ou examiner quelque chose pour s'assurer de son exactitude ou de son bon fonctionnement. C'est s'assurer que tout est correct ou conforme.,"Du latin médiéval verificare, composé de verus (vrai) et facere (faire).",présent
véritable,Cette entreprise offre des produits _____ de haute qualité.,véritables,véritable,"Qui est réel, authentique, qui correspond à la vérité. Qui n'est pas faux ou contrefait.","Latin veritabilis, dérivé de veritas (vérité).",présent
vérité,Marie croit que la _____ est plus importante que la beauté physique.,vérité,vérité,"La vérité est ce qui est conforme à la réalité, ce qui est exact et sincère. C'est l'absence de mensonge ou de tromperie.","Du latin veritas, dérivé de verus (vrai).",présent
vêtement,Ma mère a acheté un nouveau _____ pour la fête.,vêtement,vêtement,"Un objet qu'on porte sur le corps pour se couvrir ou se protéger. C'est un élément de l'habillement comme une robe, un pantalon ou une chemise.","Du latin vestimentum, dérivé de vestire (vêtir).",passé composé
vôtre,Cette maison est _____. Elle appartient à vos parents depuis vingt ans.,vôtre,vôtre,Adjectif possessif qui indique que quelque chose appartient à vous (forme de politesse ou pluriel). Il s'utilise en fin de phrase ou après le verbe être.,"Du latin voster, ancêtre du français votre. Le pronom possessif vôtre est la forme tonique de votre.",présent
zone,Les enfants jouent dans la _____ près de la maison.,zone,zone,"Une zone est une étendue de territoire ou d'espace délimité ayant des caractéristiques particulières. Elle peut être géographique, administrative ou fonctionnelle.","From Latin zona, from Ancient Greek ζώνη (zōnē, 'girdle, belt'), referring to a region or area.",présent
zéro,Mon fils a eu _____ en mathématiques à son dernier contrôle.,zéro,zéro,"Chiffre qui représente l'absence de quantité, la valeur nulle. En contexte scolaire, c'est la note la plus basse.","Du latin médiéval zephyrum, emprunté à l'arabe صفر (ṣifr) signifiant « vide ».",passé composé
âge,"Ma grand-mère a soixante-dix ans, mais elle ne veut jamais dire son _____.",âge,âge,Le nombre d'années qu'une personne a vécues depuis sa naissance. C'est une caractéristique importante qui marque les différentes étapes de la vie humaine.,"Du latin « aetās », qui signifie « âge » ou « époque ».",présent
âme,La _____ de cet artiste était remplie de passion et de créativité.,âme,âme,"L'âme est considérée comme le principe spirituel ou immatériel d'une personne, distinct du corps physique. C'est aussi la partie profonde et essence d'un être ou d'une chose.","Du latin « anima » signifiant « souffle, vie, âme ».",présent
échange,Nous avons fait un _____ de cadeaux à Noël.,échange,échange,Échange est l'action de donner quelque chose à quelqu'un en recevant quelque chose en retour. C'est un acte de partage ou de commerce entre deux personnes ou groupes.,"Du latin 'excambiare', composé de 'ex-' (hors de) et 'cambiare' (changer), passant par l'ancien français 'eschange'.",passé composé
échapper,Le prisonnier _____ par la fenêtre de sa cellule la nuit dernière.,a échappé,échapper,"Partir en secret ou contre la volonté de quelqu'un; se libérer d'une situation, d'un danger ou d'une captivité.","Du latin ex- (hors de) + cappa (cape, manteau), par l'ancien français eschaper (sortir de sa cape, s'enfuir).",passé composé
échec,"Après plusieurs tentatives, son _____ à l'examen l'a découragé.",échec,échec,"Résultat négatif, insuccès dans une tentative ou une entreprise. C'est l'opposé de la réussite.","Du moyen français « eschec », du provençal « escac », de l'arabe « aš-šāh » (le roi au jeu d'échecs), via l'italien « scacco ».",passé composé
échouer,Elle _____ à son examen de mathématiques la semaine dernière.,a échoué,échouer,"Ne pas réussir, ne pas atteindre un objectif ou ne pas obtenir un résultat positif. Échouer signifie aussi subir un revers ou une défaite.","Du moyen français 'eschuer', du verbe 'eschoir' (tomber, déchoir), du latin 'excadere' (tomber de, sortir de).",passé composé
école,Ma fille va à _____ tous les jours pour apprendre à lire et à écrire.,l'école,école,Établissement d'enseignement où les enfants reçoivent une instruction scolaire. C'est un lieu où les élèves apprennent les matières fondamentales et développent leurs compétences.,"Du latin « schola », emprunté au grec « σχολή » (scholé), signifiant « loisir, repos » puis « lieu d'étude ».",futur proche
écouter,Ma mère _____ la radio tous les matins pendant le petit-déjeuner.,écoute,écouter,"Écouter signifie prêter attention aux sons, à la musique ou à la parole de quelqu'un. C'est l'action de percevoir et de comprendre ce qu'on entend.","Du latin « auscultare » (écouter, prêter l'oreille), formé de « auris » (oreille) et « cultus » (cultivé, soigné).",présent
écran,Je regarde un film sur mon _____.,écran,écran,"Surface plane sur laquelle on affiche des images, des textes ou des informations visuelles, comme sur un ordinateur, une télévision ou un téléphone.","Du moyen français « escran », emprunté au germanique « skrank » (barrière, séparation).",présent
écrire,Ma sœur _____ une lettre à son amie chaque semaine.,écrit,écrire,"Tracer des caractères, des lettres ou des mots sur une surface, généralement du papier. C'est l'action de composer un texte en utilisant l'écriture.","Du latin ""scribere""",présent
éducation,L'_____ est fondamentale pour le développement des enfants.,éducation,éducation,"L'éducation est le processus de transmission de connaissances, de valeurs et de compétences aux enfants ou aux jeunes. Elle vise à former des individus capables de s'intégrer dans la société et de contribuer à son développement.","Du latin « educatio », dérivé de « educare » (élever, nourrir), composé de « e- » (hors de) et « ducere » (conduire, mener).",présent
égal,Ces deux solutions ne sont pas _____; l'une est meilleure que l'autre.,égales,égal,"Qui est identique en valeur, en importance ou en quantité. Qui a les mêmes droits ou le même statut.","Du latin aequalis, dérivé de aequus (égal, plat, juste).",présent
également,"Marie aime les fruits, et son frère _____ les légumes.",également,également,De la même manière; aussi. Mot adverbial qui indique une similitude ou une égalité dans une action ou une qualité.,"Du latin « æqualiter » (de manière égale), dérivé de « æqualis » (égal).",présent
église,"Chaque dimanche, ma grand-mère va à la _____ pour prier.",église,église,Bâtiment religieux destiné au culte chrétien où les fidèles se réunissent pour participer aux services religieux. C'est un lieu de culte important dans la tradition chrétienne.,"Du latin ecclēsia, emprunté au grec ἐκκλησία (ekklēsía, « assemblée »), dérivé de ἐκ (ek, « hors de ») et καλέω (kaléō, « appeler »).",présent
élevé,Le prix de cette maison est _____ à cause de sa belle vue sur la mer.,élevé,élevé,"Qui est à un niveau haut, supérieur à la moyenne. Se dit d'une quantité, d'un niveau ou d'une position qui dépasse le normal.","Du latin 'elevatus', participe passé d'élevare (lever, soulever), composé de 'e-' (hors de) et 'levare' (lever).",présent
élève,Cet _____ est très intelligent et travailleur.,élève,élève,"Personne qui suit un enseignement scolaire ou universitaire. Le verbe élever signifie aussi augmenter, grandir ou éduquer.","Du latin 'elevare', composé de 'e-' (hors de) et 'levare' (lever), signifiant littéralement 'lever vers le haut'.",présent
émission,Ma mère regarde une _____ de télévision tous les soirs.,émission,émission,Un programme de radio ou de télévision diffusé à une heure particulière. C'est une production audiovisuelle destinée au public.,"Du latin « emissio » (action d'envoyer), dérivé du verbe « emittere » (envoyer, émettre).",présent
énergie,Les athlètes ont besoin de beaucoup d'_____ pour courir un marathon.,énergie,énergie,"Capacité à agir, à travailler ou à produire un effort physique ou mental. Force vitale qui permet à une personne ou à un système de fonctionner.","Du latin energia, lui-même du grec ancien ἐνέργεια (energeia), dérivé de ἐν (en, « dans ») et ἔργον (ergon, « travail »).",présent
énorme,La tour Eiffel est _____ et attire des millions de touristes chaque année.,énorme,énorme,"Qui est très grand, de dimensions exceptionnelles. Ce qui dépasse considérablement la taille ou l'importance normale.","Latin enoramis, composé de e- (intensif) et norma (règle, mesure)",présent
épisode,J'ai regardé le dernier _____ de ma série préférée hier soir.,épisode,épisode,Une partie d'une série télévisée ou d'une histoire qui forme une unité complète. C'est une division d'une œuvre de fiction diffusée régulièrement.,"Du latin « episodium », emprunté au grec « ἐπεισόδιον » (epeisódion), composé de « ἐπί » (epí, « sur ») et « εἴσοδος » (eisodos, « entrée »).",passé composé
époque,"À cette _____, les gens portaient des vêtements très différents d'aujourd'hui.",époque,époque,Une période de temps caractérisée par des événements ou des traits particuliers. C'est un moment historique ou une phase dans l'histoire.,"Du grec ancien ἐποχή (epochḗ), signifiant « arrêt, cessation », passé au latin epocha, puis au français.",présent
épouse,Mon ami _____ une femme très intelligente l'année dernière.,a épousé,épouse,Prendre quelqu'un pour mari ou pour femme dans le cadre d'un mariage. C'est l'acte de se marier avec une personne.,"Du latin sponsus, participe passé de spondere (promettre, fiancer).",passé composé
épouser,Ma cousine _____ un homme qu'elle a rencontré en Italie l'été dernier.,va épouser,épouser,Prendre quelqu'un pour époux ou épouse ; se marier avec une personne. C'est l'acte de former une union matrimoniale officielle.,"Du latin « sponsare » (fiancer), dérivé de « spondere » (promettre, s'engager).",futur proche
épreuve,Les athlètes ont affronté une _____ difficile lors de la compétition.,épreuve,épreuve,"Une épreuve est un test, une compétition ou une difficulté à surmonter. C'est aussi une situation qui met à l'épreuve la capacité ou la résistance d'une personne.","Du latin ex- (hors de) et probāre (approuver, tester), signifiant littéralement « mettre à l'essai ».",passé composé
épée,Le chevalier a dégainé son _____ pour combattre l'ennemi.,épée,épée,Arme blanche formée d'une lame longue et pointue fixée à une poignée. C'est une arme traditionnelle utilisée par les guerriers et les chevaliers.,"Du latin spatha, emprunté au grec σπάθη (spáthē), qui désignait une lame plate.",passé composé
équipage,L'_____ du navire était composé de marins expérimentés qui connaissaient bien la mer.,équipage,équipage,Ensemble des personnes qui travaillent à bord d'un navire ou d'un aéronef pour le faire fonctionner. C'est aussi le groupe de cavaliers qui participe à une chasse.,"Du moyen français 'esquipage', dérivé de 'esquiper' (équiper), du néerlandais 'schip' (navire).",présent
étage,Ma grand-mère habite au troisième _____.,étage,étage,Un étage est chacun des niveaux horizontaux d'un bâtiment situé à une hauteur différente. C'est l'espace entre deux planchers successifs d'une maison ou d'un immeuble.,"From Old French estage, from Vulgar Latin *statica, from Latin stans (standing), referring to a level or platform.",présent
étape,La première _____ du Tour de France était très difficile pour les cyclistes.,étape,étape,"Une étape est une portion de parcours, généralement dans une course ou un voyage, qui se termine à un point d'arrivée défini. C'est aussi une halte ou une pause lors d'un déplacement.","From Old French estape, from Middle Dutch stape, from Proto-Germanic *stapaz.",présent
état,La France est un _____ démocratique en Europe.,état,état,Une _____ est une forme d'organisation politique et administrative d'un territoire et de sa population. C'est aussi la condition ou la situation d'une personne ou d'une chose.,"Du latin status (position, condition), dérivé du verbe stare (se tenir debout).",présent
étiez,Vous _____ en train de préparer le dîner quand je suis arrivé.,étiez,étiez,Deuxième personne du pluriel de l'imparfait du verbe être. Indique un état ou une action en cours dans le passé.,"Du latin esse, infinitif du verbe être.",imparfait
étoile,"La nuit dernière, j'ai regardé une belle _____ dans le ciel.",étoile,étoile,"Astre lumineux qui brille dans le ciel nocturne, composé de gaz en fusion. C'est aussi un symbole de lumière et d'espoir dans de nombreuses cultures.","Du latin stella, qui vient du proto-indo-européen *h₂stér- (étoile, astre).",passé composé
étonnant,C'est vraiment _____ que tu aies réussi cet examen difficile!,étonnant,étonnant,"Qui cause de la surprise, de l'admiration ou de l'étonnement. Quelque chose d'inattendu ou de remarquable.","Du verbe étonnare, du latin tonare (tonner, faire du bruit). Le préfixe é- intensifie l'action.",présent
étrange,Les comportements de cet enfant sont vraiment _____.,étranges,étrange,"Qui est inhabituel, surprenant ou difficile à comprendre. Qui provoque de la curiosité ou de l'étonnement.","Du latin « extraneus » (extérieur, étranger), formé de « extra- » (hors de) et « -aneus ».",présent
étranger,Mon ami a rencontré un _____ à la gare qui parlait plusieurs langues.,étranger,étranger,Une personne qui vient d'un autre pays ou qu'on ne connaît pas. C'est aussi un adjectif qui signifie « qui appartient à un autre pays ».,"Du latin « extraneus », composé de « extra » (hors de) et « -aneus » (suffixe adjectival).",passé composé
étude,Les étudiants ont commencé leur _____ de mathématiques hier soir.,étude,étude,"L'étude est l'action d'apprendre, d'examiner attentivement un sujet ou une matière. C'est aussi un travail scolaire ou académique qu'on doit faire.","From Old French estudie, from Latin studium (eagerness, dedication, study), from studēre (to be eager, to study).",passé composé
étudiant,Les _____ étudient la littérature française dans la bibliothèque universitaire.,étudiants,étudiant,Une personne qui suit des études dans un établissement d'enseignement supérieur ou secondaire. L'étudiant acquiert des connaissances et des compétences dans sa discipline.,"Du latin medieval ""studiosus"" (studieux, appliqué), dérivé de ""studium"" (étude, zèle).",présent
étudier,Mes amies _____ l'histoire médiévale depuis trois ans.,étudient,étudier,"Acquérir des connaissances sur un sujet en lisant, en écoutant des cours ou en faisant des recherches. C'est l'action d'apprendre de manière structurée.","Du latin 'studium' (application, zèle, désir d'apprendre), lui-même dérivé du verbe 'studere' (s'appliquer à, se consacrer à).",présent
évidemment,C'est _____ que tu as oublié les clés à la maison.,évidemment,évidemment,"De manière évidente, claire et manifeste. C'est une adverbe qui exprime une certitude ou une réalité incontestable.","From Latin ""evidens"" (evident, clear), formed from ""e-"" (out) + ""vidēns"" (seeing), related to ""vidēre"" (to see).",présent
évident,C'est _____ que tu dois étudier pour réussir l'examen.,évident,évident,"Qui est clair, manifeste, facile à comprendre ou à percevoir. Qui ne fait aucun doute.","Du latin « evidens », participe présent d'« evidere » (voir clairement), composé de « e- » (hors de) et « videre » (voir).",présent
éviter,Elle _____ de prendre l'autoroute pour ne pas être en retard.,va éviter,éviter,Ne pas faire quelque chose pour empêcher un problème ou un danger. Chercher à se soustraire à une obligation ou une situation désagréable.,"Du latin evitare, composé de e- (hors de) et vitare (blâmer, éviter).",futur proche
œil,Mon grand-père a un problème à l'_____; il doit porter des lunettes.,œil,œil,Organe de la vision situé dans l'orbite du crâne. C'est la partie du corps qui permet de voir et de percevoir les couleurs et les formes.,"Du latin oculus, lui-même d'origine indo-européenne.",présent
œuvre,Les artistes _____ sur ce projet depuis plusieurs mois pour créer quelque chose d'exceptionnel.,œuvrent,œuvre,"Œuvrer signifie travailler, agir ou s'efforcer pour accomplir quelque chose. C'est un verbe qui exprime l'action de contribuer à la réalisation d'un objectif.","Du latin opera (travail, effort), qui a donné le nom œuvre et le verbe œuvrer.",présent
